StockCode,Description,positive_sales_gbp,cancellation_value_gbp,other_negative_value_gbp,net_value_gbp,cancellation_value_rate_pct,sales_share_pct,positive_sales_rank,net_value_rank
22423,REGENCY CAKESTAND 3 TIER,174156.54,9697.05,0.00,164459.49,5.57,1.70,1,1
23843,"PAPER CRAFT , LITTLE BIRDIE",168469.60,168469.60,0.00,0.00,100.00,1.64,2,3898
85123A,WHITE HANGING HEART T-LIGHT HOLDER,104462.75,6624.30,0.00,97838.45,6.34,1.02,3,3
47566,PARTY BUNTING,99445.23,1201.35,0.00,98243.88,1.21,0.97,4,2
85099B,JUMBO BAG RED RETROSPOT,94159.81,1984.02,0.00,92175.79,2.11,0.92,5,4
23166,MEDIUM CERAMIC TOP STORAGE JAR,81700.92,77479.64,0.00,4221.28,94.83,0.80,6,580
23084,RABBIT NIGHT LIGHT,66870.03,208.40,0.00,66661.63,0.31,0.65,7,5
22086,PAPER CHAIN KIT 50'S CHRISTMAS,64875.59,1160.35,0.00,63715.24,1.79,0.63,8,6
84879,ASSORTED COLOUR BIRD ORNAMENT,58927.62,135.20,0.00,58792.42,0.23,0.58,9,7
79321,CHILLI LIGHTS,54096.36,349.70,0.00,53746.66,0.65,0.53,10,8
22502,PICNIC BASKET WICKER SMALL,51408.77,385.25,0.00,51023.52,0.75,0.50,11,9
22197,POPCORN HOLDER,51334.47,366.55,0.00,50967.92,0.71,0.50,12,10
23298,SPOTTY BUNTING,43148.18,482.81,0.00,42665.37,1.12,0.42,13,11
22386,JUMBO BAG PINK POLKADOT,42401.01,816.58,0.00,41584.43,1.93,0.41,14,12
23203,JUMBO BAG VINTAGE DOILY,42030.34,1076.40,0.00,40953.94,2.56,0.41,15,13
21137,BLACK RECORD COVER FRAME,40633.38,55.17,0.00,40578.21,0.14,0.40,16,14
23284,DOORMAT KEEP CALM AND COME IN,38133.64,1601.25,0.00,36532.39,4.20,0.37,17,16
22720,SET OF 3 CAKE TINS PANTRY DESIGN,38108.89,730.10,0.00,37378.79,1.92,0.37,18,15
22960,JAM MAKING SET WITH JARS,37082.13,1012.79,0.00,36069.34,2.73,0.36,19,17
82484,WOOD BLACK BOARD ANT WHITE FINISH,35966.92,170.95,0.00,35795.97,0.48,0.35,20,18
20725,LUNCH BAG RED RETROSPOT,35862.36,854.70,0.00,35007.66,2.38,0.35,21,19
22178,VICTORIAN GLASS HANGING T-LIGHT,33146.82,638.40,0.00,32508.42,1.93,0.32,22,21
22114,HOT WATER BOTTLE TEA AND SYMPATHY,32973.44,310.10,0.00,32663.34,0.94,0.32,23,20
22910,PAPER CHAIN KIT VINTAGE CHRISTMAS,32843.84,931.45,0.00,31912.39,2.84,0.32,24,24
22112,CHOCOLATE HOT WATER BOTTLE,32826.58,548.88,0.00,32277.70,1.67,0.32,25,22
85099F,JUMBO BAG STRAWBERRY,32495.59,448.49,0.00,32047.10,1.38,0.32,26,23
22469,HEART OF WICKER SMALL,32094.60,207.95,0.00,31886.65,0.65,0.31,27,25
23245,SET OF 3 REGENCY CAKE TINS,31118.55,421.50,0.00,30697.05,1.35,0.30,28,26
21931,JUMBO STORAGE BAG SUKI,30764.01,602.33,0.00,30161.68,1.96,0.30,29,28
22727,ALARM CLOCK BAKELIKE RED,30644.87,266.25,0.00,30378.62,0.87,0.30,30,27
23199,JUMBO BAG APPLES,30450.69,1309.25,0.00,29141.44,4.30,0.30,31,30
22470,HEART OF WICKER LARGE,30098.11,189.50,0.00,29908.61,0.63,0.29,32,29
22355,CHARLOTTE BAG SUKI DESIGN,29254.15,113.59,0.00,29140.56,0.39,0.29,33,31
22699,ROSES REGENCY TEACUP AND SAUCER,29056.92,1150.35,0.00,27906.57,3.96,0.28,34,34
23355,HOT WATER BOTTLE KEEP CALM,28718.80,417.60,0.00,28301.20,1.45,0.28,35,32
22411,JUMBO SHOPPER VINTAGE RED PAISLEY,28577.10,622.47,0.00,27954.63,2.18,0.28,36,33
20685,DOORMAT RED RETROSPOT,28049.54,461.22,0.00,27588.32,1.64,0.27,37,36
85099C,JUMBO  BAG BAROQUE BLACK WHITE,28047.74,510.88,0.00,27536.86,1.82,0.27,38,37
22457,NATURAL SLATE HEART CHALKBOARD,27991.61,152.60,0.00,27839.01,0.55,0.27,39,35
23201,JUMBO BAG ALPHABET,27850.83,1076.02,0.00,26774.81,3.86,0.27,40,39
22726,ALARM CLOCK BAKELIKE GREEN,27155.28,153.75,0.00,27001.53,0.57,0.27,41,38
21175,GIN + TONIC DIET METAL SIGN,27029.97,3775.33,0.00,23254.64,13.97,0.26,42,58
84347,ROTATING SILVER ANGELS T-LIGHT HLDR,26425.58,321.60,0.00,26103.98,1.22,0.26,43,41
21915,RED  HARMONICA IN BOX,26294.08,83.75,0.00,26210.33,0.32,0.26,44,40
22666,RECIPE BOX PANTRY YELLOW DESIGN,26219.95,421.05,0.00,25798.90,1.61,0.26,45,42
84946,ANTIQUE SILVER T-LIGHT GLASS,25843.38,372.96,0.00,25470.42,1.44,0.25,46,44
22629,SPACEBOY LUNCH BOX,25719.02,92.70,0.00,25626.32,0.36,0.25,47,43
22961,JAM MAKING SET PRINTED,25637.78,425.75,0.00,25212.03,1.66,0.25,48,46
48138,DOORMAT UNION FLAG,25534.15,97.50,0.00,25436.65,0.38,0.25,49,45
21181,PLEASE ONE PERSON METAL SIGN,25225.48,169.70,0.00,25055.78,0.67,0.25,50,47
23173,REGENCY TEAPOT ROSES,24879.13,436.40,0.00,24442.73,1.75,0.24,51,48
21621,VINTAGE UNION JACK BUNTING,24525.83,238.00,0.00,24287.83,0.97,0.24,52,50
22111,SCOTTIE DOG HOT WATER BOTTLE,24455.39,544.45,0.00,23910.94,2.23,0.24,53,53
22722,SET OF 6 SPICE TINS PANTRY DESIGN,24436.26,118.00,0.00,24318.26,0.48,0.24,54,49
22326,ROUND SNACK BOXES SET OF4 WOODLAND,24364.87,118.00,0.00,24246.87,0.48,0.24,55,51
22138,BAKING SET 9 PIECE RETROSPOT,24185.27,311.10,0.00,23874.17,1.29,0.24,56,54
48187,DOORMAT NEW ENGLAND,24108.39,31.80,0.00,24076.59,0.13,0.24,57,52
21731,RED TOADSTOOL LED NIGHT LIGHT,23919.78,281.30,0.00,23638.48,1.18,0.23,58,55
48185,DOORMAT FAIRY CAKE,23872.91,4554.90,0.00,19318.01,19.08,0.23,59,89
23344,JUMBO BAG 50'S CHRISTMAS,23772.07,486.96,0.00,23285.11,2.05,0.23,60,57
23243,SET OF TEA COFFEE SUGAR TINS PANTRY,23489.42,545.55,0.00,22943.87,2.32,0.23,61,60
22189,CREAM HEART CARD HOLDER,23435.82,31.60,0.00,23404.22,0.13,0.23,62,56
21733,RED HANGING HEART T-LIGHT HOLDER,23199.24,152.95,0.00,23046.29,0.66,0.23,63,59
21929,JUMBO BAG PINK VINTAGE PAISLEY,23179.06,387.07,0.00,22791.99,1.67,0.23,64,62
82482,WOODEN PICTURE FRAME WHITE FINISH,23057.06,581.55,0.00,22475.51,2.52,0.23,65,66
20713,JUMBO BAG OWLS,23001.06,431.43,0.00,22569.63,1.88,0.22,66,65
21623,VINTAGE UNION JACK MEMOBOARD,22980.24,39.80,0.00,22940.44,0.17,0.22,67,61
22139,RETROSPOT TEA SET CERAMIC 11 PC,22868.26,195.30,0.00,22672.96,0.85,0.22,68,63
22090,PAPER BUNTING RETROSPOT,22785.06,196.40,0.00,22588.66,0.86,0.22,69,64
22697,GREEN REGENCY TEACUP AND SAUCER,22755.50,393.05,0.00,22362.45,1.73,0.22,70,67
85066,CREAM SWEETHEART MINI CHEST,22594.20,448.05,0.00,22146.15,1.98,0.22,71,69
22383,LUNCH BAG SUKI DESIGN,22486.34,223.80,0.00,22262.54,1.00,0.22,72,68
20727,LUNCH BAG  BLACK SKULL.,22346.96,202.20,0.00,22144.76,0.90,0.22,73,70
15056N,EDWARDIAN PARASOL NATURAL,22152.69,337.45,0.00,21815.24,1.52,0.22,74,72
48194,DOORMAT HEARTS,22114.42,23.85,0.00,22090.57,0.11,0.22,75,71
20712,JUMBO BAG WOODLAND ANIMALS,22092.42,426.46,0.00,21665.96,1.93,0.22,76,74
84029E,RED WOOLLY HOTTIE WHITE HEART.,22025.73,256.45,0.00,21769.28,1.16,0.21,77,73
23202,JUMBO BAG VINTAGE LEAF,21810.43,442.46,0.00,21367.97,2.03,0.21,78,78
20724,RED RETROSPOT CHARLOTTE BAG,21773.39,170.31,0.00,21603.08,0.78,0.21,79,75
20728,LUNCH BAG CARS BLUE,21699.48,327.50,0.00,21371.98,1.51,0.21,80,77
22630,DOLLY GIRL LUNCH BOX,21609.79,478.65,0.00,21131.14,2.21,0.21,81,80
21523,DOORMAT FANCY FONT HOME SWEET HOME,21593.74,40.05,0.00,21553.69,0.19,0.21,82,76
23209,LUNCH BAG VINTAGE DOILY,21418.82,65.80,0.00,21353.02,0.31,0.21,83,79
21843,RED RETROSPOT CAKE STAND,21354.30,2480.50,0.00,18873.80,11.62,0.21,84,90
21212,PACK OF 72 RETROSPOT CAKE CASES,21246.45,199.38,0.00,21047.07,0.94,0.21,85,81
21928,JUMBO BAG SCANDINAVIAN BLUE PAISLEY,21144.41,484.53,0.00,20659.88,2.29,0.21,86,84
21166,COOK WITH WINE METAL SIGN,20874.44,161.10,0.00,20713.34,0.77,0.20,87,83
23206,LUNCH BAG APPLE DESIGN,20852.58,97.15,0.00,20755.43,0.47,0.20,88,82
22659,LUNCH BOX I LOVE LONDON,20781.65,546.00,0.00,20235.65,2.63,0.20,89,86
22728,ALARM CLOCK BAKELIKE PINK,20672.15,153.75,0.00,20518.40,0.74,0.20,90,85
71477,COLOUR GLASS. STAR T-LIGHT HOLDER,20650.66,3443.62,0.00,17207.04,16.68,0.20,91,104
21479,WHITE SKULL HOT WATER BOTTLE,20582.20,635.93,0.00,19946.27,3.09,0.20,92,87
84997D,CHILDRENS CUTLERY POLKADOT PINK,19728.20,108.75,0.00,19619.45,0.55,0.19,93,88
82494L,WOODEN FRAME ANTIQUE WHITE,19599.49,910.95,0.00,18688.54,4.65,0.19,94,91
22501,PICNIC BASKET WICKER LARGE,19302.26,873.20,0.00,18429.06,4.52,0.19,95,94
22328,ROUND SNACK BOXES SET OF 4 FRUITS,19094.97,1691.50,0.00,17403.47,8.86,0.19,96,103
22467,GUMBALL COAT RACK,18798.67,337.50,0.00,18461.17,1.80,0.18,97,93
22969,HOMEMADE JAM SCENTED CANDLES,18771.15,185.80,0.00,18585.35,0.99,0.18,98,92
15036,ASSORTED COLOURS SILK FAN,18569.84,505.68,0.00,18064.16,2.72,0.18,99,96
20914,SET/5 RED RETROSPOT LID GLASS BOWLS,18357.75,300.85,0.00,18056.90,1.64,0.18,100,97
82486,WOOD S/3 CABINET ANT WHITE FINISH,18343.92,585.90,0.00,17758.02,3.19,0.18,101,100
20726,LUNCH BAG WOODLAND,18283.78,134.90,0.00,18148.88,0.74,0.18,102,95
21108,FAIRY CAKE FLANNEL ASSORTED COLOUR,18056.28,6591.42,0.00,11464.86,36.50,0.18,103,181
22382,LUNCH BAG SPACEBOY DESIGN,18031.31,242.35,0.00,17788.96,1.34,0.18,104,99
22693,GROW A FLYTRAP OR SUNFLOWER IN TIN,17927.45,90.00,0.00,17837.45,0.50,0.17,105,98
22835,HOT WATER BOTTLE I AM SO POORLY,17892.96,1679.70,0.00,16213.26,9.39,0.17,106,117
22865,HAND WARMER OWL DESIGN,17786.13,258.05,0.00,17528.08,1.45,0.17,107,102
21485,RETROSPOT HEART HOT WATER BOTTLE,17663.98,99.00,0.00,17564.98,0.56,0.17,108,101
22698,PINK REGENCY TEACUP AND SAUCER,17445.56,387.50,0.00,17058.06,2.22,0.17,109,107
22384,LUNCH BAG PINK POLKADOT,17388.99,236.20,0.00,17152.79,1.36,0.17,110,105
22077,6 RIBBONS RUSTIC CHARM,17186.62,56.10,0.00,17130.52,0.33,0.17,111,106
22385,JUMBO BAG SPACEBOY DESIGN,17071.59,215.14,0.00,16856.45,1.26,0.17,112,108
23240,SET OF 4 KNICK KNACK TINS DOILY,17000.17,206.70,0.00,16793.47,1.22,0.17,113,112
82583,HOT BATHS METAL SIGN,16946.26,133.46,0.00,16812.80,0.79,0.17,114,109
22492,MINI PAINT SET VINTAGE,16937.82,127.40,0.00,16810.42,0.75,0.17,115,110
21754,HOME BUILDING BLOCK WORD,16923.47,118.60,0.00,16804.87,0.70,0.17,116,111
20719,WOODLAND CHARLOTTE BAG,16744.45,87.40,0.00,16657.05,0.52,0.16,117,113
22993,SET OF 4 PANTRY JELLY MOULDS,16478.48,85.00,0.00,16393.48,0.52,0.16,118,114
84978,HANGING HEART JAR T-LIGHT HOLDER,16453.78,206.59,0.00,16247.19,1.26,0.16,119,115
22624,IVORY KITCHEN SCALES,16378.71,137.70,0.00,16241.01,0.84,0.16,120,116
84078A,SET/4 WHITE RETRO STORAGE CUBES,16363.30,1248.25,0.00,15115.05,7.63,0.16,121,126
23301,GARDENERS KNEELING PAD KEEP CALM,16327.35,168.90,0.00,16158.45,1.03,0.16,122,118
21232,STRAWBERRY CERAMIC TRINKET BOX,16248.80,442.00,0.00,15806.80,2.72,0.16,123,121
84029G,KNITTED UNION FLAG HOT WATER BOTTLE,16148.04,58.00,0.00,16090.04,0.36,0.16,124,119
84997B,CHILDRENS CUTLERY RETROSPOT RED,16045.97,127.50,0.00,15918.47,0.79,0.16,125,120
85152,HAND OVER THE CHOCOLATE   SIGN,15928.73,135.22,0.00,15793.51,0.85,0.16,126,122
15056BL,EDWARDIAN PARASOL BLACK,15828.84,652.50,0.00,15176.34,4.12,0.15,127,125
23313,VINTAGE CHRISTMAS BUNTING,15798.66,64.35,0.00,15734.31,0.41,0.15,128,123
22379,RECYCLING BAG RETROSPOT,15607.59,122.65,0.00,15484.94,0.79,0.15,129,124
82483,WOOD 2 DRAWER CABINET WHITE FINISH,15123.92,1225.85,0.00,13898.07,8.11,0.15,130,136
22084,PAPER CHAIN KIT EMPIRE,15099.37,120.95,0.00,14978.42,0.80,0.15,131,127
22900,SET 2 TEA TOWELS I LOVE LONDON,14938.43,552.60,0.00,14385.83,3.70,0.15,132,129
84997C,CHILDRENS CUTLERY POLKADOT BLUE,14497.03,22.90,0.00,14474.13,0.16,0.14,133,128
22752,SET 7 BABUSHKA NESTING BOXES,14427.97,952.00,0.00,13475.97,6.60,0.14,134,145
22847,BREAD BIN DINER STYLE IVORY,14389.34,711.80,0.00,13677.54,4.95,0.14,135,140
22866,HAND WARMER SCOTTY DOG DESIGN,14366.52,209.10,0.00,14157.42,1.46,0.14,136,132
48184,DOORMAT ENGLISH ROSE,14300.15,47.70,0.00,14252.45,0.33,0.14,137,130
22507,MEMO BOARD RETROSPOT  DESIGN,14193.35,33.95,0.00,14159.40,0.24,0.14,138,131
23200,JUMBO BAG PEARS,14188.96,243.63,0.00,13945.33,1.72,0.14,139,135
22625,RED KITCHEN SCALES,14082.20,198.05,0.00,13884.15,1.41,0.14,140,138
22867,HAND WARMER BIRD DESIGN,14061.89,111.30,0.00,13950.59,0.79,0.14,141,134
22083,PAPER CHAIN KIT RETROSPOT,14051.64,165.20,0.00,13886.44,1.18,0.14,142,137
21930,JUMBO STORAGE BAG SKULLS,14006.20,6.24,0.00,13999.96,0.04,0.14,143,133
23343,JUMBO BAG VINTAGE CHRISTMAS,13972.71,505.68,0.00,13467.03,3.62,0.14,144,146
22622,BOX OF VINTAGE ALPHABET BLOCKS,13931.31,151.35,0.00,13779.96,1.09,0.14,145,139
20971,PINK BLUE FELT CRAFT TRINKET BOX,13828.10,1405.01,0.00,12423.09,10.16,0.13,146,164
84077,WORLD WAR 2 GLIDERS ASSTD DESIGNS,13814.01,253.92,0.00,13560.09,1.84,0.13,147,142
22941,CHRISTMAS LIGHTS 10 REINDEER,13795.92,429.25,0.00,13366.67,3.11,0.13,148,147
23077,DOUGHNUT LIP GLOSS,13695.77,75.00,0.00,13620.77,0.55,0.13,149,141
22171,3 HOOK PHOTO SHELF ANTIQUE WHITE,13611.81,859.35,0.00,12752.46,6.31,0.13,150,155
22551,PLASTERS IN TIN SPACEBOY,13602.11,47.85,0.00,13554.26,0.35,0.13,151,143
21524,DOORMAT SPOTTY HOME SWEET HOME,13572.06,48.90,0.00,13523.16,0.36,0.13,152,144
23356,LOVE HOT WATER BOTTLE,13334.32,53.55,0.00,13280.77,0.40,0.13,153,148
22554,PLASTERS IN TIN WOODLAND ANIMALS,13328.27,47.85,0.00,13280.42,0.36,0.13,154,149
22558,CLOTHES PEGS RETROSPOT PACK 24,13325.87,66.58,0.00,13259.29,0.50,0.13,155,150
23207,LUNCH BAG ALPHABET DESIGN,13325.55,659.60,0.00,12665.95,4.95,0.13,156,156
23108,SET OF 10 LED DOLLY LIGHTS,13290.52,317.60,0.00,12972.92,2.39,0.13,157,152
23328,SET 6 SCHOOL MILK BOTTLES IN CRATE,13269.49,29.64,0.00,13239.85,0.22,0.13,158,151
22776,SWEETHEART CAKESTAND 3 TIER,13078.78,863.00,0.00,12215.78,6.60,0.13,159,167
82600,NO SINGING METAL SIGN,12833.18,73.30,0.00,12759.88,0.57,0.13,160,154
22499,WOODEN UNION JACK BUNTING,12792.25,23.80,0.00,12768.45,0.19,0.12,161,153
22113,GREY HEART HOT WATER BOTTLE,12763.08,104.25,0.00,12658.83,0.82,0.12,162,157
22427,ENAMEL FLOWER JUG CREAM,12647.26,243.90,0.00,12403.36,1.93,0.12,163,166
20750,RED RETROSPOT MINI CASES,12634.98,47.70,0.00,12587.28,0.38,0.12,164,158
20749,ASSORTED COLOUR MINI CASES,12550.57,63.60,0.00,12486.97,0.51,0.12,165,160
20723,STRAWBERRY CHARLOTTE BAG,12548.15,62.71,0.00,12485.44,0.50,0.12,166,161
22607,WOODEN ROUNDERS GARDEN SET,12531.57,36.90,0.00,12494.67,0.29,0.12,167,159
21790,VINTAGE SNAP CARDS,12510.01,72.25,0.00,12437.76,0.58,0.12,168,163
22188,BLACK HEART CARD HOLDER,12483.22,3.95,0.00,12479.27,0.03,0.12,169,162
21755,LOVE BUILDING BLOCK WORD,12435.86,23.80,0.00,12412.06,0.19,0.12,170,165
22568,FELTCRAFT CUSHION OWL,12413.89,540.66,0.00,11873.23,4.36,0.12,171,173
22424,ENAMEL BREAD BIN CREAM,12358.33,342.60,0.00,12015.73,2.77,0.12,172,170
22149,FELTCRAFT 6 FLOWER FRIENDS,12357.08,1158.30,0.00,11198.78,9.37,0.12,173,190
23174,REGENCY SUGAR BOWL GREEN,12342.43,345.20,0.00,11997.23,2.80,0.12,174,171
21977,PACK OF 60 PINK PAISLEY CAKE CASES,12226.32,55.55,0.00,12170.77,0.45,0.12,175,168
48188,DOORMAT WELCOME PUPPIES,12107.02,40.05,0.00,12066.97,0.33,0.12,176,169
47590B,PINK HAPPY BIRTHDAY BUNTING,12050.12,124.10,0.00,11926.02,1.03,0.12,177,172
22273,FELTCRAFT DOLL MOLLY,12001.59,3512.65,0.00,8488.94,29.27,0.12,178,271
22191,IVORY DINER WALL CLOCK,11911.65,2653.70,0.00,9257.95,22.28,0.12,179,244
21430,SET/3 RED GINGHAM ROSE STORAGE BOX,11905.95,144.03,0.00,11761.92,1.21,0.12,180,174
22087,PAPER BUNTING WHITE LACE,11872.58,223.80,0.00,11648.78,1.89,0.12,181,177
22193,RED DINER WALL CLOCK,11857.07,192.95,0.00,11664.12,1.63,0.12,182,176
22158,3 HEARTS HANGING DECORATION RUSTIC,11797.38,71.75,0.00,11725.63,0.61,0.12,183,175
23300,GARDENERS KNEELING PAD CUP OF TEA,11785.99,231.60,0.00,11554.39,1.97,0.12,184,178
21936,RED RETROSPOT PICNIC BAG,11665.19,157.10,0.00,11508.09,1.35,0.11,185,180
23581,JUMBO BAG PAISLEY PARK,11581.83,224.76,0.00,11357.07,1.94,0.11,186,183
22692,DOORMAT WELCOME TO OUR HOME,11539.06,23.85,0.00,11515.21,0.21,0.11,187,179
21217,RED RETROSPOT ROUND CAKE TINS,11522.44,89.55,0.00,11432.89,0.78,0.11,188,182
22730,ALARM CLOCK BAKELIKE IVORY,11453.40,187.50,0.00,11265.90,1.64,0.11,189,186
21481,FAWN BLUE HOT WATER BOTTLE,11443.87,239.60,0.00,11204.27,2.09,0.11,190,189
22356,CHARLOTTE BAG PINK POLKADOT,11417.74,201.53,0.00,11216.21,1.77,0.11,191,188
21216,"SET 3 RETROSPOT TEA,COFFEE,SUGAR",11382.81,78.50,0.00,11304.31,0.69,0.11,192,184
22041,"RECORD FRAME 7"" SINGLE SIZE",11354.56,93.75,0.00,11260.81,0.83,0.11,193,187
21080,SET/20 RED RETROSPOT PAPER NAPKINS,11312.56,14.45,0.00,11298.11,0.13,0.11,194,185
21340,CLASSIC METAL BIRDCAGE PLANT HOLDER,11300.02,298.20,0.00,11001.82,2.64,0.11,195,194
22605,WOODEN CROQUET GARDEN SET,11276.21,97.00,0.00,11179.21,0.86,0.11,196,191
47566B,TEA TIME PARTY BUNTING,11275.27,3692.95,0.00,7582.32,32.75,0.11,197,307
22570,FELTCRAFT CUSHION RABBIT,11204.97,832.35,0.00,10372.62,7.43,0.11,198,206
23170,REGENCY TEA PLATE ROSES,11097.25,1046.30,0.00,10050.95,9.43,0.11,199,213
22413,METAL SIGN TAKE IT OR LEAVE IT,11095.94,53.10,0.00,11042.84,0.48,0.11,200,192
22662,LUNCH BAG DOLLY GIRL DESIGN,11060.88,28.05,0.00,11032.83,0.25,0.11,201,193
20711,JUMBO BAG TOYS,11014.62,40.31,0.00,10974.31,0.37,0.11,202,195
85014B,RED RETROSPOT UMBRELLA,10952.20,11.90,0.00,10940.30,0.11,0.11,203,196
85048,15CM CHRISTMAS GLASS BALL 20 LIGHTS,10910.61,307.95,0.00,10602.66,2.82,0.11,204,200
71459,HANGING JAM JAR T-LIGHT HOLDER,10858.89,105.88,0.00,10753.01,0.98,0.11,205,197
22988,SOLDIERS EGG CUP,10858.31,132.78,0.00,10725.53,1.22,0.11,206,198
22617,BAKING SET SPACEBOY DESIGN,10745.05,142.15,0.00,10602.90,1.32,0.10,207,199
22846,BREAD BIN DINER STYLE RED,10676.62,416.70,0.00,10259.92,3.90,0.10,208,209
22734,SET OF 6 RIBBONS VINTAGE CHRISTMAS,10610.04,86.70,0.00,10523.34,0.82,0.10,209,201
21891,TRADITIONAL WOODEN SKIPPING ROPE,10504.85,59.32,0.00,10445.53,0.56,0.10,210,203
21791,VINTAGE HEADS AND TAILS CARD GAME,10504.40,45.00,0.00,10459.40,0.43,0.10,211,202
47590A,BLUE HAPPY BIRTHDAY BUNTING,10491.75,114.80,0.00,10376.95,1.09,0.10,212,205
84755,COLOUR GLASS T-LIGHT HOLDER HANGING,10487.05,44.85,0.00,10442.20,0.43,0.10,213,204
23208,LUNCH BAG VINTAGE LEAF DESIGN,10441.91,109.85,0.00,10332.06,1.05,0.10,214,207
22992,REVOLVER WOODEN RULER,10373.99,1193.40,0.00,9180.59,11.50,0.10,215,248
22169,FAMILY ALBUM WHITE PICTURE FRAME,10345.76,257.55,0.00,10088.21,2.49,0.10,216,212
21914,BLUE HARMONICA IN BOX,10339.81,45.00,0.00,10294.81,0.44,0.10,217,208
84947,ANTIQUE SILVER TEA GLASS ENGRAVED,10229.77,38.29,0.00,10191.48,0.37,0.10,218,210
23582,VINTAGE DOILY JUMBO BAG RED,10206.41,222.68,0.00,9983.73,2.18,0.10,219,215
22970,LONDON BUS COFFEE MUG,10140.60,33.60,0.00,10107.00,0.33,0.10,220,211
21218,RED SPOTTY BISCUIT TIN,10116.49,165.25,0.00,9951.24,1.63,0.10,221,220
22569,FELTCRAFT CUSHION BUTTERFLY,10110.83,658.38,0.00,9452.45,6.51,0.10,222,234
22556,PLASTERS IN TIN CIRCUS PARADE,10061.86,108.90,0.00,9952.96,1.08,0.10,223,219
22621,TRADITIONAL KNITTING NANCY,10053.65,64.75,0.00,9988.90,0.64,0.10,224,214
23171,REGENCY TEA PLATE GREEN,10051.99,146.25,0.00,9905.74,1.45,0.10,225,221
22633,HAND WARMER UNION JACK,10023.72,54.60,0.00,9969.12,0.54,0.10,226,216
20679,EDWARDIAN PARASOL RED,10021.42,53.55,0.00,9967.87,0.53,0.10,227,217
48173C,DOORMAT BLACK FLOCK,10000.66,40.95,0.00,9959.71,0.41,0.10,228,218
22690,DOORMAT HOME SWEET HOME BLUE,9943.70,48.30,0.00,9895.40,0.49,0.10,229,223
23076,ICE CREAM SUNDAE LIP GLOSS,9935.76,35.00,0.00,9900.76,0.35,0.10,230,222
84997A,CHILDRENS CUTLERY POLKADOT GREEN,9933.88,49.95,0.00,9883.93,0.50,0.10,231,224
22619,SET OF 6 SOLDIER SKITTLES,9895.04,15.00,0.00,9880.04,0.15,0.10,232,225
22654,DELUXE SEWING KIT,9893.00,193.35,0.00,9699.65,1.95,0.10,233,228
22791,T-LIGHT GLASS FLUTED ANTIQUE,9873.88,192.75,0.00,9681.13,1.95,0.10,234,229
22555,PLASTERS IN TIN STRONGMAN,9841.83,34.65,0.00,9807.18,0.35,0.10,235,226
21314,SMALL GLASS HEART TRINKET POT,9798.98,270.15,0.00,9528.83,2.76,0.10,236,233
22838,3 TIER CAKE TIN RED AND CREAM,9765.11,1671.60,0.00,8093.51,17.12,0.10,237,283
22766,PHOTO FRAME CORNICE,9755.09,156.35,0.00,9598.74,1.60,0.10,238,230
22561,WOODEN SCHOOL COLOURING SET,9741.57,405.00,0.00,9336.57,4.16,0.10,239,242
21559,STRAWBERRY LUNCH BOX WITH CUTLERY,9735.38,35.25,0.00,9700.13,0.36,0.10,240,227
22144,CHRISTMAS CRAFT LITTLE FRIENDS,9662.28,92.40,0.00,9569.88,0.96,0.09,241,232
22844,VINTAGE CREAM DOG FOOD CONTAINER,9661.32,227.80,0.00,9433.52,2.36,0.09,242,235
23175,REGENCY MILK JUG PINK,9587.15,225.50,0.00,9361.65,2.35,0.09,243,240
22560,TRADITIONAL MODELLING CLAY,9572.32,1.06,0.00,9571.26,0.01,0.09,244,231
22978,PANTRY ROLLING PIN,9564.98,272.61,0.00,9292.37,2.85,0.09,245,243
22456,NATURAL SLATE CHALKBOARD LARGE,9534.67,326.80,0.00,9207.87,3.43,0.09,246,246
35970,ZINC FOLKART SLEIGH BELLS,9512.73,121.17,0.00,9391.56,1.27,0.09,247,237
22952,60 CAKE CASES VINTAGE CHRISTMAS,9512.07,140.40,0.00,9371.67,1.48,0.09,248,238
21174,POTTERING IN THE SHED METAL SIGN,9405.76,0.00,0.00,9405.76,0.00,0.09,249,236
85150,LADIES & GENTLEMEN METAL SIGN,9383.43,12.30,0.00,9371.13,0.13,0.09,250,239
84375,SET OF 20 KIDS COOKIE CUTTERS,9383.15,27.30,0.00,9355.85,0.29,0.09,251,241
21155,RED RETROSPOT PEG BAG,9296.30,510.60,0.00,8785.70,5.49,0.09,252,263
23319,BOX OF 6 MINI 50'S CRACKERS,9219.53,244.97,0.00,8974.56,2.66,0.09,253,254
22749,FELTCRAFT PRINCESS CHARLOTTE DOLL,9216.16,0.00,0.00,9216.16,0.00,0.09,254,245
22966,GINGERBREAD MAN COOKIE CUTTER,9202.15,6.25,0.00,9195.90,0.07,0.09,255,247
84991,60 TEATIME FAIRY CAKE CASES,9169.97,95.70,0.00,9074.27,1.04,0.09,256,250
23318,BOX OF 6 MINI VINTAGE CRACKERS,9162.41,368.71,0.00,8793.70,4.02,0.09,257,262
20972,PINK CREAM FELT CRAFT TRINKET BOX,9128.06,30.00,0.00,9098.06,0.33,0.09,258,249
23080,RED METAL BOX TOP SECRET,9117.62,90.75,0.00,9026.87,1.00,0.09,259,252
48116,DOORMAT MULTICOLOUR STRIPE,9080.68,24.15,0.00,9056.53,0.27,0.09,260,251
22729,ALARM CLOCK BAKELIKE ORANGE,9068.95,115.89,0.00,8953.06,1.28,0.09,261,255
22759,SET OF 3 NOTEBOOKS IN PARCEL,9027.44,39.60,0.00,8987.84,0.44,0.09,262,253
22989,SET 2 PANTRY DESIGN TEA TOWELS,8999.27,78.00,0.00,8921.27,0.87,0.09,263,257
22632,HAND WARMER RED RETROSPOT,8982.83,59.15,0.00,8923.68,0.66,0.09,264,256
22771,CLEAR DRAWER KNOB ACRYLIC EDWARDIAN,8930.44,37.50,0.00,8892.94,0.42,0.09,265,258
23322,LARGE WHITE HEART OF WICKER,8878.21,169.85,0.00,8708.36,1.91,0.09,266,264
82582,AREA PATROLLED METAL SIGN,8858.79,39.90,0.00,8818.89,0.45,0.09,267,260
23439,HAND WARMER RED LOVE HEART,8855.51,0.00,0.00,8855.51,0.00,0.09,268,259
21889,WOODEN BOX OF DOMINOES,8847.29,32.50,0.00,8814.79,0.37,0.09,269,261
84945,MULTI COLOUR SILVER T-LIGHT HOLDER,8744.43,97.46,0.00,8646.97,1.11,0.09,270,265
22947,WOODEN ADVENT CALENDAR RED,8714.24,72.92,0.00,8641.32,0.84,0.09,271,266
23256,CHILDRENS CUTLERY SPACEBOY,8667.07,338.00,0.00,8329.07,3.90,0.08,272,279
22147,FELTCRAFT BUTTERFLY HEARTS,8621.14,1103.65,0.00,7517.49,12.80,0.08,273,309
22652,TRAVEL SEWING KIT,8612.07,24.75,0.00,8587.32,0.29,0.08,274,267
23534,WALL ART STOP FOR TEA,8608.90,41.65,0.00,8567.25,0.48,0.08,275,268
22795,SWEETHEART RECIPE BOOK STAND,8571.25,78.45,0.00,8492.80,0.92,0.08,276,270
23082,SET 6 PAPER TABLE LANTERN HEARTS,8558.76,103.16,0.00,8455.60,1.21,0.08,277,273
23078,ICE CREAM PEN LIP GLOSS,8553.34,60.00,0.00,8493.34,0.70,0.08,278,269
21035,SET/2 RED RETROSPOT TEA TOWELS,8536.85,550.00,0.00,7986.85,6.44,0.08,279,286
84378,SET OF 3 HEART COOKIE CUTTERS,8518.40,90.00,0.00,8428.40,1.06,0.08,280,275
23493,VINTAGE DOILY TRAVEL SEWING KIT,8497.98,11.40,0.00,8486.58,0.13,0.08,281,272
21484,CHICK GREY HOT WATER BOTTLE,8495.42,147.60,0.00,8347.82,1.74,0.08,282,278
23535,WALL ART BICYCLE SAFETY,8440.24,5.95,0.00,8434.29,0.07,0.08,283,274
23321,SMALL WHITE HEART OF WICKER,8438.54,64.35,0.00,8374.19,0.76,0.08,284,277
71053,WHITE METAL LANTERN,8419.32,139.77,0.00,8279.55,1.66,0.08,285,280
21213,PACK OF 72 SKULL CAKE CASES,8414.59,26.40,0.00,8388.19,0.31,0.08,286,276
21210,SET OF 72 RETROSPOT PAPER  DOILIES,8368.39,173.65,0.00,8194.74,2.08,0.08,287,281
22768,FAMILY PHOTO FRAME CORNICE,8258.59,355.30,0.00,7903.29,4.30,0.08,288,290
72741,GRAND CHOCOLATECANDLE,8196.00,36.25,0.00,8159.75,0.44,0.08,289,282
22192,BLUE DINER WALL CLOCK,8189.29,168.30,0.00,8020.99,2.06,0.08,290,285
22725,ALARM CLOCK BAKELIKE CHOCOLATE,8153.60,180.00,0.00,7973.60,2.21,0.08,291,287
84380,SET OF 3 BUTTERFLY COOKIE CUTTERS,8153.56,98.75,0.00,8054.81,1.21,0.08,292,284
22655,VINTAGE RED KITCHEN CABINET,8125.00,1730.50,0.00,6394.50,21.30,0.08,293,392
22804,CANDLEHOLDER PINK HANGING HEART,8102.95,455.20,0.00,7647.75,5.62,0.08,294,303
22667,RECIPE BOX RETROSPOT,8045.10,225.35,0.00,7819.75,2.80,0.08,295,294
22909,SET OF 20 VINTAGE CHRISTMAS NAPKINS,8041.18,195.19,0.00,7845.99,2.43,0.08,296,292
21121,SET/10 RED POLKADOT PARTY CANDLES,7998.85,90.00,0.00,7908.85,1.13,0.08,297,289
22616,PACK OF 12 LONDON TISSUES,7975.98,8.16,0.00,7967.82,0.10,0.08,298,288
21770,OPEN CLOSED METAL SIGN,7923.93,29.70,0.00,7894.23,0.37,0.08,299,291
22487,WHITE WOOD GARDEN PLANT LADDER,7909.28,232.80,0.00,7676.48,2.94,0.08,300,301
22940,FELTCRAFT CHRISTMAS FAIRY,7890.25,99.50,0.00,7790.75,1.26,0.08,301,295
22352,LUNCH BOX WITH CUTLERY RETROSPOT,7860.97,40.80,0.00,7820.17,0.52,0.08,302,293
22968,ROSE COTTAGE KEEPSAKE BOX,7851.98,188.85,0.00,7663.13,2.41,0.08,303,302
21136,PAINTED METAL PEARS ASSORTED,7793.14,15.21,0.00,7777.93,0.20,0.08,304,296
23238,SET OF 4 KNICK KNACK TINS LONDON,7771.61,65.60,0.00,7706.01,0.84,0.08,305,298
22173,METAL 4 HOOK HANGER FRENCH CHATEAU,7767.80,279.77,0.00,7488.03,3.60,0.08,306,312
22557,PLASTERS IN TIN VINTAGE PAISLEY,7762.24,44.55,0.00,7717.69,0.57,0.08,307,297
21908,CHOCOLATE THIS WAY METAL SIGN,7752.22,54.60,0.00,7697.62,0.70,0.08,308,299
23204,CHARLOTTE BAG APPLES DESIGN,7741.94,138.34,0.00,7603.60,1.79,0.08,309,306
23007,SPACEBOY BABY GIFT SET,7741.75,101.70,0.00,7640.05,1.31,0.08,310,304
48111,DOORMAT 3 SMILEY CATS,7708.48,15.90,0.00,7692.58,0.21,0.08,311,300
21258,VICTORIAN SEWING BOX LARGE,7674.80,679.75,0.00,6995.05,8.86,0.07,312,333
84406B,CREAM CUPID HEARTS COAT HANGER,7653.17,162.50,0.00,7490.67,2.12,0.07,313,311
84970S,HANGING HEART ZINC T-LIGHT HOLDER,7650.31,20.20,0.00,7630.11,0.26,0.07,314,305
84949,SILVER HANGING T-LIGHT HOLDER,7622.64,412.35,0.00,7210.29,5.41,0.07,315,323
21231,SWEETHEART CERAMIC TRINKET BOX,7617.28,188.08,0.00,7429.20,2.47,0.07,316,315
22991,GIRAFFE WOODEN RULER,7604.89,1185.90,0.00,6418.99,15.59,0.07,317,388
21955,DOORMAT UNION JACK GUNS AND ROSES,7580.82,0.00,0.00,7580.82,0.00,0.07,318,308
22585,PACK OF 6 BIRDY GIFT TAGS,7547.89,56.25,0.00,7491.64,0.75,0.07,319,310
22627,MINT KITCHEN SCALES,7521.89,117.21,0.00,7404.68,1.56,0.07,320,316
22367,CHILDRENS APRON SPACEBOY DESIGN,7508.58,68.25,0.00,7440.33,0.91,0.07,321,314
22750,FELTCRAFT PRINCESS LOLA DOLL,7491.83,22.50,0.00,7469.33,0.30,0.07,322,313
21668,RED STRIPE CERAMIC DRAWER KNOB,7481.16,102.67,0.00,7378.49,1.37,0.07,323,317
22381,TOY TIDY PINK POLKADOT,7433.74,56.45,0.00,7377.29,0.76,0.07,324,318
84836,ZINC METAL HEART DECORATION,7418.07,43.75,0.00,7374.32,0.59,0.07,325,319
22741,FUNKY DIVA PEN,7363.86,43.35,0.00,7320.51,0.59,0.07,326,320
23382,BOX OF 6 CHRISTMAS CAKE DECORATIONS,7356.18,63.75,0.00,7292.43,0.87,0.07,327,321
21169,YOU'RE CONFUSING ME METAL SIGN,7301.77,29.22,0.00,7272.55,0.40,0.07,328,322
23083,SET 6 PAPER TABLE LANTERN STARS,7250.90,214.17,0.00,7036.73,2.95,0.07,329,329
20969,RED FLORAL FELTCRAFT SHOULDER BAG,7229.43,491.91,0.00,6737.52,6.80,0.07,330,363
22179,SET 10 NIGHT OWL LIGHTS,7226.20,178.95,0.00,7047.25,2.48,0.07,331,328
22631,CIRCUS PARADE LUNCH BOX,7199.57,64.35,0.00,7135.22,0.89,0.07,332,324
22485,SET OF 2 WOODEN MARKET CRATES,7190.35,76.50,0.00,7113.85,1.06,0.07,333,325
22767,TRIPLE PHOTO FRAME CORNICE,7173.55,348.25,0.00,6825.30,4.85,0.07,334,347
22634,CHILDS BREAKFAST SET SPACEBOY,7161.30,381.85,0.00,6779.45,5.33,0.07,335,356
21787,RAIN PONCHO RETROSPOT,7161.10,420.00,0.00,6741.10,5.87,0.07,336,362
22553,PLASTERS IN TIN SKULLS,7132.12,138.60,0.00,6993.52,1.94,0.07,337,334
22950,36 DOILIES VINTAGE CHRISTMAS,7131.55,413.65,0.00,6717.90,5.80,0.07,338,364
22637,PIGGY BANK RETROSPOT,7111.18,136.20,0.00,6974.98,1.92,0.07,339,337
22834,HAND WARMER BABUSHKA DESIGN,7105.33,306.05,0.00,6799.28,4.31,0.07,340,354
21669,BLUE STRIPE CERAMIC DRAWER KNOB,7091.15,115.01,0.00,6976.14,1.62,0.07,341,336
22505,MEMO BOARD COTTAGE DESIGN,7084.42,24.75,0.00,7059.67,0.35,0.07,342,326
21259,VICTORIAN SEWING BOX SMALL,7077.20,92.20,0.00,6985.00,1.30,0.07,343,335
23236,STORAGE TIN VINTAGE DOILY,7059.97,95.37,0.00,6964.60,1.35,0.07,344,338
23320,GIANT 50'S CHRISTMAS CRACKER,7053.57,37.57,0.00,7016.00,0.53,0.07,345,331
22663,JUMBO BAG DOLLY GIRL DESIGN,7051.20,21.45,0.00,7029.75,0.30,0.07,346,330
21912,VINTAGE SNAKES & LADDERS,7047.70,0.00,0.00,7047.70,0.00,0.07,347,327
22333,RETROSPOT PARTY BAG + STICKER SET,7043.94,135.30,0.00,6908.64,1.92,0.07,348,344
23215,JINGLE BELL HEART ANTIQUE SILVER,7038.40,214.80,0.00,6823.60,3.05,0.07,349,348
22946,WOODEN ADVENT CALENDAR CREAM,7030.22,237.75,0.00,6792.47,3.38,0.07,350,355
23543,WALL ART KEEP CALM,7010.76,0.00,0.00,7010.76,0.00,0.07,351,332
23283,DOORMAT VINTAGE LEAF,7003.38,57.45,0.00,6945.93,0.82,0.07,352,340
23293,SET OF 12 FAIRY CAKE BAKING CASES,6989.54,26.56,0.00,6962.98,0.38,0.07,353,339
22839,3 TIER CAKE TIN GREEN AND CREAM,6981.67,209.30,0.00,6772.37,3.00,0.07,354,357
22170,PICTURE FRAME WOOD TRIPLE PORTRAIT,6977.60,118.65,0.00,6858.95,1.70,0.07,355,345
21922,UNION STRIPE WITH FRINGE  HAMMOCK,6944.36,0.00,0.00,6944.36,0.00,0.07,356,341
21165,BEWARE OF THE CAT METAL SIGN,6935.70,20.28,0.00,6915.42,0.29,0.07,357,343
21094,SET/6 RED SPOTTY PAPER PLATES,6933.26,0.00,0.00,6933.26,0.00,0.07,358,342
21877,HOME SWEET HOME MUG,6932.78,1134.32,0.00,5798.46,16.36,0.07,359,428
22109,FULL ENGLISH BREAKFAST PLATE,6921.15,114.39,0.00,6806.76,1.65,0.07,360,352
22840,ROUND CAKE TIN VINTAGE RED,6903.79,158.00,0.00,6745.79,2.29,0.07,361,361
23254,CHILDRENS CUTLERY DOLLY GIRL,6903.11,83.00,0.00,6820.11,1.20,0.07,362,349
21257,VICTORIAN SEWING BOX MEDIUM,6901.42,88.40,0.00,6813.02,1.28,0.07,363,350
21326,AGED GLASS SILVER T-LIGHT HOLDER,6859.27,13.65,0.00,6845.62,0.20,0.07,364,346
22580,ADVENT CALENDAR GINGHAM SACK,6848.19,314.95,0.00,6533.24,4.60,0.07,365,377
23103,JINGLE BELL HEART DECORATION,6846.16,46.20,0.00,6799.96,0.67,0.07,366,353
23109,PACK OF SIX LED TEA LIGHTS,6835.02,239.04,0.00,6595.98,3.50,0.07,367,373
23541,WALL ART CLASSIC PUDDINGS,6823.91,16.50,0.00,6807.41,0.24,0.07,368,351
75049L,LARGE CIRCULAR MIRROR MOBILE,6812.98,204.20,0.00,6608.78,3.00,0.07,369,370
22294,HEART FILIGREE DOVE  SMALL,6805.08,42.50,0.00,6762.58,0.62,0.07,370,359
23297,SET 40 HEART SHAPE PETIT FOUR CASES,6792.23,42.90,0.00,6749.33,0.63,0.07,371,360
22620,4 TRADITIONAL SPINNING TOPS,6782.21,12.90,0.00,6769.31,0.19,0.07,372,358
21672,WHITE SPOT RED CERAMIC DRAWER KNOB,6776.00,77.55,0.00,6698.45,1.14,0.07,373,366
22943,CHRISTMAS LIGHTS 10 VINTAGE BAUBLES,6755.47,165.50,0.00,6589.97,2.45,0.07,374,374
23229,VINTAGE DONKEY TAIL GAME,6739.71,40.89,0.00,6698.82,0.61,0.07,375,365
23008,DOLLY GIRL BABY GIFT SET,6719.61,118.65,0.00,6600.96,1.77,0.07,376,372
23480,MINI LIGHTS WOODLAND MUSHROOMS,6719.14,68.10,0.00,6651.04,1.01,0.07,377,368
23247,BISCUIT TIN 50'S CHRISTMAS,6681.25,118.54,0.00,6562.71,1.77,0.07,378,375
21871,SAVE THE PLANET MUG,6679.56,740.94,0.00,5938.62,11.09,0.07,379,416
85014A,BLACK/BLUE POLKADOT UMBRELLA,6678.72,35.70,0.00,6643.02,0.53,0.07,380,369
22668,PINK BABY BUNTING,6677.97,157.00,0.00,6520.97,2.35,0.07,381,378
84988,SET OF 72 PINK HEART PAPER DOILIES,6671.25,18.85,0.00,6652.40,0.28,0.07,382,367
23169,CLASSIC GLASS COOKIE JAR,6662.84,379.15,0.00,6283.69,5.69,0.07,383,398
21888,BINGO SET,6659.54,56.25,0.00,6603.29,0.84,0.06,384,371
21533,RETROSPOT LARGE MILK JUG,6651.72,147.90,0.00,6503.82,2.22,0.06,385,379
20718,RED RETROSPOT SHOPPER BAG,6604.29,42.99,0.00,6561.30,0.65,0.06,386,376
84992,72 SWEETHEART FAIRY CAKE CASES,6532.78,62.14,0.00,6470.64,0.95,0.06,387,380
22508,DOORSTOP RETROSPOT HEART,6525.88,82.50,0.00,6443.38,1.26,0.06,388,383
21122,SET/10 PINK POLKADOT PARTY CANDLES,6488.54,61.25,0.00,6427.29,0.94,0.06,389,386
23311,VINTAGE CHRISTMAS STOCKING,6488.20,38.25,0.00,6449.95,0.59,0.06,390,381
22141,CHRISTMAS CRAFT TREE TOP ANGEL,6463.79,33.60,0.00,6430.19,0.52,0.06,391,385
23188,VINTAGE  2 METER FOLDING RULER,6447.77,23.10,0.00,6424.67,0.36,0.06,392,387
23553,LANDMARK FRAME CAMDEN TOWN,6444.65,0.00,0.00,6444.65,0.00,0.06,393,382
23134,LARGE ZINC HEART WALL ORGANISER,6431.11,0.00,0.00,6431.11,0.00,0.06,394,384
84030E,ENGLISH ROSE HOT WATER BOTTLE,6414.69,12.75,0.00,6401.94,0.20,0.06,395,390
22635,CHILDS BREAKFAST SET DOLLY GIRL,6412.33,727.05,0.00,5685.28,11.34,0.06,396,436
84970L,SINGLE HEART ZINC T-LIGHT HOLDER,6411.52,11.40,0.00,6400.12,0.18,0.06,397,391
23571,TRADITIONAL NAUGHTS & CROSSES,6406.91,0.00,0.00,6406.91,0.00,0.06,398,389
22979,PANTRY WASHING UP BRUSH,6391.82,117.55,0.00,6274.27,1.84,0.06,399,399
20676,RED RETROSPOT BOWL,6374.81,27.50,0.00,6347.31,0.43,0.06,400,393
23307,SET OF 60 PANTRY DESIGN CAKE CASES,6371.89,48.40,0.00,6323.49,0.76,0.06,401,394
22784,LANTERN CREAM GAZEBO,6360.99,200.85,0.00,6160.14,3.16,0.06,402,402
23172,REGENCY TEA PLATE PINK,6344.41,154.30,0.00,6190.11,2.43,0.06,403,400
22303,COFFEE MUG APPLES DESIGN,6338.25,171.15,0.00,6167.10,2.70,0.06,404,401
22895,SET OF 2 TEA TOWELS APPLE AND PEARS,6334.30,17.70,0.00,6316.60,0.28,0.06,405,395
22151,PLACE SETTING WHITE HEART,6322.21,321.96,0.00,6000.25,5.09,0.06,406,409
21154,RED RETROSPOT OVEN GLOVE,6320.51,227.00,0.00,6093.51,3.59,0.06,407,404
21380,WOODEN HAPPY BIRTHDAY GARLAND,6307.51,2.95,0.00,6304.56,0.05,0.06,408,396
21935,SUKI  SHOULDER BAG,6298.61,1.65,0.00,6296.96,0.03,0.06,409,397
22826,LOVE SEAT ANTIQUE WHITE METAL,6210.00,517.50,0.00,5692.50,8.33,0.06,410,435
23192,BUNDLE OF 3 ALPHABET EXERCISE BOOKS,6114.24,4.95,0.00,6109.29,0.08,0.06,411,403
21975,PACK OF 60 DINOSAUR CAKE CASES,6102.51,36.06,0.00,6066.45,0.59,0.06,412,405
23118,PARISIENNE JEWELLERY DRAWER,6102.18,180.00,0.00,5922.18,2.95,0.06,413,418
21156,RETROSPOT CHILDRENS APRON,6091.10,76.05,0.00,6015.05,1.25,0.06,414,408
21670,BLUE SPOT CERAMIC DRAWER KNOB,6083.99,96.25,0.00,5987.74,1.58,0.06,415,410
21671,RED SPOT CERAMIC DRAWER KNOB,6054.79,214.81,0.00,5839.98,3.55,0.06,416,426
47591D,PINK FAIRY CAKE CHILDRENS APRON,6052.45,3.90,0.00,6048.55,0.06,0.06,417,406
47556B,TEA TIME TEA TOWELS,6045.00,0.00,0.00,6045.00,0.00,0.06,418,407
21673,WHITE SPOT BLUE CERAMIC DRAWER KNOB,6041.20,143.95,0.00,5897.25,2.38,0.06,419,421
22366,DOORMAT AIRMAIL,6034.90,194.07,0.00,5840.83,3.22,0.06,420,425
17003,BROCADE RING PURSE,6025.95,172.80,0.00,5853.15,2.87,0.06,421,423
23526,WALL ART DOG LICENCE,6021.40,95.20,0.00,5926.20,1.58,0.06,422,417
48129,DOORMAT TOPIARY,6009.84,159.15,0.00,5850.69,2.65,0.06,423,424
21535,RED RETROSPOT SMALL MILK JUG,5986.01,80.70,0.00,5905.31,1.35,0.06,424,420
23296,SET OF 6 TEA TIME BAKING CASES,5985.55,33.75,0.00,5951.80,0.56,0.06,425,414
22174,PHOTO CUBE,5978.78,0.00,0.00,5978.78,0.00,0.06,426,411
23312,VINTAGE CHRISTMAS GIFT SACK,5964.15,4.15,0.00,5960.00,0.07,0.06,427,413
22783,SET 3 WICKER OVAL BASKETS W LIDS,5961.25,0.00,0.00,5961.25,0.00,0.06,428,412
23052,RECYCLED ACAPULCO MAT TURQUOISE,5949.34,8.25,0.00,5941.09,0.14,0.06,429,415
22584,PACK OF 6 PANNETONE GIFT BOXES,5946.96,38.25,0.00,5908.71,0.64,0.06,430,419
22150,3 STRIPEY MICE FELTCRAFT,5907.84,21.45,0.00,5886.39,0.36,0.06,431,422
23113,PANTRY CHOPPING BOARD,5868.50,4803.06,0.00,1065.44,81.84,0.06,432,1550
22971,QUEENS GUARD COFFEE MUG,5849.29,37.65,0.00,5811.64,0.64,0.06,433,427
23485,BOTANICAL GARDENS WALL CLOCK,5843.92,407.40,0.00,5436.52,6.97,0.06,434,458
23154,SET OF 4 JAM JAR MAGNETS,5842.88,126.88,0.00,5716.00,2.17,0.06,435,434
22207,FRYING PAN UNION FLAG,5833.59,282.25,0.00,5551.34,4.84,0.06,436,444
22751,FELTCRAFT PRINCESS OLIVIA DOLL,5801.47,7.50,0.00,5793.97,0.13,0.06,437,429
22740,POLKADOT PEN,5793.62,0.00,0.00,5793.62,0.00,0.06,438,430
22779,WOODEN OWLS LIGHT GARLAND,5789.85,106.25,0.00,5683.60,1.84,0.06,439,437
22796,PHOTO FRAME 3 CLASSIC HANGING,5787.45,524.05,0.00,5263.40,9.05,0.06,440,467
22365,DOORMAT RESPECTABLE HOUSE,5754.03,15.90,0.00,5738.13,0.28,0.06,441,431
82001S,VINYL RECORD FRAME SILVER,5750.21,25.53,0.00,5724.68,0.44,0.06,442,432
23205,CHARLOTTE BAG VINTAGE ALPHABET,5726.38,140.25,0.00,5586.13,2.45,0.06,443,442
22595,GINGHAM HEART DECORATION,5720.21,103.68,0.00,5616.53,1.81,0.06,444,441
62018,SOMBRERO,5716.85,0.00,0.00,5716.85,0.00,0.06,445,433
21242,RED RETROSPOT PLATE,5699.71,59.15,0.00,5640.56,1.04,0.06,446,439
22646,CERAMIC STRAWBERRY CAKE MONEY BANK,5684.17,41.90,0.00,5642.27,0.74,0.06,447,438
22907,PACK OF 20 NAPKINS PANTRY DESIGN,5670.00,44.20,0.00,5625.80,0.78,0.06,448,440
22088,PAPER BUNTING COLOURED LACE,5661.05,149.20,0.00,5511.85,2.64,0.06,449,449
22837,HOT WATER BOTTLE BABUSHKA,5657.93,157.65,0.00,5500.28,2.79,0.06,450,450
22466,FAIRY TALE COTTAGE NIGHT LIGHT,5605.79,35.85,0.00,5569.94,0.64,0.05,451,443
22418,10 COLOUR SPACEBOY PEN,5585.45,146.20,0.00,5439.25,2.62,0.05,452,457
22488,NATURAL SLATE RECTANGLE CHALKBOARD,5573.68,57.75,0.00,5515.93,1.04,0.05,453,448
22798,ANTIQUE GLASS DRESSING TABLE POT,5561.30,132.75,0.00,5428.55,2.39,0.05,454,459
21558,SKULL LUNCH BOX WITH CUTLERY,5550.22,10.20,0.00,5540.02,0.18,0.05,455,445
23531,WALL ART BIG LOVE,5538.26,0.00,0.00,5538.26,0.00,0.05,456,446
23126,FELTCRAFT GIRL AMELIE KIT,5532.04,79.20,0.00,5452.84,1.43,0.05,457,455
23133,LARGE IVORY HEART WALL ORGANISER,5525.40,8.25,0.00,5517.15,0.15,0.05,458,447
23177,TREASURE ISLAND BOOK BOX,5521.29,45.00,0.00,5476.29,0.82,0.05,459,452
23158,SET OF 5 LUCKY CAT MAGNETS,5513.83,124.80,0.00,5389.03,2.26,0.05,460,461
22429,ENAMEL MEASURING JUG CREAM,5507.18,140.25,0.00,5366.93,2.55,0.05,461,462
23583,LUNCH BAG PAISLEY PARK,5497.33,16.50,0.00,5480.83,0.30,0.05,462,451
22464,HANGING METAL HEART LANTERN,5485.63,186.90,0.00,5298.73,3.41,0.05,463,466
22964,3 PIECE SPACEBOY COOKIE CUTTER SET,5472.69,29.40,0.00,5443.29,0.54,0.05,464,456
22904,CALENDAR PAPER CUT DESIGN,5467.26,5.90,0.00,5461.36,0.11,0.05,465,453
22297,HEART IVORY TRELLIS SMALL,5459.91,0.00,0.00,5459.91,0.00,0.05,466,454
23135,SMALL ZINC HEART WALL ORGANISER,5416.18,0.00,0.00,5416.18,0.00,0.05,467,460
22827,RUSTIC  SEVENTEEN DRAWER SIDEBOARD,5415.00,415.00,0.00,5000.00,7.66,0.05,468,488
22845,VINTAGE CREAM CAT FOOD CONTAINER,5396.93,88.10,0.00,5308.83,1.63,0.05,469,465
22349,DOG BOWL CHASING BALL DESIGN,5381.52,48.75,0.00,5332.77,0.91,0.05,470,463
23494,VINTAGE DOILY DELUXE SEWING KIT,5354.01,386.75,0.00,4967.26,7.22,0.05,471,495
21172,PARTY METAL SIGN,5338.63,18.85,0.00,5319.78,0.35,0.05,472,464
22998,TRAVEL CARD WALLET KEEP CALM,5262.82,74.34,0.00,5188.48,1.41,0.05,473,469
22296,HEART IVORY TRELLIS LARGE,5247.72,1.65,0.00,5246.07,0.03,0.05,474,468
22120,WELCOME  WOODEN BLOCK LETTERS,5247.09,119.40,0.00,5127.69,2.28,0.05,475,475
22623,BOX OF VINTAGE JIGSAW BLOCKS,5236.31,85.20,0.00,5151.11,1.63,0.05,476,470
22848,BREAD BIN DINER STYLE PINK,5208.45,176.45,0.00,5032.00,3.39,0.05,477,485
22665,RECIPE BOX BLUE SKETCHBOOK DESIGN,5192.08,62.10,0.00,5129.98,1.20,0.05,478,474
22781,GUMBALL MAGAZINE RACK,5191.01,352.35,0.00,4838.66,6.79,0.05,479,513
22689,DOORMAT MERRY CHRISTMAS RED,5176.25,354.00,0.00,4822.25,6.84,0.05,480,515
21844,RED RETROSPOT MUG,5167.69,58.60,0.00,5109.09,1.13,0.05,481,478
21428,SET3 BOOK BOX GREEN GINGHAM FLOWER,5163.63,136.25,0.00,5027.38,2.64,0.05,482,486
21164,HOME SWEET HOME METAL SIGN,5155.98,17.70,0.00,5138.28,0.34,0.05,483,473
22898,CHILDRENS APRON APPLES DESIGN,5150.92,0.00,0.00,5150.92,0.00,0.05,484,471
23263,SET OF 3 WOODEN HEART DECORATIONS,5147.19,58.75,0.00,5088.44,1.14,0.05,485,480
23162,REGENCY TEA STRAINER,5143.69,0.00,0.00,5143.69,0.00,0.05,486,472
23157,SET OF 6 NATIVITY MAGNETS,5143.06,444.00,0.00,4699.06,8.63,0.05,487,532
23165,LARGE CERAMIC TOP STORAGE JAR,5141.06,154.50,0.00,4986.56,3.01,0.05,488,492
23132,SMALL IVORY HEART WALL ORGANISER,5138.60,23.00,0.00,5115.60,0.45,0.05,489,476
22302,COFFEE MUG PEARS  DESIGN,5134.29,30.60,0.00,5103.69,0.60,0.05,490,479
37449,CERAMIC CAKE STAND + HANGING CAKES,5117.29,446.70,0.00,4670.59,8.73,0.05,491,536
22772,PINK DRAWER KNOB ACRYLIC EDWARDIAN,5116.70,3.75,0.00,5112.95,0.07,0.05,492,477
23397,FOOT STOOL HOME SWEET HOME,5097.65,59.70,0.00,5037.95,1.17,0.05,493,482
23234,BISCUIT TIN VINTAGE CHRISTMAS,5079.78,46.24,0.00,5033.54,0.91,0.05,494,484
21098,CHRISTMAS TOILET ROLL,5078.76,41.91,0.00,5036.85,0.83,0.05,495,483
23295,SET OF 12 MINI LOAF BAKING CASES,5073.45,10.79,0.00,5062.66,0.21,0.05,496,481
22371,AIRLINE BAG VINTAGE TOKYO 78,5072.32,57.78,0.00,5014.54,1.14,0.05,497,487
23198,PANTRY MAGNETIC  SHOPPING LIST,5062.60,92.80,0.00,4969.80,1.83,0.05,498,494
22780,LIGHT GARLAND BUTTERFILES PINK,5044.34,106.25,0.00,4938.09,2.11,0.05,499,499
22849,BREAD BIN DINER STYLE MINT,5027.73,234.25,0.00,4793.48,4.66,0.05,500,519
21907,I'M ON HOLIDAY METAL SIGN,5027.18,27.30,0.00,4999.88,0.54,0.05,501,489
22957,SET 3 PAPER VINTAGE CHICK PAPER EGG,5014.65,71.90,0.00,4942.75,1.43,0.05,502,497
23314,VINTAGE CHRISTMAS TABLECLOTH,5012.96,62.50,0.00,4950.46,1.25,0.05,503,496
22636,CHILDS BREAKFAST SET CIRCUS PARADE,5009.56,239.70,0.00,4769.86,4.78,0.05,504,522
22271,FELTCRAFT DOLL ROSIE,5007.35,23.60,0.00,4983.75,0.47,0.05,505,493
21756,BATH BUILDING BLOCK WORD,5006.26,11.90,0.00,4994.36,0.24,0.05,506,491
23310,BUBBLEGUM RING ASSORTED,4997.28,0.00,0.00,4997.28,0.00,0.05,507,490
21932,SCANDINAVIAN PAISLEY PICNIC BAG,4995.38,55.35,0.00,4940.03,1.11,0.05,508,498
22301,COFFEE MUG CAT + BIRD DESIGN,4980.83,59.40,0.00,4921.43,1.19,0.05,509,505
21933,PINK VINTAGE PAISLEY PICNIC BAG,4957.43,34.45,0.00,4922.98,0.69,0.05,510,504
22142,CHRISTMAS CRAFT WHITE FAIRY,4946.19,15.95,0.00,4930.24,0.32,0.05,511,502
23556,LANDMARK FRAME COVENT GARDEN,4937.01,12.50,0.00,4924.51,0.25,0.05,512,503
84212,"ASSORTED FLOWER COLOUR ""LEIS""",4934.87,0.00,0.00,4934.87,0.00,0.05,513,500
23570,TRADITIONAL PICK UP STICKS GAME,4931.87,0.00,0.00,4931.87,0.00,0.05,514,501
22110,BIRD HOUSE HOT WATER BOTTLE,4912.14,5.10,0.00,4907.04,0.10,0.05,515,506
21937,STRAWBERRY   PICNIC BAG,4898.85,47.20,0.00,4851.65,0.96,0.05,516,508
22748,POPPY'S PLAYHOUSE KITCHEN,4880.83,35.70,0.00,4845.13,0.73,0.05,517,511
23010,CIRCUS PARADE BABY GIFT SET,4879.60,50.85,0.00,4828.75,1.04,0.05,518,514
23351,ROLL WRAP 50'S CHRISTMAS,4875.65,104.88,0.00,4770.77,2.15,0.05,519,521
21124,SET/10 BLUE POLKADOT PARTY CANDLES,4863.05,61.25,0.00,4801.80,1.26,0.05,520,517
23503,PLAYING CARDS KEEP CALM & CARRY ON,4860.55,2.50,0.00,4858.05,0.05,0.05,521,507
21033,JUMBO BAG CHARLIE AND LOLA TOYS,4851.73,1.79,0.00,4849.94,0.04,0.05,522,510
21086,SET/6 RED SPOTTY PAPER CUPS,4851.50,0.00,0.00,4851.50,0.00,0.05,523,509
21390,FILIGRIS HEART WITH BUTTERFLY,4848.13,3.75,0.00,4844.38,0.08,0.05,524,512
21876,POTTERING MUG,4825.36,58.90,0.00,4766.46,1.22,0.05,525,523
23554,LANDMARK FRAME OXFORD STREET,4805.53,0.00,0.00,4805.53,0.00,0.05,526,516
22549,PICTURE DOMINOES,4798.38,0.00,0.00,4798.38,0.00,0.05,527,518
23555,LANDMARK FRAME NOTTING HILL,4780.57,0.00,0.00,4780.57,0.00,0.05,528,520
23184,BULL DOG BOTTLE OPENER,4764.50,64.35,0.00,4700.15,1.35,0.05,529,531
84050,PINK HEART SHAPE EGG FRYING PAN,4753.53,22.70,0.00,4730.83,0.48,0.05,530,527
22243,5 HOOK HANGER RED MAGIC TOADSTOOL,4751.64,18.15,0.00,4733.49,0.38,0.05,531,526
23389,SPACEBOY MINI BACKPACK,4751.49,8.30,0.00,4743.19,0.17,0.05,532,524
23286,BLUE VINTAGE SPOT BEAKER,4747.62,41.65,0.00,4705.97,0.88,0.05,533,529
20677,PINK POLKADOT BOWL,4747.34,6.25,0.00,4741.09,0.13,0.05,534,525
21539,RED RETROSPOT BUTTER DISH,4743.90,108.95,0.00,4634.95,2.30,0.05,535,541
20979,36 PENCILS TUBE RED RETROSPOT,4723.73,200.00,0.00,4523.73,4.23,0.05,536,551
23569,TRADTIONAL ALPHABET STAMP SET,4717.66,9.90,0.00,4707.76,0.21,0.05,537,528
23159,SET OF 5 PANCAKE DAY MAGNETS,4713.52,52.00,0.00,4661.52,1.10,0.05,538,537
22645,CERAMIC HEART FAIRY CAKE MONEY BANK,4709.74,24.45,0.00,4685.29,0.52,0.05,539,533
23558,LANDMARK FRAME LONDON BRIDGE,4703.87,0.00,0.00,4703.87,0.00,0.05,540,530
23176,ABC TREASURE BOOK BOX,4693.08,101.25,0.00,4591.83,2.16,0.05,541,545
82552,WASHROOM METAL SIGN,4674.83,0.00,0.00,4674.83,0.00,0.05,542,534
22504,CABIN BAG VINTAGE RETROSPOT,4674.62,132.55,0.00,4542.07,2.84,0.05,543,548
22721,SET OF 3 CAKE TINS SKETCHBOOK,4671.81,0.00,0.00,4671.81,0.00,0.05,544,535
23241,TREASURE TIN GYMKHANA DESIGN,4669.55,14.56,0.00,4654.99,0.31,0.05,545,538
22082,RIBBON REEL STRIPES DESIGN,4661.88,33.00,0.00,4628.88,0.71,0.05,546,543
22745,POPPY'S PLAYHOUSE BEDROOM,4661.79,27.30,0.00,4634.49,0.59,0.05,547,542
47599A,PINK PARTY BAGS,4649.50,12.60,0.00,4636.90,0.27,0.05,548,540
22813,PACK 3 BOXES BIRD PANNETONE,4640.78,0.00,0.00,4640.78,0.00,0.05,549,539
22606,WOODEN SKITTLES GARDEN SET,4638.46,118.25,0.00,4520.21,2.55,0.05,550,552
22628,PICNIC BOXES SET OF 3 RETROSPOT,4620.91,103.95,0.00,4516.96,2.25,0.05,551,553
22295,HEART FILIGREE DOVE LARGE,4613.97,19.80,0.00,4594.17,0.43,0.05,552,544
21833,CAMOUFLAGE LED TORCH,4594.43,50.70,0.00,4543.73,1.10,0.04,553,547
23285,PINK VINTAGE SPOT BEAKER,4572.41,1.70,0.00,4570.71,0.04,0.04,554,546
22417,PACK OF 60 SPACEBOY CAKE CASES,4563.24,25.30,0.00,4537.94,0.55,0.04,555,549
23404,HOME SWEET HOME BLACKBOARD,4561.76,143.55,0.00,4418.21,3.15,0.04,556,563
23168,CLASSIC CAFE SUGAR DISPENSER,4558.67,65.61,0.00,4493.06,1.44,0.04,557,554
82551,LAUNDRY 15C METAL SIGN,4542.89,5.20,0.00,4537.69,0.11,0.04,558,550
20974,12 PENCILS SMALL TUBE SKULL,4527.43,367.90,0.00,4159.53,8.13,0.04,559,588
23275,SET OF 3 HANGING OWLS OLLIE BEAK,4521.72,95.41,0.00,4426.31,2.11,0.04,560,562
23163,REGENCY SUGAR TONGS,4515.22,114.40,0.00,4400.82,2.53,0.04,561,564
23112,PARISIENNE CURIO CABINET,4507.08,239.85,0.00,4267.23,5.32,0.04,562,577
23309,SET OF 60 I LOVE LONDON CAKE CASES,4495.85,35.20,0.00,4460.65,0.78,0.04,563,556
22938,CUPCAKE LACE PAPER SET 6,4488.63,117.00,0.00,4371.63,2.61,0.04,564,565
21934,SKULL SHOULDER BAG,4480.28,16.50,0.00,4463.78,0.37,0.04,565,555
23167,SMALL CERAMIC TOP STORAGE JAR,4476.01,365.19,0.00,4110.82,8.16,0.04,566,594
84987,SET OF 36 TEATIME PAPER DOILIES,4471.17,21.75,0.00,4449.42,0.49,0.04,567,558
21906,PHARMACIE FIRST AID TIN,4470.81,114.75,0.00,4356.06,2.57,0.04,568,566
22775,PURPLE DRAWERKNOB ACRYLIC EDWARDIAN,4469.37,35.00,0.00,4434.37,0.78,0.04,569,560
22942,CHRISTMAS LIGHTS 10 SANTAS,4460.54,604.35,0.00,3856.19,13.55,0.04,570,630
22089,PAPER BUNTING VINTAGE PAISLEY,4457.43,0.00,0.00,4457.43,0.00,0.04,571,557
23288,GREEN VINTAGE SPOT BEAKER,4444.23,15.17,0.00,4429.06,0.34,0.04,572,561
23530,WALL ART ONLY ONE PERSON,4436.27,0.00,0.00,4436.27,0.00,0.04,573,559
22626,BLACK KITCHEN SCALES,4401.86,76.50,0.00,4325.36,1.74,0.04,574,568
20975,12 PENCILS SMALL TUBE RED RETROSPOT,4383.27,78.00,0.00,4305.27,1.78,0.04,575,572
15056P,EDWARDIAN PARASOL PINK,4354.92,58.20,0.00,4296.72,1.34,0.04,576,574
23349,ROLL WRAP VINTAGE CHRISTMAS,4342.60,30.00,0.00,4312.60,0.69,0.04,577,571
16014,SMALL CHINESE STYLE SCISSOR,4335.76,0.00,0.00,4335.76,0.00,0.04,578,567
84692,BOX OF 24 COCKTAIL PARASOLS,4327.38,13.02,0.00,4314.36,0.30,0.04,579,570
22899,CHILDREN'S APRON DOLLY GIRL,4326.43,10.50,0.00,4315.93,0.24,0.04,580,569
21892,TRADITIONAL WOODEN CATCH CUP GAME,4317.16,16.25,0.00,4300.91,0.38,0.04,581,573
21498,RED RETROSPOT WRAP,4311.92,21.00,0.00,4290.92,0.49,0.04,582,575
22327,ROUND SNACK BOXES SET OF 4 SKULLS,4304.25,44.25,0.00,4260.00,1.03,0.04,583,578
23050,RECYCLED ACAPULCO MAT GREEN,4286.55,8.25,0.00,4278.30,0.19,0.04,584,576
23237,SET OF 4 KNICK KNACK TINS LEAF,4274.39,69.35,0.00,4205.04,1.62,0.04,585,582
22723,SET OF 6 HERB TINS SKETCHBOOK,4262.82,7.90,0.00,4254.92,0.19,0.04,586,579
22694,WICKER STAR,4251.72,109.20,0.00,4142.52,2.57,0.04,587,589
20970,PINK FLORAL FELTCRAFT SHOULDER BAG,4232.13,11.25,0.00,4220.88,0.27,0.04,588,581
22061,LARGE CAKE STAND  HANGING STRAWBERY,4218.06,149.05,0.00,4069.01,3.53,0.04,589,599
23089,GLASS BON BON JAR,4215.78,25.65,0.00,4190.13,0.61,0.04,590,584
22661,CHARLOTTE BAG DOLLY GIRL DESIGN,4214.95,10.79,0.00,4204.16,0.26,0.04,591,583
22801,ANTIQUE GLASS PEDESTAL BOWL,4203.89,70.89,0.00,4133.00,1.69,0.04,592,590
23144,ZINC T-LIGHT HOLDER STARS SMALL,4197.83,36.52,0.00,4161.31,0.87,0.04,593,587
23012,GLASS APOTHECARY BOTTLE PERFUME,4197.11,31.60,0.00,4165.51,0.75,0.04,594,585
22550,HOLIDAY FUN LUDO,4194.89,30.00,0.00,4164.89,0.72,0.04,595,586
20682,RED RETROSPOT CHILDRENS UMBRELLA,4171.33,65.00,0.00,4106.33,1.56,0.04,596,595
23110,PARISIENNE KEY CABINET,4147.18,293.25,0.00,3853.93,7.07,0.04,597,631
23486,ANTIQUE HEART SHELF UNIT,4145.47,199.65,0.00,3945.82,4.82,0.04,598,616
72760B,VINTAGE CREAM 3 BASKET CAKE STAND,4145.39,14.60,0.00,4130.79,0.35,0.04,599,591
21874,GIN AND TONIC MUG,4141.18,27.71,0.00,4113.47,0.67,0.04,600,592
22649,STRAWBERRY FAIRY CAKE TEAPOT,4132.88,195.20,0.00,3937.68,4.72,0.04,601,617
23306,SET OF 36 DOILIES PANTRY DESIGN,4123.38,10.15,0.00,4113.23,0.25,0.04,602,593
22596,CHRISTMAS STAR WISH LIST CHALKBOARD,4110.42,30.72,0.00,4079.70,0.75,0.04,603,597
22841,ROUND CAKE TIN VINTAGE GREEN,4101.77,103.35,0.00,3998.42,2.52,0.04,604,607
23255,CHILDRENS CUTLERY CIRCUS PARADE,4097.22,37.35,0.00,4059.87,0.91,0.04,605,600
23009,I LOVE LONDON BABY GIFT SET,4082.52,0.00,0.00,4082.52,0.00,0.04,606,596
23193,BUFFALO BILL TREASURE BOOK BOX,4079.28,45.00,0.00,4034.28,1.10,0.04,607,603
23194,GYMKHANA TREASURE BOOK BOX,4077.37,83.25,0.00,3994.12,2.04,0.04,608,610
22577,WOODEN HEART CHRISTMAS SCANDINAVIAN,4075.36,83.05,0.00,3992.31,2.04,0.04,609,611
22489,PACK OF 12 TRADITIONAL CRAYONS,4072.13,0.84,0.00,4071.29,0.02,0.04,610,598
21116,OWL DOORSTOP,4051.79,0.00,0.00,4051.79,0.00,0.04,611,601
22896,PEG BAG APPLES DESIGN,4043.36,45.90,0.00,3997.46,1.14,0.04,612,608
21704,BAG 250g SWIRLY MARBLES,4039.28,3.86,0.00,4035.42,0.10,0.04,613,602
23081,GREEN METAL BOX ARMY SUPPLIES,4038.25,49.50,0.00,3988.75,1.23,0.04,614,612
23340,VINTAGE CHRISTMAS CAKE FRILL,4034.08,0.00,0.00,4034.08,0.00,0.04,615,604
22219,LOVEBIRD HANGING DECORATION WHITE,4033.73,22.10,0.00,4011.63,0.55,0.04,616,605
72351B,SET/6 PINK  BUTTERFLY T-LIGHTS,4007.85,6.30,0.00,4001.55,0.16,0.04,617,606
23129,HEART SHAPED HOLLY WREATH,3999.50,4.15,0.00,3995.35,0.10,0.04,618,609
22431,WATERING CAN BLUE ELEPHANT,3998.71,15.60,0.00,3983.11,0.39,0.04,619,613
22951,60 CAKE CASES DOLLY GIRL DESIGN,3990.20,66.00,0.00,3924.20,1.65,0.04,620,621
23130,MISTLETOE HEART WREATH GREEN,3988.98,37.35,0.00,3951.63,0.94,0.04,621,615
22493,PAINT YOUR OWN CANVAS SET,3986.64,396.45,0.00,3590.19,9.94,0.04,622,670
22956,36 FOIL HEART CAKE CASES,3983.39,283.20,0.00,3700.19,7.11,0.04,623,649
20675,BLUE POLKADOT BOWL,3983.12,15.00,0.00,3968.12,0.38,0.04,624,614
84792,ENCHANTED BIRD COATHANGER 5 HOOK,3974.32,114.69,0.00,3859.63,2.89,0.04,625,629
22274,FELTCRAFT DOLL EMILY,3953.48,20.65,0.00,3932.83,0.52,0.04,626,619
22890,NOVELTY BISCUITS CAKE STAND 3 TIER,3939.87,268.25,0.00,3671.62,6.81,0.04,627,656
22131,FOOD CONTAINER SET 3 LOVE HEART,3936.59,1.95,0.00,3934.64,0.05,0.04,628,618
23557,LANDMARK FRAME BAKER STREET,3930.27,0.00,0.00,3930.27,0.00,0.04,629,620
22148,EASTER CRAFT 4 CHICKS,3917.45,29.25,0.00,3888.20,0.75,0.04,630,623
22980,PANTRY SCRUBBING BRUSH,3910.01,124.05,0.00,3785.96,3.17,0.04,631,640
23049,RECYCLED ACAPULCO MAT RED,3896.84,24.75,0.00,3872.09,0.64,0.04,632,627
22117,METAL SIGN HER DINNER IS SERVED,3896.45,0.00,0.00,3896.45,0.00,0.04,633,622
21041,RED RETROSPOT OVEN GLOVE DOUBLE,3888.98,8.85,0.00,3880.13,0.23,0.04,634,626
23552,BICYCLE PUNCTURE REPAIR KIT,3881.91,0.00,0.00,3881.91,0.00,0.04,635,624
22222,CAKE PLATE LOVEBIRD WHITE,3880.20,0.00,0.00,3880.20,0.00,0.04,636,625
21749,LARGE RED RETROSPOT WINDMILL,3877.09,16.80,0.00,3860.29,0.43,0.04,637,628
22578,WOODEN STAR CHRISTMAS SCANDINAVIAN,3876.54,112.49,0.00,3764.05,2.90,0.04,638,643
21716,BOYS VINTAGE TIN SEASIDE BUCKET,3872.92,20.40,0.00,3852.52,0.53,0.04,639,632
23032,DRAWER KNOB CRACKLE GLAZE IVORY,3853.68,75.90,0.00,3777.78,1.97,0.04,640,641
23253,16 PIECE CUTLERY SET PANTRY DESIGN,3848.86,31.90,0.00,3816.96,0.83,0.04,641,635
85049A,TRADITIONAL CHRISTMAS RIBBONS,3842.36,15.00,0.00,3827.36,0.39,0.04,642,633
23111,PARISIENNE SEWING BOX,3839.24,283.20,0.00,3556.04,7.38,0.04,643,678
37370,RETRO COFFEE MUGS ASSORTED,3839.01,27.80,0.00,3811.21,0.72,0.04,644,637
23131,MISTLETOE HEART WREATH CREAM,3835.98,24.90,0.00,3811.08,0.65,0.04,645,638
22738,RIBBON REEL SNOWY VILLAGE,3829.67,190.50,0.00,3639.17,4.97,0.04,646,661
21243,PINK  POLKADOT PLATE,3827.16,13.52,0.00,3813.64,0.35,0.04,647,636
22842,BISCUIT TIN VINTAGE RED,3823.21,127.45,0.00,3695.76,3.33,0.04,648,651
22350,ILLUSTRATED CAT BOWL,3822.12,2.55,0.00,3819.57,0.07,0.04,649,634
21110,LARGE CAKE TOWEL PINK SPOTS,3815.70,13.50,0.00,3802.20,0.35,0.04,650,639
23542,WALL ART 70'S ALPHABET,3800.16,48.70,0.00,3751.46,1.28,0.04,651,645
21244,BLUE POLKADOT PLATE,3789.32,25.35,0.00,3763.97,0.67,0.04,652,644
85049E,SCANDINAVIAN REDS RIBBONS,3783.61,18.75,0.00,3764.86,0.50,0.04,653,642
22809,SET OF 6 T-LIGHTS SANTA,3781.20,83.70,0.00,3697.50,2.21,0.04,654,650
23299,FOOD COVER WITH BEADS SET 2,3772.88,30.00,0.00,3742.88,0.80,0.04,655,647
21746,SMALL RED RETROSPOT WINDMILL,3766.93,18.75,0.00,3748.18,0.50,0.04,656,646
23127,FELTCRAFT GIRL NICOLE KIT,3759.00,64.35,0.00,3694.65,1.71,0.04,657,652
23092,LARGE ANTIQUE WHITE PHOTO FRAME,3757.78,77.75,0.00,3680.03,2.07,0.04,658,654
21527,RED RETROSPOT TRADITIONAL TEAPOT,3724.99,260.30,0.00,3464.69,6.99,0.04,659,691
21260,FIRST AID TIN,3722.23,139.75,0.00,3582.48,3.75,0.04,660,672
22195,LARGE HEART MEASURING SPOONS,3720.66,1.65,0.00,3719.01,0.04,0.04,661,648
23064,CINDERELLA CHANDELIER,3717.56,1514.05,0.00,2203.51,40.73,0.04,662,970
21658,GLASS  BEURRE DISH,3709.78,124.58,0.00,3585.20,3.36,0.04,663,671
22854,CREAM SWEETHEART EGG HOLDER,3708.52,14.85,0.00,3693.67,0.40,0.04,664,653
22212,FOUR HOOK  WHITE LOVEBIRDS,3700.94,50.40,0.00,3650.54,1.36,0.04,665,658
23182,TOILET SIGN OCCUPIED OR VACANT,3688.21,11.62,0.00,3676.59,0.32,0.04,666,655
22656,VINTAGE BLUE KITCHEN CABINET,3685.00,800.00,0.00,2885.00,21.71,0.04,667,795
21531,RED RETROSPOT SUGAR JAM BOWL,3682.17,36.45,0.00,3645.72,0.99,0.04,668,660
23013,GLASS APOTHECARY BOTTLE TONIC,3674.16,23.70,0.00,3650.46,0.65,0.04,669,659
21890,S/6 WOODEN SKITTLES IN COTTON BAG,3674.11,18.40,0.00,3655.71,0.50,0.04,670,657
22926,IVORY GIANT GARDEN THERMOMETER,3656.85,89.25,0.00,3567.60,2.44,0.04,671,675
23091,ZINC HERB GARDEN CONTAINER,3656.32,43.75,0.00,3612.57,1.20,0.04,672,666
23497,CLASSIC CHROME BICYCLE BELL,3656.02,17.40,0.00,3638.62,0.48,0.04,673,662
85053,FRENCH ENAMEL CANDLEHOLDER,3649.49,57.16,0.00,3592.33,1.57,0.04,674,669
22378,WALL TIDY RETROSPOT,3638.57,2.10,0.00,3636.47,0.06,0.04,675,663
22468,BABUSHKA LIGHTS STRING OF 10,3633.17,19.45,0.00,3613.72,0.54,0.04,676,665
23191,BUNDLE OF 3 RETRO NOTE BOOKS,3628.89,4.95,0.00,3623.94,0.14,0.04,677,664
22236,CAKE STAND 3 TIER MAGIC GARDEN,3624.60,508.95,0.00,3115.65,14.04,0.04,678,757
22812,PACK 3 BOXES CHRISTMAS PANNETONE,3608.30,40.95,0.00,3567.35,1.13,0.04,679,676
23294,SET OF 6 SNACK LOAF BAKING CASES,3607.81,10.79,0.00,3597.02,0.30,0.04,680,668
22053,EMPIRE DESIGN ROSETTE,3606.42,1.25,0.00,3605.17,0.03,0.04,681,667
84968C,SET OF 16 VINTAGE PISTACHIO CUTLERY,3585.99,51.00,0.00,3534.99,1.42,0.03,682,682
22348,TEA BAG PLATE RED RETROSPOT,3583.29,10.20,0.00,3573.09,0.28,0.03,683,673
23085,ANTIQUE SILVER BAUBLE LAMP,3583.23,128.75,0.00,3454.48,3.59,0.03,684,694
21494,ROTATING LEAVES T-LIGHT HOLDER,3571.33,2.50,0.00,3568.83,0.07,0.03,685,674
22908,PACK OF 20 NAPKINS RED APPLES,3569.58,2.55,0.00,3567.03,0.07,0.03,686,677
85132C,CHARLIE AND LOLA FIGURES TINS,3562.32,9.75,0.00,3552.57,0.27,0.03,687,679
20717,STRAWBERRY SHOPPER BAG,3561.98,27.50,0.00,3534.48,0.77,0.03,688,683
22800,ANTIQUE TALL SWIRLGLASS TRINKET POT,3560.74,37.50,0.00,3523.24,1.05,0.03,689,684
22669,RED BABY BUNTING,3559.00,127.50,0.00,3431.50,3.58,0.03,690,701
22739,RIBBON REEL CHRISTMAS SOCK BAUBLE,3556.97,16.50,0.00,3540.47,0.46,0.03,691,680
23210,WHITE ROCKING HORSE HAND PAINTED,3551.53,219.76,0.00,3331.77,6.19,0.03,692,724
21974,SET OF 36 PAISLEY FLOWER DOILIES,3545.60,88.45,0.00,3457.15,2.49,0.03,693,693
23332,IVORY WICKER HEART LARGE,3542.71,3.30,0.00,3539.41,0.09,0.03,694,681
21703,BAG 125g SWIRLY MARBLES,3528.89,36.54,0.00,3492.35,1.04,0.03,695,689
22180,RETROSPOT LAMP,3521.54,194.65,0.00,3326.89,5.53,0.03,696,725
22688,DOORMAT PEACE ON EARTH BLUE,3519.66,0.00,0.00,3519.66,0.00,0.03,697,685
21992,VINTAGE PAISLEY STATIONERY SET,3510.72,0.00,0.00,3510.72,0.00,0.03,698,686
23353,6 GIFT TAGS VINTAGE CHRISTMAS,3510.05,19.92,0.00,3490.13,0.57,0.03,699,690
23189,SET OF 12 FORK CANDLES,3507.51,2.89,0.00,3504.62,0.08,0.03,700,688
21715,GIRLS VINTAGE TIN SEASIDE BUCKET,3507.17,0.00,0.00,3507.17,0.00,0.03,701,687
22760,"TRAY, BREAKFAST IN BED",3491.86,74.70,0.00,3417.16,2.14,0.03,702,705
21238,RED RETROSPOT CUP,3488.44,43.22,0.00,3445.22,1.24,0.03,703,696
21745,GAOLERS KEYS DECORATIVE GARDEN,3475.73,15.00,0.00,3460.73,0.43,0.03,704,692
82580,BATHROOM METAL SIGN,3473.21,127.00,0.00,3346.21,3.66,0.03,705,722
22065,CHRISTMAS PUDDING TRINKET POT,3462.25,22.02,0.00,3440.23,0.64,0.03,706,698
84508A,CAMOUFLAGE DESIGN TEDDY,3448.05,2.55,0.00,3445.50,0.07,0.03,707,695
22435,SET OF 9 HEART SHAPED BALLOONS,3445.50,15.00,0.00,3430.50,0.44,0.03,708,702
23350,ROLL WRAP VINTAGE SPOT,3445.08,30.00,0.00,3415.08,0.87,0.03,709,707
23426,METAL SIGN DROP YOUR PANTS,3444.43,17.34,0.00,3427.09,0.50,0.03,710,703
21588,RETROSPOT GIANT TUBE MATCHES,3442.50,2.55,0.00,3439.95,0.07,0.03,711,699
21385,IVORY HANGING DECORATION  HEART,3442.45,1.70,0.00,3440.75,0.05,0.03,712,697
23536,WALL ART VILLAGE SHOW,3442.13,23.80,0.00,3418.33,0.69,0.03,713,704
23232,WRAP VINTAGE LEAF DESIGN,3436.92,21.42,0.00,3415.50,0.62,0.03,714,706
21463,MIRRORED DISCO BALL,3435.05,216.90,0.00,3218.15,6.31,0.03,715,741
23388,WOODLAND MINI BACKPACK,3432.09,0.00,0.00,3432.09,0.00,0.03,716,700
23354,6 GIFT TAGS 50'S CHRISTMAS,3429.40,49.80,0.00,3379.60,1.45,0.03,717,715
23065,LARGE DECO JEWELLERY STAND,3427.44,12.50,0.00,3414.94,0.36,0.03,718,708
23156,SET OF 5 MINI GROCERY MAGNETS,3423.29,49.92,0.00,3373.37,1.46,0.03,719,717
23014,GLASS APOTHECARY BOTTLE ELIXIR,3419.58,35.55,0.00,3384.03,1.04,0.03,720,711
84509A,SET OF 4 ENGLISH ROSE PLACEMATS,3417.28,33.75,0.00,3383.53,0.99,0.03,721,712
47567B,TEA TIME KITCHEN APRON,3414.50,46.30,0.00,3368.20,1.36,0.03,722,718
22300,COFFEE MUG DOG + BALL DESIGN,3409.21,33.15,0.00,3376.06,0.97,0.03,723,716
21497,FANCY FONTS BIRTHDAY WRAP,3409.00,0.00,0.00,3409.00,0.00,0.03,724,709
22311,OFFICE MUG WARMER BLACK+SILVER,3403.76,20.65,0.00,3383.11,0.61,0.03,725,713
22782,SET 3 WICKER STORAGE BASKETS,3399.95,0.00,0.00,3399.95,0.00,0.03,726,710
21429,RED GINGHAM ROSE JEWELLERY BOX,3391.15,74.10,0.00,3317.05,2.19,0.03,727,727
22029,SPACEBOY BIRTHDAY CARD,3387.57,5.04,0.00,3382.53,0.15,0.03,728,714
84032A,CHARLIE+LOLA PINK HOT WATER BOTTLE,3384.98,82.60,0.00,3302.38,2.44,0.03,729,730
22653,BUTTON BOX,3378.50,58.50,0.00,3320.00,1.73,0.03,730,726
79000,MOROCCAN TEA GLASS,3357.34,6.05,0.00,3351.29,0.18,0.03,731,720
21993,FLORAL FOLK STATIONERY SET,3355.84,15.00,0.00,3340.84,0.45,0.03,732,723
22687,DOORMAT CHRISTMAS VILLAGE,3354.22,0.00,0.00,3354.22,0.00,0.03,733,719
23239,SET OF 4 KNICK KNACK TINS POPPIES,3353.84,115.80,0.00,3238.04,3.45,0.03,734,737
22563,HAPPY STENCIL CRAFT,3348.18,1.25,0.00,3346.93,0.04,0.03,735,721
22432,WATERING CAN PINK BUNNY,3342.82,27.30,0.00,3315.52,0.82,0.03,736,728
22165,"DIAMANTE HEART SHAPED WALL MIRROR,",3328.20,12.75,0.00,3315.45,0.38,0.03,737,729
22079,RIBBON REEL HEARTS DESIGN,3325.29,49.50,0.00,3275.79,1.49,0.03,738,732
22855,FINE WICKER HEART,3301.73,15.00,0.00,3286.73,0.45,0.03,739,731
22962,JAM JAR WITH PINK LID,3288.11,72.12,0.00,3215.99,2.19,0.03,740,742
22244,3 HOOK HANGER MAGIC GARDEN,3276.21,31.20,0.00,3245.01,0.95,0.03,741,736
22460,EMBOSSED GLASS TEALIGHT HOLDER,3273.50,23.75,0.00,3249.75,0.73,0.03,742,734
23308,SET OF 60 VINTAGE LEAF CAKE CASES,3272.61,0.00,0.00,3272.61,0.00,0.03,743,733
22967,SET 3 SONG BIRD PAPER EGGS ASSORTED,3271.41,64.90,0.00,3206.51,1.98,0.03,744,746
21868,POTTING SHED TEA MUG,3259.75,99.41,0.00,3160.34,3.05,0.03,745,752
23395,BELLE JARDINIERE CUSHION COVER,3257.08,26.25,0.00,3230.83,0.81,0.03,746,739
23053,RECYCLED ACAPULCO MAT PINK,3254.32,8.25,0.00,3246.07,0.25,0.03,747,735
22567,20 DOLLY PEGS RETROSPOT,3251.60,32.70,0.00,3218.90,1.01,0.03,748,740
22187,GREEN CHRISTMAS TREE CARD HOLDER,3245.68,14.70,0.00,3230.98,0.45,0.03,749,738
22430,ENAMEL WATERING CAN CREAM,3241.34,99.00,0.00,3142.34,3.05,0.03,750,753
22746,POPPY'S PLAYHOUSE LIVINGROOM,3236.54,25.20,0.00,3211.34,0.78,0.03,751,743
23051,RECYCLED ACAPULCO MAT BLUE,3223.49,16.50,0.00,3206.99,0.51,0.03,752,745
23230,WRAP ALPHABET DESIGN,3217.92,31.50,0.00,3186.42,0.98,0.03,753,748
20973,12 PENCIL SMALL TUBE WOODLAND,3210.27,2.60,0.00,3207.67,0.08,0.03,754,744
23393,HOME SWEET HOME CUSHION COVER,3207.91,78.75,0.00,3129.16,2.45,0.03,755,755
21135,VICTORIAN  METAL POSTCARD SPRING,3206.00,128.72,0.00,3077.28,4.01,0.03,756,763
23035,DRAWER KNOB CERAMIC IVORY,3199.99,13.05,0.00,3186.94,0.41,0.03,757,747
22360,GLASS JAR ENGLISH CONFECTIONERY,3192.82,282.00,0.00,2910.82,8.83,0.03,758,789
22491,PACK OF 12 COLOURED PENCILS,3183.63,10.20,0.00,3173.43,0.32,0.03,759,749
23342,MINT DINER WALL CLOCK,3176.41,8.50,0.00,3167.91,0.27,0.03,760,750
21115,ROSE CARAVAN DOORSTOP,3162.24,0.00,0.00,3162.24,0.00,0.03,761,751
22778,GLASS CLOCHE SMALL,3146.82,223.12,0.00,2923.70,7.09,0.03,762,786
23323,WHITE WICKER STAR,3146.78,6.30,0.00,3140.48,0.20,0.03,763,754
72807C,SET/3 VANILLA SCENTED CANDLE IN BOX,3145.05,516.70,0.00,2628.35,16.43,0.03,764,856
22465,HANGING METAL STAR LANTERN,3141.54,42.15,0.00,3099.39,1.34,0.03,765,759
84968A,SET OF 16 VINTAGE ROSE CUTLERY,3139.30,127.50,0.00,3011.80,4.06,0.03,766,772
21381,MINI WOODEN HAPPY BIRTHDAY GARLAND,3131.24,42.25,0.00,3088.99,1.35,0.03,767,760
21561,DINOSAUR LUNCH BOX WITH CUTLERY,3127.38,5.10,0.00,3122.28,0.16,0.03,768,756
23346,SPACEBOY BEAKER,3112.34,7.50,0.00,3104.84,0.24,0.03,769,758
21240,BLUE POLKADOT CUP,3110.26,30.34,0.00,3079.92,0.98,0.03,770,762
20754,RETROSPOT RED WASHING UP GLOVES,3088.86,2.10,0.00,3086.76,0.07,0.03,771,761
20828,GLITTER BUTTERFLY CLIPS,3074.78,0.00,0.00,3074.78,0.00,0.03,772,764
22972,CHILDREN'S SPACEBOY MUG,3067.64,56.10,0.00,3011.54,1.83,0.03,773,773
22564,ALPHABET STENCIL CRAFT,3057.27,464.17,0.00,2593.10,15.18,0.03,774,867
84997b,CHILDRENS CUTLERY RETROSPOT RED,3052.92,0.00,0.00,3052.92,0.00,0.03,775,765
23461,SWEETHEART BIRD HOUSE,3041.21,16.60,0.00,3024.61,0.55,0.03,776,769
22604,SET OF 4 NAPKIN CHARMS CUTLERY,3039.66,0.00,0.00,3039.66,0.00,0.03,777,766
23329,DECORATIVE WICKER HEART LARGE,3038.19,4.95,0.00,3033.24,0.16,0.03,778,767
22894,TABLECLOTH RED APPLES DESIGN,3027.38,0.00,0.00,3027.38,0.00,0.03,779,768
23390,DOLLY GIRL MINI BACKPACK,3025.59,4.15,0.00,3021.44,0.14,0.03,780,770
23242,TREASURE TIN BUFFALO BILL,3024.63,56.16,0.00,2968.47,1.86,0.03,781,781
22810,SET OF 6 T-LIGHTS SNOWMEN,3022.08,140.10,0.00,2881.98,4.64,0.03,782,796
22892,SET OF SALT AND PEPPER TOADSTOOLS,3021.60,115.19,0.00,2906.41,3.81,0.03,783,792
22592,CARDHOLDER HOLLY WREATH METAL,3021.12,7.50,0.00,3013.62,0.25,0.03,784,771
21714,CITRONELLA CANDLE GARDEN POT,3010.65,25.00,0.00,2985.65,0.83,0.03,785,776
22945,CHRISTMAS METAL TAGS ASSORTED,3008.92,200.58,0.00,2808.34,6.67,0.03,786,810
23231,WRAP DOILEY DESIGN,3008.34,0.00,0.00,3008.34,0.00,0.03,787,774
21201,TROPICAL  HONEYCOMB PAPER GARLAND,2987.82,2.55,0.00,2985.27,0.09,0.03,788,777
22644,CERAMIC CHERRY CAKE MONEY BANK,2986.97,13.05,0.00,2973.92,0.44,0.03,789,778
85184C,S/4 VALENTINE DECOUPAGE HEART BOX,2985.84,0.00,0.00,2985.84,0.00,0.03,790,775
21810,CHRISTMAS HANGING STAR WITH BELL,2981.84,73.75,0.00,2908.09,2.47,0.03,791,791
16161P,WRAP ENGLISH ROSE,2980.42,10.50,0.00,2969.92,0.35,0.03,792,780
22331,WOODLAND PARTY BAG + STICKER SET,2975.14,3.30,0.00,2971.84,0.11,0.03,793,779
21411,GINGHAM HEART  DOORSTOP RED,2961.83,25.50,0.00,2936.33,0.86,0.03,794,785
22777,GLASS CLOCHE LARGE,2951.53,41.65,0.00,2909.88,1.41,0.03,795,790
21918,SET 12 KIDS COLOUR  CHALK STICKS,2950.25,6.72,0.00,2943.53,0.23,0.03,796,783
22906,12 MESSAGE CARDS WITH ENVELOPES,2947.87,1.65,0.00,2946.22,0.06,0.03,797,782
21625,VINTAGE UNION JACK APRON,2939.51,0.00,0.00,2939.51,0.00,0.03,798,784
35004B,SET OF 3 BLACK FLYING DUCKS,2934.81,136.80,0.00,2798.01,4.66,0.03,799,813
23211,RED ROCKING HORSE HAND PAINTED,2930.57,30.00,0.00,2900.57,1.02,0.03,800,793
85174,S/4 CACTI CANDLES,2927.08,14.15,0.00,2912.93,0.48,0.03,801,788
22078,RIBBON REEL LACE DESIGN,2923.21,0.00,0.00,2923.21,0.00,0.03,802,787
22990,COTTON APRON PANTRY DESIGN,2917.43,553.70,0.00,2363.73,18.98,0.03,803,925
22965,3 TRADITIONAl BISCUIT CUTTERS  SET,2910.61,79.80,0.00,2830.81,2.74,0.03,804,807
22843,BISCUIT TIN VINTAGE GREEN,2904.52,67.50,0.00,2837.02,2.32,0.03,805,806
23056,FLOWERS CHANDELIER T-LIGHT HOLDER,2898.12,1859.07,0.00,1039.05,64.15,0.03,806,1570
21313,GLASS HEART T-LIGHT HOLDER,2893.77,23.62,0.00,2870.15,0.82,0.03,807,799
23290,SPACEBOY CHILDRENS BOWL,2890.35,12.50,0.00,2877.85,0.43,0.03,808,797
23345,DOLLY GIRL BEAKER,2886.25,8.75,0.00,2877.50,0.30,0.03,809,798
21112,"SWISS ROLL TOWEL, PINK  SPOTS",2885.13,0.00,0.00,2885.13,0.00,0.03,810,794
22774,RED DRAWER KNOB ACRYLIC EDWARDIAN,2871.75,19.81,0.00,2851.94,0.69,0.03,811,803
21990,MODERN FLORAL STATIONERY SET,2870.00,15.00,0.00,2855.00,0.52,0.03,812,801
21976,PACK OF 60 MUSHROOM CAKE CASES,2869.90,15.95,0.00,2853.95,0.56,0.03,813,802
22354,RETROSPOT PADDED SEAT CUSHION,2860.98,3.39,0.00,2857.59,0.12,0.03,814,800
23212,HEART WREATH DECORATION WITH BELL,2860.89,75.00,0.00,2785.89,2.62,0.03,815,814
23427,STOOL HOME SWEET HOME,2860.58,22.90,0.00,2837.68,0.80,0.03,816,805
22426,ENAMEL WASH BOWL CREAM,2855.21,45.00,0.00,2810.21,1.58,0.03,817,809
22797,CHEST OF DRAWERS GINGHAM HEART,2851.36,237.30,0.00,2614.06,8.32,0.03,818,860
23504,PLAYING CARDS JUBILEE UNION JACK,2848.89,0.00,0.00,2848.89,0.00,0.03,819,804
22930,BAKING MOULD HEART MILK CHOCOLATE,2846.80,201.60,0.00,2645.20,7.08,0.03,820,852
23196,VINTAGE LEAF MAGNETIC NOTEPAD,2842.24,18.85,0.00,2823.39,0.66,0.03,821,808
22476,EMPIRE UNION JACK TV DINNER TRAY,2839.21,39.60,0.00,2799.61,1.39,0.03,822,812
85178,VICTORIAN SEWING KIT,2822.58,322.85,0.00,2499.73,11.44,0.03,823,888
47599B,BLUE PARTY BAGS,2822.32,109.20,0.00,2713.12,3.87,0.03,824,832
22380,TOY TIDY SPACEBOY,2815.46,77.70,0.00,2737.76,2.76,0.03,825,824
22072,RED RETROSPOT TEA CUP AND SAUCER,2811.17,71.25,0.00,2739.92,2.53,0.03,826,821
21499,BLUE POLKADOT WRAP,2809.34,82.50,0.00,2726.84,2.94,0.03,827,830
21563,RED HEART SHAPE LOVE BUCKET,2803.13,0.00,0.00,2803.13,0.00,0.03,828,811
22762,CUPBOARD 3 DRAWER MA CAMPAGNE,2786.03,244.90,0.00,2541.13,8.79,0.03,829,878
22794,SWEETHEART WIRE MAGAZINE RACK,2784.90,39.75,0.00,2745.15,1.43,0.03,830,818
22963,JAM JAR WITH GREEN LID,2777.99,90.86,0.00,2687.13,3.27,0.03,831,840
22224,WHITE LOVEBIRD LANTERN,2764.06,11.80,0.00,2752.26,0.43,0.03,832,817
21109,LARGE CAKE TOWEL CHOCOLATE SPOTS,2763.20,0.00,0.00,2763.20,0.00,0.03,833,815
23190,BUNDLE OF 3 SCHOOL EXERCISE BOOKS,2761.90,3.30,0.00,2758.60,0.12,0.03,834,816
22925,BLUE GIANT GARDEN THERMOMETER,2757.47,47.60,0.00,2709.87,1.73,0.03,835,833
22196,SMALL HEART MEASURING SPOONS,2754.16,24.13,0.00,2730.03,0.88,0.03,836,827
23147,SINGLE ANTIQUE ROSE HOOK IVORY,2752.20,21.75,0.00,2730.45,0.79,0.03,837,826
23396,LE JARDIN BOTANIQUE CUSHION COVER,2750.53,15.00,0.00,2735.53,0.55,0.03,838,825
22823,CHEST NATURAL WOOD 20 DRAWERS,2745.00,0.00,0.00,2745.00,0.00,0.03,839,819
23266,SET OF 3 WOODEN STOCKING DECORATION,2743.82,15.00,0.00,2728.82,0.55,0.03,840,829
23341,PINK DINER WALL CLOCK,2741.35,0.00,0.00,2741.35,0.00,0.03,841,820
22773,GREEN DRAWER KNOB ACRYLIC EDWARDIAN,2739.40,0.00,0.00,2739.40,0.00,0.03,842,822
23100,SILVER BELLS TABLE DECORATION,2739.38,1.25,0.00,2738.13,0.05,0.03,843,823
22974,CHILDRENS DOLLY GIRL MUG,2729.69,33.00,0.00,2696.69,1.21,0.03,844,836
21985,PACK OF 12 HEARTS DESIGN TISSUES,2729.51,0.00,0.00,2729.51,0.00,0.03,845,828
22283,6 EGG HOUSE PAINTED WOOD,2726.43,31.80,0.00,2694.63,1.17,0.03,846,837
20829,GLITTER HANGING BUTTERFLY STRING,2722.95,205.26,0.00,2517.69,7.54,0.03,847,884
23164,REGENCY CAKE SLICE,2718.65,4.95,0.00,2713.70,0.18,0.03,848,831
84832,ZINC WILLIE WINKIE  CANDLE STICK,2712.70,10.20,0.00,2702.50,0.38,0.03,849,835
23407,SET OF 2 TRAYS HOME SWEET HOME,2709.43,59.70,0.00,2649.73,2.20,0.03,850,851
23489,VINTAGE BELLS GARLAND,2709.23,0.00,0.00,2709.23,0.00,0.03,851,834
21239,PINK  POLKADOT CUP,2707.34,17.85,0.00,2689.49,0.66,0.03,852,839
22927,GREEN GIANT GARDEN THERMOMETER,2704.71,83.30,0.00,2621.41,3.08,0.03,853,858
22278,OVERNIGHT BAG VINTAGE ROSE PAISLEY,2704.35,29.70,0.00,2674.65,1.10,0.03,854,846
23292,SPACEBOY CHILDRENS CUP,2703.33,26.25,0.00,2677.08,0.97,0.03,855,845
23333,IVORY WICKER HEART MEDIUM,2695.45,15.00,0.00,2680.45,0.56,0.03,856,842
22737,RIBBON REEL CHRISTMAS PRESENT,2694.15,66.00,0.00,2628.15,2.45,0.03,857,857
23264,SET OF 3 WOODEN SLEIGH DECORATIONS,2690.81,1.25,0.00,2689.56,0.05,0.03,858,838
72802C,VANILLA SCENT CANDLE JEWELLED BOX,2688.19,579.81,0.00,2108.38,21.57,0.03,859,1005
22702,BLACK AND WHITE CAT BOWL,2684.65,0.00,0.00,2684.65,0.00,0.03,860,841
21811,HANGING HEART WITH BELL,2682.40,18.72,0.00,2663.68,0.70,0.03,861,847
22660,DOORMAT I LOVE LONDON,2678.96,0.00,0.00,2678.96,0.00,0.03,862,843
22691,DOORMAT WELCOME SUNRISE,2678.77,24.15,0.00,2654.62,0.90,0.03,863,850
84568,GIRLS ALPHABET IRON ON PATCHES,2678.33,0.00,0.00,2678.33,0.00,0.03,864,844
22045,SPACEBOY GIFT WRAP,2673.34,31.50,0.00,2641.84,1.18,0.03,865,853
22433,WATERING CAN GREEN DINOSAUR,2667.50,5.85,0.00,2661.65,0.22,0.03,866,848
22130,PARTY CONE CHRISTMAS DECORATION,2664.63,104.53,0.00,2560.10,3.92,0.03,867,874
22329,ROUND CONTAINER SET OF 5 RETROSPOT,2661.89,28.05,0.00,2633.84,1.05,0.03,868,854
21781,MA CAMPAGNE CUTLERY BOX,2661.80,283.15,0.00,2378.65,10.64,0.03,869,916
84997d,CHILDRENS CUTLERY POLKADOT PINK,2657.79,0.00,0.00,2657.79,0.00,0.03,870,849
22582,PACK OF 6 SWEETIE GIFT BOXES,2649.35,30.60,0.00,2618.75,1.16,0.03,871,859
23146,TRIPLE HOOK ANTIQUE IVORY ROSE,2645.26,164.10,0.00,2481.16,6.20,0.03,872,894
22902,TOTE BAG I LOVE LONDON,2633.28,50.40,0.00,2582.88,1.91,0.03,873,870
35961,FOLKART ZINC HEART CHRISTMAS DEC,2629.81,0.85,0.00,2628.96,0.03,0.03,874,855
22792,FLUTED ANTIQUE CANDLE HOLDER,2622.93,10.20,0.00,2612.73,0.39,0.03,875,861
21012,ANTIQUE ALL GLASS CANDLESTICK,2614.05,6.30,0.00,2607.75,0.24,0.03,876,863
22830,UTILTY CABINET WITH HOOKS,2610.29,0.00,0.00,2610.29,0.00,0.03,877,862
22241,GARLAND WOODEN HAPPY EASTER,2609.43,4.81,0.00,2604.62,0.18,0.03,878,864
23054,RECYCLED ACAPULCO MAT LAVENDER,2604.93,8.25,0.00,2596.68,0.32,0.03,879,866
22833,HALL CABINET WITH 3 DRAWERS,2603.53,0.00,0.00,2603.53,0.00,0.03,880,865
22700,BLACK AND WHITE DOG BOWL,2602.18,31.30,0.00,2570.88,1.20,0.03,881,872
22175,PINK OWL SOFT TOY,2594.23,5.90,0.00,2588.33,0.23,0.03,882,869
21500,PINK POLKADOT WRAP,2593.00,0.00,0.00,2593.00,0.00,0.03,883,868
22361,GLASS JAR DAISY FRESH COTTON WOOL,2592.33,35.00,0.00,2557.33,1.35,0.03,884,876
22933,BAKING MOULD EASTER EGG MILK CHOC,2585.92,337.80,0.00,2248.12,13.06,0.03,885,949
47559B,TEA TIME OVEN GLOVE,2584.90,37.50,0.00,2547.40,1.45,0.03,886,877
22822,CREAM WALL PLANTER HEART SHAPED,2582.75,11.90,0.00,2570.85,0.46,0.03,887,873
21735,TWO DOOR CURIO CABINET,2577.45,382.95,0.00,2194.50,14.86,0.03,888,972
22805,BLUE DRAWER KNOB ACRYLIC EDWARDIAN,2576.03,16.25,0.00,2559.78,0.63,0.03,889,875
22610,PENS ASSORTED FUNNY FACE,2571.40,0.00,0.00,2571.40,0.00,0.03,890,871
22937,BAKING MOULD CHOCOLATE CUPCAKES,2563.24,33.15,0.00,2530.09,1.29,0.03,891,881
22358,KINGS CHOICE TEA CADDY,2551.22,23.60,0.00,2527.62,0.93,0.02,892,882
21452,TOADSTOOL MONEY BOX,2549.11,80.20,0.00,2468.91,3.15,0.02,893,897
84596B,SMALL DOLLY MIX DESIGN ORANGE BOWL,2547.42,6.72,0.00,2540.70,0.26,0.02,894,879
22064,PINK DOUGHNUT TRINKET POT,2546.30,56.15,0.00,2490.15,2.21,0.02,895,892
21078,SET/20 STRAWBERRY PAPER NAPKINS,2531.04,0.00,0.00,2531.04,0.00,0.02,896,880
23681,LUNCH BAG RED VINTAGE DOILY,2525.04,0.00,0.00,2525.04,0.00,0.02,897,883
22670,FRENCH WC SIGN BLUE METAL,2516.75,6.25,0.00,2510.50,0.25,0.02,898,886
21556,CERAMIC STRAWBERRY MONEY BOX,2515.52,2.55,0.00,2512.97,0.10,0.02,899,885
21730,GLASS STAR FROSTED T-LIGHT HOLDER,2514.43,68.60,0.00,2445.83,2.73,0.02,900,900
22672,FRENCH BATHROOM SIGN BLUE METAL,2511.22,26.40,0.00,2484.82,1.05,0.02,901,893
23424,GINGHAM RECIPE BOOK BOX,2509.62,4.95,0.00,2504.67,0.20,0.02,902,887
23316,RED REFECTORY CLOCK,2501.64,9.95,0.00,2491.69,0.40,0.02,903,891
72351A,SET/6 TURQUOISE BUTTERFLY T-LIGHTS,2498.75,0.00,0.00,2498.75,0.00,0.02,904,889
21107,CREAM SLICE FLANNEL PINK SPOT,2492.71,0.00,0.00,2492.71,0.00,0.02,905,890
23367,SET 12 COLOUR PENCILS SPACEBOY,2491.20,10.40,0.00,2480.80,0.42,0.02,906,895
21903,MAN FLU METAL SIGN,2490.13,27.30,0.00,2462.83,1.10,0.02,907,898
22075,6 RIBBONS ELEGANT CHRISTMAS,2489.03,19.80,0.00,2469.23,0.80,0.02,908,896
22215,CAKE STAND WHITE TWO TIER LACE,2471.39,17.00,0.00,2454.39,0.69,0.02,909,899
23352,ROLL WRAP 50'S RED CHRISTMAS,2459.20,15.00,0.00,2444.20,0.61,0.02,910,901
85062,PEARL CRYSTAL PUMPKIN T-LIGHT HLDR,2429.50,6.60,0.00,2422.90,0.27,0.02,911,903
21875,KINGS CHOICE MUG,2429.38,35.00,0.00,2394.38,1.44,0.02,912,911
22374,AIRLINE BAG VINTAGE JET SET RED,2427.52,17.00,0.00,2410.52,0.70,0.02,913,906
22573,STAR WOODEN CHRISTMAS DECORATION,2423.00,0.00,0.00,2423.00,0.00,0.02,914,902
23406,HOME SWEET HOME KEY HOLDER,2422.66,18.75,0.00,2403.91,0.77,0.02,915,909
84032B,CHARLIE + LOLA RED HOT WATER BOTTLE,2421.59,133.50,0.00,2288.09,5.51,0.02,916,941
22811,SET OF 6 T-LIGHTS CACTI,2419.29,2.95,0.00,2416.34,0.12,0.02,917,905
22807,SET OF 6 T-LIGHTS TOADSTOOLS,2417.73,0.00,0.00,2417.73,0.00,0.02,918,904
22437,SET OF 9 BLACK SKULL BALLOONS,2417.24,8.50,0.00,2408.74,0.35,0.02,919,908
21328,BALLOONS  WRITING SET,2410.43,0.00,0.00,2410.43,0.00,0.02,920,907
23400,SHELF WITH 4 HOOKS HOME SWEET HOME,2409.34,12.50,0.00,2396.84,0.52,0.02,921,910
22743,MAKE YOUR OWN FLOWERPOWER CARD KIT,2408.54,17.70,0.00,2390.84,0.73,0.02,922,913
23265,SET OF 3 WOODEN TREE DECORATIONS,2404.79,18.75,0.00,2386.04,0.78,0.02,923,914
20978,36 PENCILS TUBE SKULLS,2395.05,20.00,0.00,2375.05,0.84,0.02,924,917
84796B,BLUE SAVANNAH PICNIC HAMPER FOR 2,2393.59,0.00,0.00,2393.59,0.00,0.02,925,912
22939,APRON APPLE DELIGHT,2392.67,69.30,0.00,2323.37,2.90,0.02,926,935
22167,OVAL WALL MIRROR DIAMANTE,2391.12,49.75,0.00,2341.37,2.08,0.02,927,930
84969,BOX OF 6 ASSORTED COLOUR TEASPOONS,2389.52,8.50,0.00,2381.02,0.36,0.02,928,915
11001,ASSTD DESIGN RACING CAR PEN,2389.44,237.05,0.00,2152.39,9.92,0.02,929,984
22282,12 EGG HOUSE PAINTED WOOD,2378.52,12.75,0.00,2365.77,0.54,0.02,930,923
23028,DRAWER KNOB CRACKLE GLAZE BLUE,2377.13,11.55,0.00,2365.58,0.49,0.02,931,924
22440,BALLOON WATER BOMB PACK OF 35,2375.04,4.20,0.00,2370.84,0.18,0.02,932,921
20983,12 PENCILS TALL TUBE RED RETROSPOT,2374.81,5.95,0.00,2368.86,0.25,0.02,933,922
84997c,CHILDRENS CUTLERY POLKADOT BLUE,2374.44,0.00,0.00,2374.44,0.00,0.02,934,918
23437,50'S CHRISTMAS GIFT BAG LARGE,2373.63,2.50,0.00,2371.13,0.11,0.02,935,920
23498,CLASSIC BICYCLE CLIPS,2372.68,0.00,0.00,2372.68,0.00,0.02,936,919
22851,SET 20 NAPKINS FAIRY CAKES DESIGN,2368.64,11.05,0.00,2357.59,0.47,0.02,937,926
23048,SET OF 10 LANTERNS FAIRY LIGHT STAR,2368.37,136.95,0.00,2231.42,5.78,0.02,938,959
23436,VINTAGE CHRISTMAS GIFT BAG LARGE,2367.39,18.75,0.00,2348.64,0.79,0.02,939,928
37500,TEA TIME TEAPOT IN GIFT BOX,2360.68,24.85,0.00,2335.83,1.05,0.02,940,933
21495,SKULLS AND CROSSBONES WRAP,2356.00,10.50,0.00,2345.50,0.45,0.02,941,929
23401,RUSTIC MIRROR WITH LACE HEART,2354.87,18.75,0.00,2336.12,0.80,0.02,942,932
23412,HEART MIRROR ANTIQUE WHITE,2354.80,15.00,0.00,2339.80,0.64,0.02,943,931
22070,SMALL RED RETROSPOT MUG IN BOX,2354.40,336.54,0.00,2017.86,14.29,0.02,944,1039
22548,HEADS AND TAILS SPORTING FUN,2348.94,0.00,0.00,2348.94,0.00,0.02,945,927
22425,ENAMEL COLANDER CREAM,2346.12,29.70,0.00,2316.42,1.27,0.02,946,936
21700,BIG DOUGHNUT FRIDGE MAGNETS,2334.94,30.60,0.00,2304.34,1.31,0.02,947,938
16156S,WRAP PINK FAIRY CAKES,2331.00,0.00,0.00,2331.00,0.00,0.02,948,934
20977,36 PENCILS TUBE WOODLAND,2328.64,93.75,0.00,2234.89,4.03,0.02,949,956
23371,SET 36 COLOUR PENCILS SPACEBOY,2304.78,0.00,0.00,2304.78,0.00,0.02,950,937
23029,DRAWER KNOB CRACKLE GLAZE GREEN,2303.92,46.20,0.00,2257.72,2.01,0.02,951,948
23197,SKETCHBOOK MAGNETIC SHOPPING LIST,2303.50,36.25,0.00,2267.25,1.57,0.02,952,946
22483,RED GINGHAM TEDDY BEAR,2302.94,2.95,0.00,2299.99,0.13,0.02,953,939
22736,RIBBON REEL MAKING SNOWMEN,2297.10,21.45,0.00,2275.65,0.93,0.02,954,945
84950,ASSORTED COLOUR T-LIGHT HOLDER,2297.03,6.10,0.00,2290.93,0.27,0.02,955,940
22829,SWEETHEART WIRE WALL TIDY,2295.43,87.90,0.00,2207.53,3.83,0.02,956,967
22441,GROW YOUR OWN BASIL IN ENAMEL MUG,2292.91,6.30,0.00,2286.61,0.27,0.02,957,942
23330,DECORATIVE WICKER HEART MEDIUM,2286.97,7.50,0.00,2279.47,0.33,0.02,958,944
23360,SET 8 CANDLES VINTAGE DOILY,2286.40,0.00,0.00,2286.40,0.00,0.02,959,943
21813,GARLAND WITH STARS AND BELLS,2280.47,34.65,0.00,2245.82,1.52,0.02,960,950
85175,CACTI T-LIGHT CANDLES,2278.90,41.16,0.00,2237.74,1.81,0.02,961,952
21896,POTTING SHED TWINE,2272.79,9.75,0.00,2263.04,0.43,0.02,962,947
23252,VINTAGE RED ENAMEL TRIM JUG,2261.61,123.75,0.00,2137.86,5.47,0.02,963,990
22914,BLUE COAT RACK PARIS FASHION,2261.21,24.75,0.00,2236.46,1.09,0.02,964,954
23128,FELTCRAFT BOY JEAN-PAUL KIT,2258.66,34.65,0.00,2224.01,1.53,0.02,965,960
22983,CARD BILLBOARD FONT,2256.56,68.76,0.00,2187.80,3.05,0.02,966,976
46000S,POLYESTER FILLER PAD 40x40cm,2256.20,63.80,0.00,2192.40,2.83,0.02,967,975
21069,VINTAGE BILLBOARD TEA MUG,2250.52,743.06,0.00,1507.46,33.02,0.02,968,1272
23093,SMALL PARISIENNE HEART PHOTO FRAME,2239.24,7.47,0.00,2231.77,0.33,0.02,969,958
22030,SWALLOWS GREETING CARD,2237.89,0.00,0.00,2237.89,0.00,0.02,970,951
23326,HANGING MINI COLOURED BOTTLES,2237.08,0.00,0.00,2237.08,0.00,0.02,971,953
22185,SLATE TILE NATURAL HANGING,2235.94,0.00,0.00,2235.94,0.00,0.02,972,955
21989,PACK OF 20 SKULL PAPER NAPKINS,2233.10,0.00,0.00,2233.10,0.00,0.02,973,957
23079,TOADSTOOL BEDSIDE LIGHT,2225.45,125.30,0.00,2100.15,5.63,0.02,974,1007
21471,STRAWBERRY RAFFIA FOOD COVER,2220.59,15.00,0.00,2205.59,0.68,0.02,975,968
22601,CHRISTMAS RETROSPOT ANGEL WOOD,2219.83,3.40,0.00,2216.43,0.15,0.02,976,962
23501,KEY RING BASEBALL BOOT UNION JACK,2217.87,0.00,0.00,2217.87,0.00,0.02,977,961
21982,PACK OF 12 SUKI TISSUES,2215.61,0.39,0.00,2215.22,0.02,0.02,978,963
21794,CLASSIC FRENCH STYLE BASKET NATURAL,2213.42,11.85,0.00,2201.57,0.54,0.02,979,971
82494l,WOODEN FRAME ANTIQUE WHITE,2211.60,0.00,0.00,2211.60,0.00,0.02,980,964
22478,BIRDHOUSE GARDEN MARKER,2210.62,0.00,0.00,2210.62,0.00,0.02,981,965
23438,RED SPOT GIFT BAG LARGE,2209.92,0.00,0.00,2209.92,0.00,0.02,982,966
37448,CERAMIC CAKE DESIGN SPOTTED MUG,2206.63,67.05,0.00,2139.58,3.04,0.02,983,989
10135,COLOURING PENCILS BROWN TUBE,2204.89,1.25,0.00,2203.64,0.06,0.02,984,969
23403,LETTER HOLDER HOME SWEET HOME,2204.11,11.25,0.00,2192.86,0.51,0.02,985,974
22574,HEART WOODEN CHRISTMAS DECORATION,2199.59,138.24,0.00,2061.35,6.28,0.02,986,1020
21042,RED RETROSPOT APRON,2199.52,34.40,0.00,2165.12,1.56,0.02,987,978
21900,"KEY FOB , SHED",2197.17,3.25,0.00,2193.92,0.15,0.02,988,973
23020,GLASS  SONGBIRD STORAGE JAR,2191.84,73.65,0.00,2118.19,3.36,0.02,989,1001
22571,ROCKING HORSE RED CHRISTMAS,2185.48,80.17,0.00,2105.31,3.67,0.02,990,1006
23302,KNEELING MAT HOUSEWORK  DESIGN,2181.42,54.24,0.00,2127.18,2.49,0.02,991,995
22763,KEY CABINET MA CAMPAGNE,2176.32,49.75,0.00,2126.57,2.29,0.02,992,996
22357,KINGS CHOICE BISCUIT TIN,2175.04,76.50,0.00,2098.54,3.52,0.02,993,1009
21878,PACK OF 6 SANDCASTLE FLAGS ASSORTED,2172.20,11.05,0.00,2161.15,0.51,0.02,994,980
22377,BOTTLE BAG RETROSPOT,2171.53,18.45,0.00,2153.08,0.85,0.02,995,983
85038,6 CHOCOLATE LOVE HEART T-LIGHTS,2171.26,0.00,0.00,2171.26,0.00,0.02,996,977
22732,3D VINTAGE CHRISTMAS STICKERS,2162.75,0.00,0.00,2162.75,0.00,0.02,997,979
23445,ICE CREAM BUBBLES,2161.24,16.60,0.00,2144.64,0.77,0.02,998,988
21249,WOODLAND  HEIGHT CHART STICKERS,2160.00,0.00,0.00,2160.00,0.00,0.02,999,981
22121,NOEL WOODEN BLOCK LETTERS,2159.70,5.95,0.00,2153.75,0.28,0.02,1000,982
22704,WRAP RED APPLES,2158.26,21.00,0.00,2137.26,0.97,0.02,1001,991
82581,TOILET METAL SIGN,2155.89,11.16,0.00,2144.73,0.52,0.02,1002,987
22920,HERB MARKER BASIL,2153.34,841.05,0.00,1312.29,39.06,0.02,1003,1388
22107,PIZZA PLATE IN BOX,2153.06,76.25,0.00,2076.81,3.54,0.02,1004,1016
23031,DRAWER KNOB CRACKLE GLAZE PINK,2152.30,33.00,0.00,2119.30,1.53,0.02,1005,1000
23370,SET 36 COLOURING PENCILS DOILY,2151.60,1.25,0.00,2150.35,0.06,0.02,1006,985
21592,RETROSPOT CIGAR BOX MATCHES,2149.07,0.00,0.00,2149.07,0.00,0.02,1007,986
23161,REGENCY CAKE FORK,2145.30,15.00,0.00,2130.30,0.70,0.02,1008,993
22588,CARD HOLDER GINGHAM HEART,2141.32,411.87,0.00,1729.45,19.23,0.02,1009,1153
23213,STAR WREATH DECORATION WITH BELL,2138.42,15.00,0.00,2123.42,0.70,0.02,1010,999
23066,SMALL DECO JEWELLERY STAND,2137.81,8.25,0.00,2129.56,0.39,0.02,1011,994
40016,CHINESE DRAGON PAPER LANTERNS,2136.34,0.00,0.00,2136.34,0.00,0.02,1012,992
22973,CHILDREN'S CIRCUS PARADE MUG,2136.01,36.30,0.00,2099.71,1.70,0.02,1013,1008
22128,PARTY CONES CANDY ASSORTED,2127.53,70.00,0.00,2057.53,3.29,0.02,1014,1022
23005,TRAVEL CARD WALLET I LOVE LONDON,2126.55,0.42,0.00,2126.13,0.02,0.02,1015,997
22509,SEWING BOX RETROSPOT DESIGN,2124.54,239.20,0.00,1885.34,11.26,0.02,1016,1088
84356,POMPOM CURTAIN,2124.15,0.00,0.00,2124.15,0.00,0.02,1017,998
21980,PACK OF 12 RED RETROSPOT TISSUES,2121.18,38.28,0.00,2082.90,1.80,0.02,1018,1014
37450,CERAMIC CAKE BOWL + HANGING CAKES,2117.54,96.20,0.00,2021.34,4.54,0.02,1019,1037
22498,WOODEN REGATTA BUNTING,2116.04,0.00,0.00,2116.04,0.00,0.02,1020,1002
21718,RED METAL BEACH SPADE,2113.39,1.25,0.00,2112.14,0.06,0.02,1021,1003
22156,HEART DECORATION WITH PEARLS,2113.13,88.21,0.00,2024.92,4.17,0.02,1022,1034
23046,PAPER LANTERN 9 POINT DELUXE STAR,2111.49,0.00,0.00,2111.49,0.00,0.02,1023,1004
22891,TEA FOR ONE POLKADOT,2108.18,127.50,0.00,1980.68,6.05,0.02,1024,1052
23251,VINTAGE RED ENAMEL TRIM MUG,2105.75,72.50,0.00,2033.25,3.44,0.02,1025,1032
23233,WRAP POPPIES  DESIGN,2105.50,10.50,0.00,2095.00,0.50,0.02,1026,1011
22733,3D TRADITIONAL CHRISTMAS STICKERS,2095.08,0.00,0.00,2095.08,0.00,0.02,1027,1010
22996,TRAVEL CARD WALLET VINTAGE TICKET,2094.93,10.92,0.00,2084.01,0.52,0.02,1028,1013
23315,IVORY REFECTORY CLOCK,2094.24,97.80,0.00,1996.44,4.67,0.02,1029,1046
21609,SET 12 LAVENDER  BOTANICAL T-LIGHTS,2086.69,0.00,0.00,2086.69,0.00,0.02,1030,1012
21506,"FANCY FONT BIRTHDAY CARD,",2085.89,5.04,0.00,2080.85,0.24,0.02,1031,1015
22593,CHRISTMAS GINGHAM STAR,2085.64,103.68,0.00,1981.96,4.97,0.02,1032,1050
22744,MAKE YOUR OWN MONSOON CARD KIT,2084.85,23.60,0.00,2061.25,1.13,0.02,1033,1021
22055,MINI CAKE STAND  HANGING STRAWBERY,2083.19,37.75,0.00,2045.44,1.81,0.02,1034,1027
22059,CERAMIC STRAWBERRY DESIGN MUG,2081.54,35.76,0.00,2045.78,1.72,0.02,1035,1026
22747,POPPY'S PLAYHOUSE BATHROOM,2080.85,12.60,0.00,2068.25,0.61,0.02,1036,1018
23152,IVORY SWEETHEART WIRE LETTER RACK,2080.65,26.25,0.00,2054.40,1.26,0.02,1037,1023
22831,WHITE BROCANTE SOAP DISH,2070.90,0.00,0.00,2070.90,0.00,0.02,1038,1017
22863,SOAP DISH BROCANTE,2070.73,38.35,0.00,2032.38,1.85,0.02,1039,1033
23227,FILIGREE HEART BUTTERFLY WHITE,2070.06,7.50,0.00,2062.56,0.36,0.02,1040,1019
22935,BAKING MOULD ROSE MILK CHOCOLATE,2066.82,198.00,0.00,1868.82,9.58,0.02,1041,1097
23291,DOLLY GIRL CHILDRENS CUP,2059.03,12.50,0.00,2046.53,0.61,0.02,1042,1025
22955,36 FOIL STAR CAKE CASES,2053.35,0.00,0.00,2053.35,0.00,0.02,1043,1024
22101,MIRROR MOSAIC VOTIVE HOLDER,2053.17,126.36,0.00,1926.81,6.15,0.02,1044,1072
47504K,ENGLISH ROSE GARDEN SECATEURS,2048.66,9.48,0.00,2039.18,0.46,0.02,1045,1029
21864,UNION JACK FLAG PASSPORT COVER,2041.69,42.00,0.00,1999.69,2.06,0.02,1046,1044
20751,FUNKY WASHING UP GLOVES ASSORTED,2041.52,2.10,0.00,2039.42,0.10,0.02,1047,1028
22414,DOORMAT NEIGHBOURHOOD WITCH,2038.39,16.20,0.00,2022.19,0.79,0.02,1048,1035
23500,KEY RING BASEBALL BOOT ASSORTED,2038.33,0.00,0.00,2038.33,0.00,0.02,1049,1030
22803,IVORY EMBROIDERED QUILT,2038.09,0.00,0.00,2038.09,0.00,0.02,1050,1031
23490,T-LIGHT HOLDER HANGING LOVE BIRD,2032.77,11.25,0.00,2021.52,0.55,0.02,1051,1036
22788,BROCANTE COAT RACK,2025.96,56.80,0.00,1969.16,2.80,0.02,1052,1053
22602,RETROSPOT WOODEN HEART DECORATION,2023.87,34.00,0.00,1989.87,1.68,0.02,1053,1047
22115,METAL SIGN EMPIRE TEA,2020.91,0.00,0.00,2020.91,0.00,0.02,1054,1038
23268,SET OF 2 CERAMIC CHRISTMAS REINDEER,2018.14,17.40,0.00,2000.74,0.86,0.02,1055,1042
20674,GREEN POLKADOT BOWL,2016.23,7.50,0.00,2008.73,0.37,0.02,1056,1041
22959,WRAP CHRISTMAS VILLAGE,2014.42,126.00,0.00,1888.42,6.25,0.02,1057,1086
23289,DOLLY GIRL CHILDRENS BOWL,2013.70,15.00,0.00,1998.70,0.74,0.02,1058,1045
22897,OVEN MITT APPLES DESIGN,2013.10,60.90,0.00,1952.20,3.03,0.02,1059,1063
84880,WHITE WIRE EGG HOLDER,2012.74,55.10,0.00,1957.64,2.74,0.02,1060,1060
23529,WALL ART DOLLY GIRL,2011.99,0.00,0.00,2011.99,0.00,0.02,1061,1040
22503,CABIN BAG VINTAGE PAISLEY,2010.12,461.85,0.00,1548.27,22.98,0.02,1062,1249
23358,HOT STUFF HOT WATER BOTTLE,2008.38,125.94,0.00,1882.44,6.27,0.02,1063,1089
23274,STAR T-LIGHT HOLDER WILLIE WINKIE,2005.00,4.95,0.00,2000.05,0.25,0.02,1064,1043
22080,RIBBON REEL POLKADOTS,2003.48,16.50,0.00,1986.98,0.82,0.02,1065,1048
22859,EASTER TIN BUNNY BOUQUET,2003.07,52.80,0.00,1950.27,2.64,0.02,1066,1064
22364,GLASS JAR DIGESTIVE BISCUITS,2001.32,182.45,0.00,1818.87,9.12,0.02,1067,1117
22932,BAKING MOULD TOFFEE CUP CHOCOLATE,2000.88,262.80,0.00,1738.08,13.13,0.02,1068,1147
51014A,"FEATHER PEN,HOT PINK",2000.06,61.20,0.00,1938.86,3.06,0.02,1069,1067
85049G,CHOCOLATE BOX RIBBONS,1999.19,17.50,0.00,1981.69,0.88,0.02,1070,1051
22186,RED STAR CARD HOLDER,1997.48,132.15,0.00,1865.33,6.62,0.02,1071,1099
21591,COSY HOUR CIGAR BOX MATCHES,1996.14,67.50,0.00,1928.64,3.38,0.02,1072,1070
22928,YELLOW GIANT GARDEN THERMOMETER,1993.75,35.70,0.00,1958.05,1.79,0.02,1073,1059
72802B,OCEAN SCENT CANDLE IN JEWELLED BOX,1993.48,662.24,0.00,1331.24,33.22,0.02,1074,1373
22579,WOODEN TREE CHRISTMAS SCANDINAVIAN,1988.02,81.60,0.00,1906.42,4.10,0.02,1075,1078
21622,VINTAGE UNION JACK CUSHION COVER,1982.64,89.10,0.00,1893.54,4.49,0.02,1076,1083
23357,HOT WATER BOTTLE SEX BOMB,1982.05,0.00,0.00,1982.05,0.00,0.02,1077,1049
23145,ZINC T-LIGHT HOLDER STAR LARGE,1979.48,10.45,0.00,1969.03,0.53,0.02,1078,1054
15039,SANDALWOOD FAN,1978.64,22.10,0.00,1956.54,1.12,0.02,1079,1061
37446,MINI CAKE STAND WITH HANGING CAKES,1976.09,88.85,0.00,1887.24,4.50,0.02,1080,1087
21916,SET 12 RETRO WHITE CHALK STICKS,1973.49,10.08,0.00,1963.41,0.51,0.02,1081,1057
22477,WATERING CAN GARDEN MARKER,1967.90,1.25,0.00,1966.65,0.06,0.02,1082,1056
23068,ALUMINIUM STAMPED HEART,1966.93,0.00,0.00,1966.93,0.00,0.02,1083,1055
22931,BAKING MOULD HEART WHITE CHOCOLATE,1963.30,0.00,0.00,1963.30,0.00,0.02,1084,1058
23374,RED SPOT PAPER GIFT BAG,1962.83,13.12,0.00,1949.71,0.67,0.02,1085,1065
23075,PARLOUR CERAMIC WALL HOOK,1960.30,141.10,0.00,1819.20,7.20,0.02,1086,1115
23228,FILIGREE HEART BIRD WHITE,1960.00,149.76,0.00,1810.24,7.64,0.02,1087,1122
84031A,CHARLIE+LOLA RED HOT WATER BOTTLE,1959.91,39.00,0.00,1920.91,1.99,0.02,1088,1074
85123a,WHITE HANGING HEART T-LIGHT HOLDER,1952.48,0.00,0.00,1952.48,0.00,0.02,1089,1062
23235,STORAGE TIN VINTAGE LEAF,1950.66,40.46,0.00,1910.20,2.07,0.02,1090,1076
22312,OFFICE MUG WARMER POLKADOT,1950.49,76.70,0.00,1873.79,3.93,0.02,1091,1094
20992,JAZZ HEARTS PURSE NOTEBOOK,1944.63,0.00,0.00,1944.63,0.00,0.02,1092,1066
84596F,SMALL MARSHMALLOWS PINK BOWL,1943.62,6.72,0.00,1936.90,0.35,0.02,1093,1068
22824,3 TIER SWEETHEART GARDEN SHELF,1938.25,35.95,0.00,1902.30,1.85,0.02,1094,1081
22639,SET OF 4 NAPKIN CHARMS HEARTS,1935.16,0.00,0.00,1935.16,0.00,0.02,1095,1069
22412,METAL SIGN NEIGHBOURHOOD WITCH,1931.85,4.20,0.00,1927.65,0.22,0.02,1096,1071
22199,FRYING PAN RED RETROSPOT,1926.59,34.00,0.00,1892.59,1.76,0.02,1097,1084
23094,LE GRAND TRAY CHIC SET,1924.92,25.00,0.00,1899.92,1.30,0.02,1098,1082
21192,WHITE BELL HONEYCOMB PAPER,1923.29,0.00,0.00,1923.29,0.00,0.02,1099,1073
22183,CAKE STAND VICTORIAN FILIGREE MED,1916.01,8.95,0.00,1907.06,0.47,0.02,1100,1077
20963,APPLE BATH SPONGE,1911.17,0.00,0.00,1911.17,0.00,0.02,1101,1075
22291,HANGING CHICK CREAM DECORATION,1906.02,34.80,0.00,1871.22,1.83,0.02,1102,1095
22594,CHRISTMAS GINGHAM TREE,1905.77,0.85,0.00,1904.92,0.04,0.02,1103,1080
84968F,SET OF 16 VINTAGE SKY BLUE CUTLERY,1905.68,0.00,0.00,1905.68,0.00,0.02,1104,1079
23155,KNICKERBOCKERGLORY MAGNET ASSORTED,1904.77,129.71,0.00,1775.06,6.81,0.02,1105,1133
23491,VINTAGE JINGLE BELLS HEART,1897.76,8.25,0.00,1889.51,0.43,0.02,1106,1085
16169E,WRAP 50'S  CHRISTMAS,1892.46,52.50,0.00,1839.96,2.77,0.02,1107,1109
21068,VINTAGE BILLBOARD LOVE/HATE MUG,1890.33,45.66,0.00,1844.67,2.42,0.02,1108,1104
35004C,SET OF 3 COLOURED  FLYING DUCKS,1888.10,170.60,0.00,1717.50,9.04,0.02,1109,1161
15058B,PINK POLKADOT GARDEN PARASOL,1885.27,37.35,0.00,1847.92,1.98,0.02,1110,1103
23434,3 RAFFIA RIBBONS 50'S CHRISTMAS,1884.17,7.90,0.00,1876.27,0.42,0.02,1111,1092
85061W,WHITE JEWELLED HEART DECORATION,1882.15,5.95,0.00,1876.20,0.32,0.02,1112,1093
20982,12 PENCILS TALL TUBE SKULLS,1880.67,3.40,0.00,1877.27,0.18,0.02,1113,1091
21534,DAIRY MAID LARGE MILK JUG,1879.18,64.35,0.00,1814.83,3.42,0.02,1114,1118
23394,POSTE FRANCE CUSHION COVER,1877.65,0.00,0.00,1877.65,0.00,0.02,1115,1090
22027,TEA PARTY BIRTHDAY CARD,1873.71,61.92,0.00,1811.79,3.30,0.02,1116,1120
22534,MAGIC DRAWING SLATE SPACEBOY,1871.12,0.84,0.00,1870.28,0.04,0.02,1117,1096
22198,LARGE POPCORN HOLDER,1870.91,69.35,0.00,1801.56,3.71,0.02,1118,1127
23090,VINTAGE GLASS T-LIGHT HOLDER,1870.03,7.47,0.00,1862.56,0.40,0.02,1119,1102
23359,SET OF 12 T-LIGHTS VINTAGE DOILY,1866.46,0.00,0.00,1866.46,0.00,0.02,1120,1098
70006,LOVE HEART POCKET WARMER,1863.98,0.00,0.00,1863.98,0.00,0.02,1121,1100
23525,WALL ART BUFFALO BILL,1863.82,22.50,0.00,1841.32,1.21,0.02,1122,1107
21988,PACK OF 6 SKULL PAPER PLATES,1862.75,0.00,0.00,1862.75,0.00,0.02,1123,1101
22858,EASTER TIN KEEPSAKE,1860.78,16.50,0.00,1844.28,0.89,0.02,1124,1105
22428,ENAMEL FIRE BUCKET CREAM,1854.76,20.85,0.00,1833.91,1.12,0.02,1125,1112
21870,I CAN ONLY PLEASE ONE PERSON MUG,1851.46,32.50,0.00,1818.96,1.76,0.02,1126,1116
22220,CAKE STAND LOVEBIRD 2 TIER WHITE,1849.25,201.50,0.00,1647.75,10.90,0.02,1127,1199
72807A,SET/3 ROSE CANDLE IN JEWELLED BOX,1845.57,38.25,0.00,1807.32,2.07,0.02,1128,1124
22944,CHRISTMAS METAL POSTCARD WITH BELLS,1843.64,5.93,0.00,1837.71,0.32,0.02,1129,1110
21557,SET OF 6 FUNKY BEAKERS,1843.61,0.00,0.00,1843.61,0.00,0.02,1130,1106
23378,PACK OF 12 50'S CHRISTMAS TISSUES,1840.08,0.00,0.00,1840.08,0.00,0.02,1131,1108
22651,GENTLEMAN SHIRT REPAIR KIT,1837.47,0.00,0.00,1837.47,0.00,0.02,1132,1111
21873,IF YOU CAN'T STAND THE HEAT MUG,1834.30,100.07,0.00,1734.23,5.46,0.02,1133,1150
21564,PINK  HEART SHAPE LOVE BUCKET,1831.62,8.05,0.00,1823.57,0.44,0.02,1134,1113
72807B,SET/3 OCEAN SCENT CANDLE JEWEL BOX,1822.21,12.75,0.00,1809.46,0.70,0.02,1135,1123
22712,CARD DOLLY GIRL,1822.20,10.50,0.00,1811.70,0.58,0.02,1136,1121
22223,CAKE PLATE LOVEBIRD PINK,1821.61,0.00,0.00,1821.61,0.00,0.02,1137,1114
15044D,RED PAPER PARASOL,1819.76,5.50,0.00,1814.26,0.30,0.02,1138,1119
21713,CITRONELLA CANDLE FLOWERPOT,1817.74,32.35,0.00,1785.39,1.78,0.02,1139,1131
23148,MINIATURE ANTIQUE ROSE HOOK IVORY,1816.31,10.79,0.00,1805.52,0.59,0.02,1140,1125
22200,FRYING PAN PINK POLKADOT,1809.48,15.00,0.00,1794.48,0.83,0.02,1141,1128
15060B,FAIRY CAKE DESIGN UMBRELLA,1807.55,3.75,0.00,1803.80,0.21,0.02,1142,1126
22536,MAGIC DRAWING SLATE PURDEY,1803.95,47.82,0.00,1756.13,2.65,0.02,1143,1139
85034C,3 ROSE MORRIS BOXED CANDLES,1800.00,73.00,0.00,1727.00,4.06,0.02,1144,1156
23160,REGENCY TEA SPOON,1794.48,7.50,0.00,1786.98,0.42,0.02,1145,1130
21832,CHOCOLATE CALCULATOR,1790.10,41.25,0.00,1748.85,2.30,0.02,1146,1142
21245,GREEN POLKADOT PLATE,1787.20,0.00,0.00,1787.20,0.00,0.02,1147,1129
21034,REX CASH+CARRY JUMBO SHOPPER,1784.10,19.95,0.00,1764.15,1.12,0.02,1148,1135
22832,BROCANTE SHELF WITH HOOKS,1781.82,75.25,0.00,1706.57,4.22,0.02,1149,1165
21114,LAVENDER SCENTED FABRIC HEART,1778.08,12.50,0.00,1765.58,0.70,0.02,1150,1134
23317,BLUE REFECTORY CLOCK,1777.46,0.00,0.00,1777.46,0.00,0.02,1151,1132
22710,WRAP I LOVE LONDON,1774.42,21.00,0.00,1753.42,1.18,0.02,1152,1140
23057,BEADED CHANDELIER T-LIGHT HOLDER,1768.67,636.15,0.00,1132.52,35.97,0.02,1153,1498
21439,BASKET OF TOADSTOOLS,1767.15,432.48,0.00,1334.67,24.47,0.02,1154,1370
21056,DOCTOR'S BAG SOFT TOY,1765.40,17.90,0.00,1747.50,1.01,0.02,1155,1143
21055,TOOL BOX SOFT TOY,1764.64,53.70,0.00,1710.94,3.04,0.02,1156,1163
22562,MONSTERS STENCIL CRAFT,1763.37,0.00,0.00,1763.37,0.00,0.02,1157,1136
85035C,ROSE 3 WICK MORRIS BOX CANDLE,1760.66,0.00,0.00,1760.66,0.00,0.02,1158,1137
22452,MEASURING TAPE BABUSHKA PINK,1760.31,2.95,0.00,1757.36,0.17,0.02,1159,1138
22314,OFFICE MUG WARMER CHOC+BLUE,1759.12,5.90,0.00,1753.22,0.34,0.02,1160,1141
21899,GARAGE KEY FOB,1757.97,27.95,0.00,1730.02,1.59,0.02,1161,1152
22852,DOG BOWL VINTAGE CREAM,1757.88,21.25,0.00,1736.63,1.21,0.02,1162,1149
23372,SET 36 COLOUR PENCILS DOLLY GIRL,1750.29,20.00,0.00,1730.29,1.14,0.02,1163,1151
21812,GARLAND WITH HEARTS AND BELLS,1746.27,69.30,0.00,1676.97,3.97,0.02,1164,1182
23399,HOME SWEET HOME HANGING HEART,1745.55,0.00,0.00,1745.55,0.00,0.02,1165,1144
20961,STRAWBERRY BATH SPONGE,1745.43,62.50,0.00,1682.93,3.58,0.02,1166,1180
21584,RETROSPOT SMALL TUBE MATCHES,1743.35,1.65,0.00,1741.70,0.09,0.02,1167,1145
20981,12 PENCILS TALL TUBE WOODLAND,1740.57,16.15,0.00,1724.42,0.93,0.02,1168,1157
23101,SILVER STARS TABLE DECORATION,1739.63,0.00,0.00,1739.63,0.00,0.02,1169,1146
23096,PETIT TRAY CHIC,1736.69,0.00,0.00,1736.69,0.00,0.02,1170,1148
22119,PEACE WOODEN BLOCK LETTERS,1734.87,6.95,0.00,1727.92,0.40,0.02,1171,1154
23244,ROUND STORAGE TIN VINTAGE LEAF,1733.98,16.95,0.00,1717.03,0.98,0.02,1172,1162
23181,BULL DOG BOTTLE TOP WALL CLOCK,1733.57,33.00,0.00,1700.57,1.90,0.02,1173,1167
47570B,TEA TIME TABLE CLOTH,1727.23,0.00,0.00,1727.23,0.00,0.02,1174,1155
23122,PARTY CHARMS 50 PIECES,1726.09,2.49,0.00,1723.60,0.14,0.02,1175,1159
21329,DINOSAURS  WRITING SET,1723.69,0.00,0.00,1723.69,0.00,0.02,1176,1158
21586,KINGS CHOICE GIANT TUBE MATCHES,1721.85,33.15,0.00,1688.70,1.93,0.02,1177,1176
21845,DAIRY MAID STRIPE MUG,1720.30,75.64,0.00,1644.66,4.40,0.02,1178,1200
22526,WHEELBARROW FOR CHILDREN,1720.26,76.50,0.00,1643.76,4.45,0.02,1179,1201
85015,SET OF 12  VINTAGE POSTCARD SET,1718.54,0.00,0.00,1718.54,0.00,0.02,1180,1160
22544,MINI JIGSAW SPACEBOY,1714.92,18.06,0.00,1696.86,1.05,0.02,1181,1169
22986,WRAP GINGHAM ROSE,1712.10,10.50,0.00,1701.60,0.61,0.02,1182,1166
22227,HANGING HEART MIRROR DECORATION,1708.07,1.30,0.00,1706.77,0.08,0.02,1183,1164
22934,BAKING MOULD EASTER EGG WHITE CHOC,1707.47,8.85,0.00,1698.62,0.52,0.02,1184,1168
23073,GEORGIAN TRINKET BOX,1706.50,12.50,0.00,1694.00,0.73,0.02,1185,1174
21917,SET 12 KIDS  WHITE CHALK STICKS,1701.93,5.46,0.00,1696.47,0.32,0.02,1186,1170
37340,MULTICOLOUR SPRING FLOWER MUG,1695.86,1.17,0.00,1694.69,0.07,0.02,1187,1173
22037,ROBOT BIRTHDAY CARD,1695.32,0.00,0.00,1695.32,0.00,0.02,1188,1171
23214,JINGLE BELL HEART ANTIQUE GOLD,1695.04,0.00,0.00,1695.04,0.00,0.02,1189,1172
22674,FRENCH TOILET SIGN BLUE METAL,1692.72,16.25,0.00,1676.47,0.96,0.02,1190,1183
22816,CARD MOTORBIKE SANTA,1691.76,0.00,0.00,1691.76,0.00,0.02,1191,1175
51008,AFGHAN SLIPPER SOCK PAIR,1690.55,6.90,0.00,1683.65,0.41,0.02,1192,1179
21544,SKULLS  WATER TRANSFER TATTOOS,1687.68,0.00,0.00,1687.68,0.00,0.02,1193,1177
16161U,WRAP SUKI AND FRIENDS,1687.50,10.50,0.00,1677.00,0.62,0.02,1194,1181
21207,SKULL AND CROSSBONES  GARLAND,1684.85,0.00,0.00,1684.85,0.00,0.02,1195,1178
23368,SET 12 COLOUR PENCILS DOLLY GIRL,1679.55,3.90,0.00,1675.65,0.23,0.02,1196,1184
22332,SKULLS PARTY BAG + STICKER SET,1678.00,39.60,0.00,1638.40,2.36,0.02,1197,1204
22913,RED COAT RACK PARIS FASHION,1673.15,19.80,0.00,1653.35,1.18,0.02,1198,1191
22419,LIPSTICK PEN RED,1673.10,2.52,0.00,1670.58,0.15,0.02,1199,1185
22335,HEART DECORATION PAINTED ZINC,1668.89,0.00,0.00,1668.89,0.00,0.02,1200,1186
15058A,BLUE POLKADOT GARDEN PARASOL,1668.49,37.35,0.00,1631.14,2.24,0.02,1201,1208
23366,SET 12 COLOURING PENCILS DOILY,1667.95,0.00,0.00,1667.95,0.00,0.02,1202,1187
22076,6 RIBBONS EMPIRE,1667.88,0.00,0.00,1667.88,0.00,0.02,1203,1188
21577,SAVE THE PLANET COTTON TOTE BAG,1664.90,15.75,0.00,1649.15,0.95,0.02,1204,1196
84968D,SET OF 16 VINTAGE RED CUTLERY,1661.47,12.75,0.00,1648.72,0.77,0.02,1205,1197
22479,DAISY GARDEN MARKER,1658.57,0.00,0.00,1658.57,0.00,0.02,1206,1189
21578,WOODLAND DESIGN  COTTON TOTE BAG,1657.76,4.50,0.00,1653.26,0.27,0.02,1207,1192
22789,T-LIGHT HOLDER SWEETHEART HANGING,1657.02,1.95,0.00,1655.07,0.12,0.02,1208,1190
22853,CAT BOWL VINTAGE CREAM,1655.96,19.50,0.00,1636.46,1.18,0.02,1209,1206
21981,PACK OF 12 WOODLAND TISSUES,1651.30,2.73,0.00,1648.57,0.17,0.02,1210,1198
23505,PLAYING CARDS I LOVE LONDON,1651.29,0.00,0.00,1651.29,0.00,0.02,1211,1193
47566b,TEA TIME PARTY BUNTING,1651.15,0.00,0.00,1651.15,0.00,0.02,1212,1194
21111,"SWISS ROLL TOWEL, CHOCOLATE  SPOTS",1651.02,0.00,0.00,1651.02,0.00,0.02,1213,1195
23273,HEART T-LIGHT HOLDER WILLIE WINKIE,1649.05,6.60,0.00,1642.45,0.40,0.02,1214,1202
23270,SET OF 2 CERAMIC PAINTED HEARTS,1646.32,8.70,0.00,1637.62,0.53,0.02,1215,1205
22161,HEART DECORATION RUSTIC HANGING,1645.75,4.56,0.00,1641.19,0.28,0.02,1216,1203
22154,ANGEL DECORATION 3 BUTTONS,1636.67,2.94,0.00,1633.73,0.18,0.02,1217,1207
23483,HANGING  BUTTERFLY T-LIGHT HOLDER,1636.36,26.24,0.00,1610.12,1.60,0.02,1218,1220
22474,SPACEBOY TV DINNER TRAY,1636.27,136.00,0.00,1500.27,8.31,0.02,1219,1280
23348,CHILDRENS TOY COOKING UTENSIL SET,1633.81,47.26,0.00,1586.55,2.89,0.02,1220,1231
35953,FOLKART STAR CHRISTMAS DECORATIONS,1633.67,30.00,0.00,1603.67,1.84,0.02,1221,1224
84510A,SET OF 4 ENGLISH ROSE COASTERS,1630.32,1.25,0.00,1629.07,0.08,0.02,1222,1209
85034B,3 WHITE CHOC MORRIS BOXED CANDLES,1628.78,0.00,0.00,1628.78,0.00,0.02,1223,1210
23391,I LOVE LONDON MINI BACKPACK,1628.17,0.00,0.00,1628.17,0.00,0.02,1224,1211
22375,AIRLINE BAG VINTAGE JET SET BROWN,1626.54,0.00,0.00,1626.54,0.00,0.02,1225,1212
22975,SPACEBOY CHILDRENS EGG CUP,1624.63,1.25,0.00,1623.38,0.08,0.02,1226,1213
22799,SWEETHEART WIRE FRUIT BOWL,1623.08,0.00,0.00,1623.08,0.00,0.02,1227,1214
22473,TV DINNER TRAY VINTAGE PAISLEY,1623.04,0.00,0.00,1623.04,0.00,0.02,1228,1215
37495,FAIRY CAKE BIRTHDAY CANDLE SET,1622.24,183.75,0.00,1438.49,11.33,0.02,1229,1307
21706,FOLDING UMBRELLA RED/WHITE POLKADOT,1616.81,0.00,0.00,1616.81,0.00,0.02,1230,1216
22445,PENCIL CASE LIFE IS BEAUTIFUL,1615.91,0.00,0.00,1615.91,0.00,0.02,1231,1217
22166,WALL MIRROR RECTANGLE DIAMANTE PINK,1614.40,23.85,0.00,1590.55,1.48,0.02,1232,1230
23280,FOLDING BUTTERFLY MIRROR HOT PINK,1614.16,1.66,0.00,1612.50,0.10,0.02,1233,1219
23217,LAUREL HEART ANTIQUE SILVER,1613.82,0.00,0.00,1613.82,0.00,0.02,1234,1218
21206,STRAWBERRY HONEYCOMB  GARLAND,1610.92,3.30,0.00,1607.62,0.20,0.02,1235,1221
22671,FRENCH LAUNDRY SIGN BLUE METAL,1608.70,1.45,0.00,1607.25,0.09,0.02,1236,1222
85040A,S/4 PINK FLOWER CANDLES IN BOWL,1607.32,28.05,0.00,1579.27,1.75,0.02,1237,1236
23462,ROCOCO WALL MIRROR WHITE,1607.04,350.10,0.00,1256.94,21.79,0.02,1238,1417
22095,LADS ONLY TISSUE BOX,1605.96,11.06,0.00,1594.90,0.69,0.02,1239,1227
22305,COFFEE MUG PINK PAISLEY DESIGN,1604.58,2.55,0.00,1602.03,0.16,0.02,1240,1225
22292,HANGING CHICK  YELLOW DECORATION,1604.51,0.00,0.00,1604.51,0.00,0.02,1241,1223
21394,RED POLKADOT BEAKER,1603.77,8.58,0.00,1595.19,0.53,0.02,1242,1226
23287,RED VINTAGE SPOT BEAKER,1603.39,43.35,0.00,1560.04,2.70,0.02,1243,1244
22948,METAL DECORATION NAUGHTY CHILDREN,1603.29,10.20,0.00,1593.09,0.64,0.02,1244,1228
22284,HEN HOUSE DECORATION,1597.07,21.45,0.00,1575.62,1.34,0.02,1245,1237
23226,FILIGREE HEART DAISY WHITE,1596.67,60.00,0.00,1536.67,3.76,0.02,1246,1254
18097C,WHITE TALL PORCELAIN T-LIGHT HOLDER,1591.01,571.80,0.00,1019.21,35.94,0.02,1247,1589
22475,SKULL DESIGN TV DINNER TRAY,1590.82,0.00,0.00,1590.82,0.00,0.02,1248,1229
22398,MAGNETS PACK OF 4 SWALLOWS,1589.12,105.00,0.00,1484.12,6.61,0.02,1249,1287
15056n,EDWARDIAN PARASOL NATURAL,1585.28,0.00,0.00,1585.28,0.00,0.02,1250,1232
21626,VINTAGE UNION JACK PENNANT,1584.80,42.90,0.00,1541.90,2.71,0.02,1251,1251
22449,SILK PURSE BABUSHKA PINK,1583.95,20.10,0.00,1563.85,1.27,0.02,1252,1243
46000M,POLYESTER FILLER PAD 45x45cm,1582.55,1.55,0.00,1581.00,0.10,0.02,1253,1235
21967,PACK OF 12 SKULL TISSUES,1582.15,0.00,0.00,1582.15,0.00,0.02,1254,1233
23369,SET 36 COLOUR PENCILS LOVE LONDON,1581.06,0.00,0.00,1581.06,0.00,0.02,1255,1234
22676,FRENCH BLUE METAL DOOR SIGN 1,1578.39,13.75,0.00,1564.64,0.87,0.02,1256,1242
21509,COWBOYS AND INDIANS BIRTHDAY CARD,1572.28,0.00,0.00,1572.28,0.00,0.02,1257,1238
22494,EMERGENCY FIRST AID TIN,1572.27,50.00,0.00,1522.27,3.18,0.02,1258,1262
22208,WOOD STAMP SET THANK YOU,1571.49,11.61,0.00,1559.88,0.74,0.02,1259,1245
22434,BALLOON PUMP WITH 10 BALLOONS,1570.41,35.10,0.00,1535.31,2.24,0.02,1260,1256
22583,PACK OF 6 HANDBAG GIFT BOXES,1570.40,5.10,0.00,1565.30,0.32,0.02,1261,1241
85206A,CREAM FELT EASTER EGG BASKET,1568.93,0.00,0.00,1568.93,0.00,0.02,1262,1239
22085,PAPER CHAIN KIT SKULLS,1566.99,0.00,0.00,1566.99,0.00,0.02,1263,1240
21913,VINTAGE SEASIDE JIGSAW PUZZLES,1565.83,11.25,0.00,1554.58,0.72,0.02,1264,1248
84279P,CHERRY BLOSSOM  DECORATIVE FLASK,1565.71,60.00,0.00,1505.71,3.83,0.02,1265,1275
22313,OFFICE MUG WARMER PINK,1564.83,637.50,0.00,927.33,40.74,0.02,1266,1677
85132A,CHARLIE + LOLA BISCUITS TINS,1561.77,3.90,0.00,1557.87,0.25,0.02,1267,1246
21744,SNOWFLAKE PORTABLE TABLE LIGHT,1557.65,0.00,0.00,1557.65,0.00,0.02,1268,1247
23524,WALL ART HORSE & PONY,1557.63,22.50,0.00,1535.13,1.44,0.02,1269,1257
21528,DAIRY MAID TRADITIONAL TEAPOT,1557.57,93.30,0.00,1464.27,5.99,0.02,1270,1295
22675,FRENCH KITCHEN SIGN BLUE METAL,1555.16,33.75,0.00,1521.41,2.17,0.02,1271,1263
22818,CARD CHRISTMAS VILLAGE,1550.40,40.32,0.00,1510.08,2.60,0.02,1272,1271
20665,RED RETROSPOT PURSE,1546.27,0.00,0.00,1546.27,0.00,0.02,1273,1250
22982,PANTRY PASTRY BRUSH,1543.77,30.00,0.00,1513.77,1.94,0.02,1274,1270
22600,CHRISTMAS RETROSPOT STAR WOOD,1543.23,23.80,0.00,1519.43,1.54,0.02,1275,1266
22318,FIVE HEART HANGING DECORATION,1541.62,20.65,0.00,1520.97,1.34,0.02,1276,1265
21898,POTTING SHED ROSE CANDLE,1541.11,0.00,0.00,1541.11,0.00,0.02,1277,1252
20985,HEART CALCULATOR,1540.59,19.43,0.00,1521.16,1.26,0.02,1278,1264
84971S,SMALL HEART FLOWERS HOOK,1540.45,0.85,0.00,1539.60,0.06,0.02,1279,1253
10133,COLOURING PENCILS BROWN TUBE,1539.60,4.20,0.00,1535.40,0.27,0.02,1280,1255
22176,BLUE OWL SOFT TOY,1536.88,5.90,0.00,1530.98,0.38,0.01,1281,1259
84828,JUNGLE POPSICLES ICE LOLLY MOULDS,1536.36,30.00,0.00,1506.36,1.95,0.01,1282,1274
22731,3D CHRISTMAS STAMPS STICKERS,1536.24,17.50,0.00,1518.74,1.14,0.01,1283,1267
23267,SET OF 4 SANTA PLACE SETTINGS,1531.95,60.00,0.00,1471.95,3.92,0.01,1284,1294
21200,MULTICOLOUR HONEYCOMB PAPER GARLAND,1531.14,0.00,0.00,1531.14,0.00,0.01,1285,1258
23250,VINTAGE RED TRIM ENAMEL BOWL,1531.03,141.80,0.00,1389.23,9.26,0.01,1286,1335
22828,REGENCY MIRROR WITH SHUTTERS,1530.00,0.00,0.00,1530.00,0.00,0.01,1287,1260
22472,TV DINNER TRAY DOLLY GIRL,1527.01,9.90,0.00,1517.11,0.65,0.01,1288,1268
84968E,SET OF 16 VINTAGE BLACK CUTLERY,1522.53,0.00,0.00,1522.53,0.00,0.01,1289,1261
22530,MAGIC DRAWING SLATE DOLLY GIRL,1516.46,10.08,0.00,1506.38,0.66,0.01,1290,1273
85049C,ROMANTIC PINKS RIBBONS,1515.69,0.00,0.00,1515.69,0.00,0.01,1291,1269
22770,MIRROR CORNICE,1515.68,59.80,0.00,1455.88,3.95,0.01,1292,1297
21352,EUCALYPTUS & PINECONE  WREATH,1511.26,60.75,0.00,1450.51,4.02,0.01,1293,1302
22591,CARDHOLDER GINGHAM CHRISTMAS TREE,1509.41,156.05,0.00,1353.36,10.34,0.01,1294,1356
21361,LOVE LARGE WOOD LETTERS,1505.96,51.00,0.00,1454.96,3.39,0.01,1295,1298
23528,WALL ART SPACEBOY,1504.49,0.00,0.00,1504.49,0.00,0.01,1296,1276
22905,CALENDAR IN SEASON DESIGN,1502.29,0.00,0.00,1502.29,0.00,0.01,1297,1277
22471,TV DINNER TRAY AIR HOSTESS,1502.02,1.95,0.00,1500.07,0.13,0.01,1298,1281
20668,DISCO BALL CHRISTMAS DECORATION,1501.40,0.00,0.00,1501.40,0.00,0.01,1299,1278
22985,WRAP BILLBOARD FONTS DESIGN,1500.44,0.00,0.00,1500.44,0.00,0.01,1300,1279
21792,CLASSIC FRENCH STYLE BASKET GREEN,1497.72,57.95,0.00,1439.77,3.87,0.01,1301,1306
23271,CHRISTMAS TABLE SILVER CANDLE SPIKE,1496.89,0.00,0.00,1496.89,0.00,0.01,1302,1282
22285,HANGING HEN ON NEST DECORATION,1493.25,0.00,0.00,1493.25,0.00,0.01,1303,1283
23334,IVORY WICKER HEART SMALL,1491.75,0.00,0.00,1491.75,0.00,0.01,1304,1284
37342,POLKADOT COFFEE CUP & SAUCER PINK,1489.01,45.68,0.00,1443.33,3.07,0.01,1305,1304
72349B,SET/6 PURPLE BUTTERFLY T-LIGHTS,1486.69,0.00,0.00,1486.69,0.00,0.01,1306,1285
35924,HANGING FAIRY CAKE DECORATION,1484.30,302.51,0.00,1181.79,20.38,0.01,1307,1458
21327,SKULLS WRITING SET,1484.13,0.00,0.00,1484.13,0.00,0.01,1308,1286
22203,MILK PAN RED RETROSPOT,1483.13,7.50,0.00,1475.63,0.51,0.01,1309,1292
84580,MOUSE TOY WITH PINK T-SHIRT,1482.43,0.00,0.00,1482.43,0.00,0.01,1310,1288
23559,WOODLAND BUNNIES LOLLY MAKERS,1482.41,0.00,0.00,1482.41,0.00,0.01,1311,1289
21447,12 IVORY ROSE PEG PLACE SETTINGS,1478.10,1.25,0.00,1476.85,0.08,0.01,1312,1290
21619,4 VANILLA BOTANICAL CANDLES,1476.40,0.00,0.00,1476.40,0.00,0.01,1313,1291
23392,SPACEBOY ROCKET LOLLY MAKERS,1475.03,49.92,0.00,1425.11,3.38,0.01,1314,1316
22802,FAUX FUR CHOCOLATE THROW,1474.74,0.00,0.00,1474.74,0.00,0.01,1315,1293
22664,TOY TIDY DOLLY GIRL DESIGN,1472.85,25.20,0.00,1447.65,1.71,0.01,1316,1303
21470,FLOWER VINE RAFFIA FOOD COVER,1470.32,18.75,0.00,1451.57,1.28,0.01,1317,1301
23365,SET 12 COLOUR PENCILS LOVE LONDON,1463.08,0.00,0.00,1463.08,0.00,0.01,1318,1296
21705,BAG 500g SWIRLY MARBLES,1462.17,31.60,0.00,1430.57,2.16,0.01,1319,1313
84818,DANISH ROSE PHOTO FRAME,1460.81,101.45,0.00,1359.36,6.94,0.01,1320,1355
21829,DINOSAUR KEYRINGS ASSORTED,1460.74,22.68,0.00,1438.06,1.55,0.01,1321,1308
23470,CARD HOLDER LOVE BIRD LARGE,1460.50,70.70,0.00,1389.80,4.84,0.01,1322,1334
21872,GLAMOROUS  MUG,1454.98,17.72,0.00,1437.26,1.22,0.01,1323,1309
22461,SAVOY ART DECO CLOCK,1453.58,173.45,0.00,1280.13,11.93,0.01,1324,1408
22696,WICKER WREATH LARGE,1452.55,0.00,0.00,1452.55,0.00,0.01,1325,1299
21191,LARGE WHITE HONEYCOMB PAPER BELL,1451.82,0.00,0.00,1451.82,0.00,0.01,1326,1300
23086,ZINC  STAR T-LIGHT HOLDER,1451.43,20.00,0.00,1431.43,1.38,0.01,1327,1312
23034,DRAWER KNOB CERAMIC BLACK,1448.67,8.70,0.00,1439.97,0.60,0.01,1328,1305
15044A,PINK PAPER PARASOL,1439.02,2.95,0.00,1436.07,0.21,0.01,1329,1310
22713,CARD I LOVE LONDON,1437.36,3.36,0.00,1434.00,0.23,0.01,1330,1311
84031B,CHARLIE LOLA BLUE HOT WATER BOTTLE,1435.72,40.95,0.00,1394.77,2.85,0.01,1331,1330
85054,FRENCH ENAMEL POT W LID,1430.63,8.40,0.00,1422.23,0.59,0.01,1332,1317
15058C,ICE CREAM DESIGN GARDEN PARASOL,1429.82,0.00,0.00,1429.82,0.00,0.01,1333,1314
21620,SET OF 4 ROSE BOTANICAL CANDLES,1429.49,0.00,0.00,1429.49,0.00,0.01,1334,1315
23527,WALL ART ANIMALS AND NATURE,1428.56,26.25,0.00,1402.31,1.84,0.01,1335,1327
23249,VINTAGE RED ENAMEL TRIM PLATE,1426.10,87.71,0.00,1338.39,6.15,0.01,1336,1367
22922,FRIDGE MAGNETS US DINER ASSORTED,1422.90,183.30,0.00,1239.60,12.88,0.01,1337,1426
22458,CAST IRON HOOK GARDEN FORK,1421.83,0.00,0.00,1421.83,0.00,0.01,1338,1318
21407,BROWN CHECK CAT DOORSTOP,1421.11,4.25,0.00,1416.86,0.30,0.01,1339,1319
22182,CAKE STAND VICTORIAN FILIGREE SMALL,1420.58,14.85,0.00,1405.73,1.05,0.01,1340,1325
21507,"ELEPHANT, BIRTHDAY CARD,",1420.24,10.08,0.00,1410.16,0.71,0.01,1341,1322
22949,36 DOILIES DOLLY GIRL,1417.55,20.30,0.00,1397.25,1.43,0.01,1342,1328
22306,SILVER MUG BONE CHINA TREE OF LIFE,1415.85,28.70,0.00,1387.15,2.03,0.01,1343,1336
22714,CARD BIRTHDAY COWBOY,1415.73,5.04,0.00,1410.69,0.36,0.01,1344,1321
22576,SWALLOW WOODEN CHRISTMAS DECORATION,1414.46,5.10,0.00,1409.36,0.36,0.01,1345,1323
22531,MAGIC DRAWING SLATE CIRCUS PARADE,1412.41,0.00,0.00,1412.41,0.00,0.01,1346,1320
84536A,ENGLISH ROSE NOTEBOOK A7 SIZE,1409.90,13.44,0.00,1396.46,0.95,0.01,1347,1329
82567,"AIRLINE LOUNGE,METAL SIGN",1408.07,0.00,0.00,1408.07,0.00,0.01,1348,1324
22915,ASSORTED BOTTLE TOP  MAGNETS,1406.42,37.80,0.00,1368.62,2.69,0.01,1349,1348
51014C,"FEATHER PEN,COAL BLACK",1405.73,42.90,0.00,1362.83,3.05,0.01,1350,1351
23104,IVORY CAFE HANGING LAMP,1405.42,0.00,0.00,1405.42,0.00,0.01,1351,1326
21363,HOME SMALL WOOD LETTERS,1403.94,69.30,0.00,1334.64,4.94,0.01,1352,1371
23119,PACK OF 6 LARGE FRUIT STRAWS,1401.70,22.32,0.00,1379.38,1.59,0.01,1353,1339
21424,WOODLAND STORAGE BOX LARGE,1401.02,14.75,0.00,1386.27,1.05,0.01,1354,1337
22436,12 COLOURED PARTY BALLOONS,1398.51,13.00,0.00,1385.51,0.93,0.01,1355,1338
23055,IVORY CHANDELIER T-LIGHT HOLDER,1395.18,690.72,0.00,704.46,49.51,0.01,1356,1909
23040,PAPER LANTERN 9 POINT SNOW STAR,1394.03,0.00,0.00,1394.03,0.00,0.01,1357,1331
84813,SET OF 4 DIAMOND NAPKIN RINGS,1393.79,3.95,0.00,1389.84,0.28,0.01,1358,1333
22443,GROW YOUR OWN HERBS SET OF 3,1391.74,15.90,0.00,1375.84,1.14,0.01,1359,1341
84795B,SUNSET CHECK HAMMOCK,1390.64,0.00,0.00,1390.64,0.00,0.01,1360,1332
21519,GIN & TONIC DIET GREETING CARD,1389.22,15.12,0.00,1374.10,1.09,0.01,1361,1344
22677,FRENCH BLUE METAL DOOR SIGN 2,1389.07,13.75,0.00,1375.32,0.99,0.01,1362,1343
22976,CIRCUS PARADE CHILDRENS EGG CUP,1389.01,16.25,0.00,1372.76,1.17,0.01,1363,1346
21537,RED RETROSPOT PUDDING BOWL,1387.96,208.75,0.00,1179.21,15.04,0.01,1364,1459
22299,PIG KEYRING WITH LIGHT & SOUND,1386.97,65.00,0.00,1321.97,4.69,0.01,1365,1379
23376,PACK OF 12 VINTAGE CHRISTMAS TISSUE,1384.91,9.36,0.00,1375.55,0.68,0.01,1366,1342
22071,SMALL WHITE RETROSPOT MUG IN BOX,1384.30,180.50,0.00,1203.80,13.04,0.01,1367,1447
21123,SET/10 IVORY POLKADOT PARTY CANDLES,1380.84,30.00,0.00,1350.84,2.17,0.01,1368,1359
22363,GLASS JAR MARMALADE,1380.80,335.50,0.00,1045.30,24.30,0.01,1369,1566
21071,VINTAGE BILLBOARD DRINK ME MUG,1380.28,6.36,0.00,1373.92,0.46,0.01,1370,1345
22735,RIBBON REEL SOCKS AND MITTENS,1379.21,0.00,0.00,1379.21,0.00,0.01,1371,1340
23414,ZINC BOX SIGN HOME,1378.75,39.80,0.00,1338.95,2.89,0.01,1372,1365
21382,SET/4 SPRING FLOWER DECORATION,1376.53,6.00,0.00,1370.53,0.44,0.01,1373,1347
22047,EMPIRE GIFT WRAP,1373.50,10.50,0.00,1363.00,0.76,0.01,1374,1350
21820,GLITTER HEART GARLAND WITH BELLS,1368.47,112.50,0.00,1255.97,8.22,0.01,1375,1419
23000,TRAVEL CARD WALLET TRANSPORT,1368.28,16.38,0.00,1351.90,1.20,0.01,1376,1358
22609,PENS ASSORTED SPACEBALL,1368.10,6.84,0.00,1361.26,0.50,0.01,1377,1352
22063,CERAMIC BOWL WITH STRAWBERRY DESIGN,1367.45,17.70,0.00,1349.75,1.29,0.01,1378,1361
23546,WRAP PAISLEY PARK,1365.00,0.00,0.00,1365.00,0.00,0.01,1379,1349
23221,REINDEER HEART DECORATION SILVER,1363.04,48.14,0.00,1314.90,3.53,0.01,1380,1384
22716,CARD CIRCUS PARADE,1360.91,0.00,0.00,1360.91,0.00,0.01,1381,1353
85227,SET OF 6 3D KIT CARDS FOR KIDS,1359.40,0.00,0.00,1359.40,0.00,0.01,1382,1354
22911,PAPER CHAIN KIT LONDON,1358.09,17.70,0.00,1340.39,1.30,0.01,1383,1364
85232B,SET OF 3 BABUSHKA STACKING TINS,1356.30,1258.05,0.00,98.25,92.76,0.01,1384,3032
23469,CARD HOLDER LOVE BIRD SMALL,1355.24,16.60,0.00,1338.64,1.22,0.01,1385,1366
21039,RED RETROSPOT SHOPPING BAG,1353.69,30.60,0.00,1323.09,2.26,0.01,1386,1378
22304,COFFEE MUG BLUE PAISLEY DESIGN,1352.88,0.00,0.00,1352.88,0.00,0.01,1387,1357
21686,MEDINA STAMPED METAL STOOL,1351.64,39.95,0.00,1311.69,2.96,0.01,1388,1389
22754,SMALL RED BABUSHKA NOTEBOOK,1350.47,0.00,0.00,1350.47,0.00,0.01,1389,1360
21615,4 LAVENDER BOTANICAL DINNER CANDLES,1347.92,0.00,0.00,1347.92,0.00,0.01,1390,1362
22421,LIPSTICK PEN FUSCHIA,1347.10,0.84,0.00,1346.26,0.06,0.01,1391,1363
22399,MAGNETS PACK OF 4 CHILDHOOD MEMORY,1347.08,30.00,0.00,1317.08,2.23,0.01,1392,1382
21987,PACK OF 6 SKULL PAPER CUPS,1346.65,8.45,0.00,1338.20,0.63,0.01,1393,1368
22912,YELLOW COAT RACK PARIS FASHION,1342.39,29.70,0.00,1312.69,2.21,0.01,1394,1387
22917,HERB MARKER ROSEMARY,1340.22,7.80,0.00,1332.42,0.58,0.01,1395,1372
21246,RED RETROSPOT BIG BOWL,1336.78,9.90,0.00,1326.88,0.74,0.01,1396,1376
22073,RED RETROSPOT STORAGE JAR,1336.14,45.00,0.00,1291.14,3.37,0.01,1397,1403
22293,HANGING CHICK GREEN DECORATION,1335.87,0.00,0.00,1335.87,0.00,0.01,1398,1369
23061,VINTAGE EMBOSSED HEART,1332.68,3.75,0.00,1328.93,0.28,0.01,1399,1375
21624,VINTAGE UNION JACK DOORSTOP,1331.56,29.75,0.00,1301.81,2.23,0.01,1400,1395
72802A,ROSE SCENT CANDLE IN JEWELLED BOX,1329.91,16.12,0.00,1313.79,1.21,0.01,1401,1385
23538,WALL ART VINTAGE HEART,1329.54,0.00,0.00,1329.54,0.00,0.01,1402,1374
22362,GLASS JAR PEACOCK BATH SALTS,1329.44,97.35,0.00,1232.09,7.32,0.01,1403,1428
22742,MAKE YOUR OWN PLAYTIME CARD KIT,1323.57,5.90,0.00,1317.67,0.45,0.01,1404,1381
85183B,CHARLIE & LOLA WASTEPAPER BIN FLORA,1323.37,0.00,0.00,1323.37,0.00,0.01,1405,1377
22650,CERAMIC PIRATE CHEST MONEY BANK,1320.70,4.35,0.00,1316.35,0.33,0.01,1406,1383
21818,GLITTER HEART DECORATION,1320.41,0.00,0.00,1320.41,0.00,0.01,1407,1380
22916,HERB MARKER THYME,1314.21,7.80,0.00,1306.41,0.59,0.01,1408,1394
21179,NO JUNK MAIL METAL SIGN,1313.79,4.68,0.00,1309.11,0.36,0.01,1409,1391
23373,VINTAGE CHRISTMAS PAPER GIFT BAG,1313.39,0.00,0.00,1313.39,0.00,0.01,1410,1386
37447,CERAMIC CAKE DESIGN SPOTTED PLATE,1313.28,23.89,0.00,1289.39,1.82,0.01,1411,1404
23405,HOME SWEET HOME 2 DRAWER CABINET,1311.48,4.95,0.00,1306.53,0.38,0.01,1412,1393
90057,DIAMANTE RING ASSORTED IN BOX.,1311.36,0.00,0.00,1311.36,0.00,0.01,1413,1390
21195,PINK  HONEYCOMB PAPER BALL,1308.56,0.00,0.00,1308.56,0.00,0.01,1414,1392
22686,FRENCH BLUE METAL DOOR SIGN No,1308.38,30.00,0.00,1278.38,2.29,0.01,1415,1409
22028,PENNY FARTHING BIRTHDAY CARD,1304.14,5.04,0.00,1299.10,0.39,0.01,1416,1397
85199S,SMALL HANGING IVORY/RED WOOD BIRD,1302.31,10.08,0.00,1292.23,0.77,0.01,1417,1401
21627,ELEPHANT CARNIVAL POUFFE,1299.83,0.00,0.00,1299.83,0.00,0.01,1418,1396
21793,CLASSIC FRENCH STYLE BASKET BROWN,1296.61,0.00,0.00,1296.61,0.00,0.01,1419,1398
22310,IVORY KNITTED MUG COSY,1296.23,0.00,0.00,1296.23,0.00,0.01,1420,1399
21422,PORCELAIN ROSE SMALL,1295.00,3.40,0.00,1291.60,0.26,0.01,1421,1402
22439,6 ROCKET BALLOONS,1293.22,44.20,0.00,1249.02,3.42,0.01,1422,1423
21866,UNION JACK FLAG LUGGAGE TAG,1292.38,0.00,0.00,1292.38,0.00,0.01,1423,1400
22372,AIRLINE BAG VINTAGE WORLD CHAMPION,1289.49,4.25,0.00,1285.24,0.33,0.01,1424,1406
21616,4 PEAR BOTANICAL DINNER CANDLES,1288.34,0.00,0.00,1288.34,0.00,0.01,1425,1405
84012,MAGIC SHEEP WOOL GROWING FROM PAPER,1283.99,102.00,0.00,1181.99,7.94,0.01,1426,1456
21408,SPOTTY PINK DUCK DOORSTOP,1282.81,8.50,0.00,1274.31,0.66,0.01,1427,1410
21064,BOOM BOX SPEAKER BOYS,1281.20,0.00,0.00,1281.20,0.00,0.01,1428,1407
21901,"KEY FOB , BACK DOOR",1277.89,5.85,0.00,1272.04,0.46,0.01,1429,1412
22918,HERB MARKER PARSLEY,1275.35,7.80,0.00,1267.55,0.61,0.01,1430,1415
21090,SET/6 COLLAGE PAPER PLATES,1274.19,14.04,0.00,1260.15,1.10,0.01,1431,1416
47480,HANGING PHOTO CLIP ROPE LADDER,1274.17,0.00,0.00,1274.17,0.00,0.01,1432,1411
23072,MARIE ANTOINETTE TRINKET BOX SILVER,1273.76,384.00,0.00,889.76,30.15,0.01,1433,1709
85059,FRENCH ENAMEL WATER BASIN,1273.11,22.50,0.00,1250.61,1.77,0.01,1434,1422
21211,SET OF 72 SKULL PAPER  DOILIES,1270.07,0.00,0.00,1270.07,0.00,0.01,1435,1413
21897,POTTING SHED CANDLE CITRONELLA,1268.19,0.00,0.00,1268.19,0.00,0.01,1436,1414
21902,"KEY FOB , FRONT  DOOR",1262.37,5.85,0.00,1256.52,0.46,0.01,1437,1418
47503A,ASS FLORAL PRINT MULTI SCREWDRIVER,1254.12,25.08,0.00,1229.04,2.00,0.01,1438,1429
22977,DOLLY GIRL CHILDRENS EGG CUP,1252.61,1.25,0.00,1251.36,0.10,0.01,1439,1420
22999,TRAVEL CARD WALLET VINTAGE LEAF,1252.59,1.26,0.00,1251.33,0.10,0.01,1440,1421
23511,EMBROIDERED RIBBON REEL EMILY,1252.01,10.40,0.00,1241.61,0.83,0.01,1441,1425
22597,MUSICAL ZINC HEART DECORATION,1247.49,28.90,0.00,1218.59,2.32,0.01,1442,1436
22572,ROCKING HORSE GREEN CHRISTMAS,1244.67,0.00,0.00,1244.67,0.00,0.01,1443,1424
22442,GROW YOUR OWN FLOWERS SET OF 3,1241.30,87.45,0.00,1153.85,7.05,0.01,1444,1478
22074,6 RIBBONS SHIMMERING PINKS,1239.67,19.80,0.00,1219.87,1.60,0.01,1445,1434
71038,WHITE HANGING BEADS CANDLE HOLDER,1239.50,27.25,0.00,1212.25,2.20,0.01,1446,1443
23067,HANGING ENGRAVED METAL HEART,1236.66,0.00,0.00,1236.66,0.00,0.01,1447,1427
22603,CHRISTMAS RETROSPOT TREE WOOD,1235.38,11.05,0.00,1224.33,0.89,0.01,1448,1432
22338,STAR DECORATION PAINTED ZINC,1233.91,12.27,0.00,1221.64,0.99,0.01,1449,1433
21262,WHITE GOOSE FEATHER CHRISTMAS TREE,1233.21,56.75,0.00,1176.46,4.60,0.01,1450,1460
72817,SET OF 2 CHRISTMAS DECOUPAGE CANDLE,1232.27,30.00,0.00,1202.27,2.43,0.01,1451,1448
23138,SINGLE WIRE HOOK IVORY HEART,1231.51,17.40,0.00,1214.11,1.41,0.01,1452,1439
23539,WALL ART LOVES' SECRET,1227.95,0.00,0.00,1227.95,0.00,0.01,1453,1430
22129,PARTY CONES CANDY DECORATION,1226.42,0.00,0.00,1226.42,0.00,0.01,1454,1431
22613,PACK OF 20 SPACEBOY NAPKINS,1222.61,8.50,0.00,1214.11,0.70,0.01,1455,1439
22919,HERB MARKER MINT,1221.86,7.80,0.00,1214.06,0.64,0.01,1456,1441
23142,IVORY WIRE KITCHEN ORGANISER,1220.82,19.55,0.00,1201.27,1.60,0.01,1457,1450
22315,200 RED + WHITE BENDY STRAWS,1218.93,0.00,0.00,1218.93,0.00,0.01,1458,1435
82578,KITCHEN METAL SIGN,1217.85,6.60,0.00,1211.25,0.54,0.01,1459,1444
82599,FANNY'S REST STOPMETAL SIGN,1217.73,0.00,0.00,1217.73,0.00,0.01,1460,1437
22575,METAL MERRY CHRISTMAS WREATH,1216.22,11.70,0.00,1204.52,0.96,0.01,1461,1446
23598,PAPER BUNTING VINTAGE PARTY,1215.53,0.00,0.00,1215.53,0.00,0.01,1462,1438
22589,CARDHOLDER GINGHAM STAR,1212.82,0.00,0.00,1212.82,0.00,0.01,1463,1442
22416,SET OF 36 DOILIES SPACEBOY DESIGN,1210.82,8.70,0.00,1202.12,0.72,0.01,1464,1449
21846,PINK DIAMANTE PEN IN GIFT BOX,1206.97,59.40,0.00,1147.57,4.92,0.01,1465,1484
72800E,4 IVORY DINNER CANDLES SILVER FLOCK,1205.64,0.00,0.00,1205.64,0.00,0.01,1466,1445
22168,ORGANISER WOOD ANTIQUE WHITE,1205.30,110.50,0.00,1094.80,9.17,0.01,1467,1524
23071,MARIE ANTOINETTE TRINKET BOX GOLD,1205.10,434.00,0.00,771.10,36.01,0.01,1468,1812
22711,WRAP CIRCUS PARADE,1202.84,21.00,0.00,1181.84,1.75,0.01,1469,1457
84884A,ANT WHITE WIRE HEART SPIRAL,1201.91,3.95,0.00,1197.96,0.33,0.01,1470,1451
22929,SCHOOL DESK AND CHAIR,1199.75,195.00,0.00,1004.75,16.25,0.01,1471,1607
23026,DRAWER KNOB VINTAGE GLASS STAR,1198.96,29.12,0.00,1169.84,2.43,0.01,1472,1463
21986,PACK OF 12 PINK POLKADOT TISSUES,1197.73,0.00,0.00,1197.73,0.00,0.01,1473,1452
22755,SMALL PURPLE BABUSHKA NOTEBOOK,1187.96,0.00,0.00,1187.96,0.00,0.01,1474,1453
22453,MEASURING TAPE BABUSHKA BLUE,1185.79,2.95,0.00,1182.84,0.25,0.01,1475,1455
21070,VINTAGE BILLBOARD MUG,1184.98,0.00,0.00,1184.98,0.00,0.01,1476,1454
22921,HERB MARKER CHIVES,1180.87,7.80,0.00,1173.07,0.66,0.01,1477,1462
23041,PAPER LANTERN 9 POINT SNOW STAR,1178.48,99.60,0.00,1078.88,8.45,0.01,1478,1537
22081,RIBBON REEL FLORA + FAUNA,1176.50,16.50,0.00,1160.00,1.40,0.01,1479,1472
23225,CHERUB HEART DECORATION SILVER,1176.17,69.72,0.00,1106.45,5.93,0.01,1480,1515
85039B,S/4 IVORY MINI ROSE CANDLE IN BOWL,1174.63,0.00,0.00,1174.63,0.00,0.01,1481,1461
23523,WALL ART TREASURE AHOY,1173.81,22.50,0.00,1151.31,1.92,0.01,1482,1481
23431,NATURAL HANGING QUILTED HEARTS,1171.23,13.28,0.00,1157.95,1.13,0.01,1483,1474
22757,LARGE RED BABUSHKA NOTEBOOK,1167.74,1.25,0.00,1166.49,0.11,0.01,1484,1465
21742,LARGE ROUND WICKER PLATTER,1167.58,0.00,0.00,1167.58,0.00,0.01,1485,1464
20984,12 PENCILS TALL TUBE POSY,1166.07,6.96,0.00,1159.11,0.60,0.01,1486,1473
23418,LAVENDER TOILETTE BOTTLE,1166.00,0.00,0.00,1166.00,0.00,0.01,1487,1466
84313C,ORANGE TV TRAY TABLE,1165.91,0.00,0.00,1165.91,0.00,0.01,1488,1467
23515,EMBROIDERED RIBBON REEL DAISY,1164.98,0.00,0.00,1164.98,0.00,0.01,1489,1468
23508,MINI PLAYING CARDS DOLLY GIRL,1163.45,0.84,0.00,1162.61,0.07,0.01,1490,1469
21628,TRIANGULAR POUFFE VINTAGE,1161.65,29.90,0.00,1131.75,2.57,0.01,1491,1499
22334,DINOSAUR PARTY BAG + STICKER SET,1160.71,0.00,0.00,1160.71,0.00,0.01,1492,1470
21065,BOOM BOX SPEAKER GIRLS,1160.58,0.00,0.00,1160.58,0.00,0.01,1493,1471
22708,WRAP DOLLY GIRL,1160.00,10.50,0.00,1149.50,0.91,0.01,1494,1483
20801,LARGE PINK GLASS SUNDAE DISH,1157.80,24.00,0.00,1133.80,2.07,0.01,1495,1495
22680,FRENCH BLUE METAL DOOR SIGN 5,1157.79,37.50,0.00,1120.29,3.24,0.01,1496,1504
23566,EGG CUP MILKMAID HEIDI,1156.93,5.00,0.00,1151.93,0.43,0.01,1497,1480
85132B,CHARLIE AND LOLA TABLE TINS,1156.17,0.00,0.00,1156.17,0.00,0.01,1498,1475
23507,MINI PLAYING CARDS BUFFALO BILL,1155.67,0.00,0.00,1155.67,0.00,0.01,1499,1476
22924,FRIDGE MAGNETS LA VIE EN ROSE,1154.60,179.05,0.00,975.55,15.51,0.01,1500,1630
21773,DECORATIVE ROSE BATHROOM BOTTLE,1154.17,0.00,0.00,1154.17,0.00,0.01,1501,1477
23269,SET OF 2 CERAMIC CHRISTMAS TREES,1152.98,0.00,0.00,1152.98,0.00,0.01,1502,1479
21774,DECORATIVE CATS BATHROOM BOTTLE,1152.40,1.25,0.00,1151.15,0.11,0.01,1503,1482
22678,FRENCH BLUE METAL DOOR SIGN 3,1151.56,13.75,0.00,1137.81,1.19,0.01,1504,1491
23402,HOME SWEET HOME 3 PEG HANGER,1147.28,0.00,0.00,1147.28,0.00,0.01,1505,1485
22320,BIRDS MOBILE VINTAGE DESIGN,1147.27,53.55,0.00,1093.72,4.67,0.01,1506,1525
20956,PORCELAIN T-LIGHT HOLDERS ASSORTED,1146.52,6.25,0.00,1140.27,0.55,0.01,1507,1488
22325,MOBILE VINTAGE HEARTS,1146.35,64.35,0.00,1082.00,5.61,0.01,1508,1533
85106,CUT GLASS HEXAGON T-LIGHT HOLDER,1142.31,0.00,0.00,1142.31,0.00,0.01,1509,1486
22497,SET OF 2 TINS VINTAGE BATHROOM,1140.90,0.00,0.00,1140.90,0.00,0.01,1510,1487
21043,APRON MODERN VINTAGE COTTON,1139.86,0.00,0.00,1139.86,0.00,0.01,1511,1489
21947,SET OF 6 HEART CHOPSTICKS,1139.65,0.00,0.00,1139.65,0.00,0.01,1512,1490
21395,BLUE POLKADOT BEAKER,1139.06,3.90,0.00,1135.16,0.34,0.01,1513,1494
22581,WOOD STOCKING CHRISTMAS SCANDISPOT,1137.28,1.70,0.00,1135.58,0.15,0.01,1514,1492
22446,PIN CUSHION BABUSHKA PINK,1135.18,0.00,0.00,1135.18,0.00,0.01,1515,1493
22094,RED RETROSPOT TISSUE BOX,1135.00,39.97,0.00,1095.03,3.52,0.01,1516,1523
85159B,"WHITE TEA,COFFEE,SUGAR JARS",1134.50,86.54,0.00,1047.96,7.63,0.01,1517,1563
22155,STAR DECORATION RUSTIC,1133.61,20.16,0.00,1113.45,1.78,0.01,1518,1511
22376,AIRLINE BAG VINTAGE JET SET WHITE,1133.20,0.00,0.00,1133.20,0.00,0.01,1519,1496
84912B,GREEN ROSE WASHBAG,1132.85,0.00,0.00,1132.85,0.00,0.01,1520,1497
22923,FRIDGE MAGNETS LES ENFANTS ASSORTED,1130.77,134.00,0.00,996.77,11.85,0.01,1521,1617
85087,CANDY SPOT CUSHION COVER,1129.99,2.95,0.00,1127.04,0.26,0.01,1522,1503
47585A,PINK FAIRY CAKE CUSHION COVER,1129.44,0.00,0.00,1129.44,0.00,0.01,1523,1500
22539,MINI JIGSAW DOLLY GIRL,1129.32,0.00,0.00,1129.32,0.00,0.01,1524,1501
23506,MINI PLAYING CARDS SPACEBOY,1129.12,0.00,0.00,1129.12,0.00,0.01,1525,1502
22211,WOOD STAMP SET FLOWERS,1122.39,69.60,0.00,1052.79,6.20,0.01,1526,1560
84944,SET OF 6 KASHMIR FOLKART BAUBLES,1120.26,95.70,0.00,1024.56,8.54,0.01,1527,1581
22815,CARD PSYCHEDELIC APPLES,1118.84,0.00,0.00,1118.84,0.00,0.01,1528,1505
23510,MINI PLAYING CARDS GYMKHANA,1118.80,0.00,0.00,1118.80,0.00,0.01,1529,1506
23411,TRELLIS COAT RACK,1118.61,4.95,0.00,1113.66,0.44,0.01,1530,1510
21809,CHRISTMAS HANGING TREE WITH BELL,1117.92,0.00,0.00,1117.92,0.00,0.01,1531,1507
21466,RED FLOWER CROCHET FOOD COVER,1116.89,0.00,0.00,1116.89,0.00,0.01,1532,1508
47580,TEA TIME DES TEA COSY,1116.72,30.60,0.00,1086.12,2.74,0.01,1533,1531
22817,CARD SUKI BIRTHDAY,1114.81,0.00,0.00,1114.81,0.00,0.01,1534,1509
22608,PENS ASSORTED FUNKY JEWELED,1114.64,1.33,0.00,1113.31,0.12,0.01,1535,1512
23513,EMBROIDERED RIBBON REEL SUSIE,1114.26,12.48,0.00,1101.78,1.12,0.01,1536,1518
21984,PACK OF 12 PINK PAISLEY TISSUES,1112.60,17.40,0.00,1095.20,1.56,0.01,1537,1522
22342,HOME GARLAND PAINTED ZINC,1111.58,40.20,0.00,1071.38,3.62,0.01,1538,1542
22060,LARGE CAKE STAND HANGING HEARTS,1111.05,87.20,0.00,1023.85,7.85,0.01,1539,1582
22758,LARGE PURPLE BABUSHKA NOTEBOOK,1110.25,0.00,0.00,1110.25,0.00,0.01,1540,1513
22153,ANGEL DECORATION STARS ON DRESS,1109.05,29.40,0.00,1079.65,2.65,0.01,1541,1536
23433,HANGING QUILTED PATCHWORK APPLES,1108.58,39.01,0.00,1069.57,3.52,0.01,1542,1543
21693,SMALL HAMMERED SILVER CANDLEPOT,1107.91,0.00,0.00,1107.91,0.00,0.01,1543,1514
21830,ASSORTED CREEPY CRAWLIES,1107.07,20.16,0.00,1086.91,1.82,0.01,1544,1529
85116,BLACK CANDELABRA T-LIGHT HOLDER,1106.88,63.00,0.00,1043.88,5.69,0.01,1545,1567
22444,GROW YOUR OWN PLANT IN A CAN,1106.62,40.00,0.00,1066.62,3.61,0.01,1546,1547
85127,SMALL SQUARE CUT GLASS CANDLESTICK,1106.54,24.75,0.00,1081.79,2.24,0.01,1547,1534
85114A,BLACK ENCHANTED FOREST PLACEMAT,1105.21,0.00,0.00,1105.21,0.00,0.01,1548,1516
22819,"BIRTHDAY CARD, RETRO SPOT",1104.81,0.00,0.00,1104.81,0.00,0.01,1549,1517
22221,CAKE STAND LOVEBIRD 2 TIER PINK,1104.54,19.90,0.00,1084.64,1.80,0.01,1550,1532
21824,PAINTED METAL STAR WITH HOLLY BELLS,1102.42,34.80,0.00,1067.62,3.16,0.01,1551,1545
21688,SILVER PLATE CANDLE BOWL SMALL,1101.28,0.00,0.00,1101.28,0.00,0.01,1552,1519
23375,50'S CHRISTMAS PAPER GIFT BAG,1100.69,0.82,0.00,1099.87,0.07,0.01,1553,1520
22984,CARD GINGHAM ROSE,1096.09,0.00,0.00,1096.09,0.00,0.01,1554,1521
22997,TRAVEL CARD WALLET UNION JACK,1094.93,32.76,0.00,1062.17,2.99,0.01,1555,1553
22309,TEA COSY RED  STRIPE,1091.05,0.00,0.00,1091.05,0.00,0.01,1556,1526
23087,ZINC  HEART T-LIGHT HOLDER,1090.66,18.75,0.00,1071.91,1.72,0.01,1557,1541
23432,PRETTY HANGING QUILTED HEARTS,1088.36,0.00,0.00,1088.36,0.00,0.01,1558,1527
22785,SQUARECUSHION COVER PINK UNION JACK,1087.57,0.00,0.00,1087.57,0.00,0.01,1559,1528
15056bl,EDWARDIAN PARASOL BLACK,1086.88,0.00,0.00,1086.88,0.00,0.01,1560,1530
21469,POLKA DOT RAFFIA FOOD COVER,1085.32,7.50,0.00,1077.82,0.69,0.01,1561,1538
21991,BOHEMIAN COLLAGE STATIONERY SET,1080.82,15.00,0.00,1065.82,1.39,0.01,1562,1548
21224,SET/4 SKULL BADGES,1080.00,15.00,0.00,1065.00,1.39,0.01,1563,1551
84459B,YELLOW METAL CHICKEN HEART,1079.67,0.00,0.00,1079.67,0.00,0.01,1564,1535
23347,I LOVE LONDON BEAKER,1077.30,42.50,0.00,1034.80,3.95,0.01,1565,1576
22611,VINTAGE UNION JACK SHOPPING BAG,1077.03,0.00,0.00,1077.03,0.00,0.01,1566,1539
23102,SILVER HEARTS TABLE DECORATION,1075.03,0.00,0.00,1075.03,0.00,0.01,1567,1540
22245,"HOOK, 1 HANGER ,MAGIC GARDEN",1070.00,4.25,0.00,1065.75,0.40,0.01,1568,1549
51014L,"FEATHER PEN,LIGHT PINK",1069.14,65.88,0.00,1003.26,6.16,0.01,1569,1608
22123,PING MICROWAVE APRON,1068.38,0.00,0.00,1068.38,0.00,0.01,1570,1544
85036C,ROSE 1 WICK MORRIS BOXED CANDLE,1066.86,232.25,0.00,834.61,21.77,0.01,1571,1757
35648,VINTAGE BEAD PINK PURSE,1066.66,20.75,0.00,1045.91,1.95,0.01,1572,1565
21819,GLITTER CHRISTMAS STAR,1066.65,0.00,0.00,1066.65,0.00,0.01,1573,1546
23331,DECORATIVE WICKER HEART SMALL,1062.28,0.00,0.00,1062.28,0.00,0.01,1574,1552
21288,STRIPEY CHOCOLATE NESTING BOXES,1061.41,61.20,0.00,1000.21,5.77,0.01,1575,1614
20931,BLUE POT PLANT CANDLE,1060.90,45.05,0.00,1015.85,4.25,0.01,1576,1595
23033,DRAWER KNOB CERAMIC RED,1058.90,0.00,0.00,1058.90,0.00,0.01,1577,1554
22995,TRAVEL CARD WALLET SUKI,1058.64,20.58,0.00,1038.06,1.94,0.01,1578,1571
23516,EMBROIDERED RIBBON REEL SOPHIE,1058.60,0.00,0.00,1058.60,0.00,0.01,1579,1555
84459A,PINK METAL CHICKEN HEART,1058.18,89.40,0.00,968.78,8.45,0.01,1580,1636
22190,LOCAL CAFE MUG,1057.71,0.00,0.00,1057.71,0.00,0.01,1581,1556
21391,FRENCH LAVENDER SCENT HEART,1055.59,6.30,0.00,1049.29,0.60,0.01,1582,1562
21464,DISCO BALL ROTATOR BATTERY OPERATED,1055.25,38.25,0.00,1017.00,3.62,0.01,1583,1593
21949,SET OF 6 STRAWBERRY CHOPSTICKS,1054.44,0.00,0.00,1054.44,0.00,0.01,1584,1557
85035B,CHOCOLATE 3 WICK MORRIS BOX CANDLE,1054.10,0.00,0.00,1054.10,0.00,0.01,1585,1558
16016,LARGE CHINESE STYLE SCISSOR,1053.45,0.00,0.00,1053.45,0.00,0.01,1586,1559
22152,PLACE SETTING WHITE STAR,1053.08,1.68,0.00,1051.40,0.16,0.01,1587,1561
23327,HANGING CLEAR MINI BOTTLE,1051.14,4.72,0.00,1046.42,0.45,0.01,1588,1564
16237,SLEEPING CAT ERASERS,1047.93,12.60,0.00,1035.33,1.20,0.01,1589,1574
22066,LOVE HEART TRINKET POT,1044.81,1.95,0.00,1042.86,0.19,0.01,1590,1568
23419,HOME SWEET HOME BOTTLE,1043.72,2.08,0.00,1041.64,0.20,0.01,1591,1569
22163,HEART STRING MEMO HOLDER HANGING,1042.78,19.75,0.00,1023.03,1.89,0.01,1592,1583
85180A,RED HEARTS LIGHT CHAIN,1042.66,27.90,0.00,1014.76,2.68,0.01,1593,1597
21508,VINTAGE KID DOLLY CARD,1041.94,5.04,0.00,1036.90,0.48,0.01,1594,1573
22808,SET OF 6 T-LIGHTS EASTER CHICKS,1038.87,53.10,0.00,985.77,5.11,0.01,1595,1625
79302M,"ART LIGHTS,FUNK MONKEY",1037.54,0.00,0.00,1037.54,0.00,0.01,1596,1572
21821,GLITTER STAR GARLAND WITH BELLS,1037.05,45.00,0.00,992.05,4.34,0.01,1597,1623
22438,BALLOON ART MAKE YOUR OWN FLOWERS,1034.90,0.00,0.00,1034.90,0.00,0.01,1598,1575
23088,ZINC HEART FLOWER T-LIGHT HOLDER,1033.28,0.00,0.00,1033.28,0.00,0.01,1599,1577
22402,MAGNETS PACK OF 4 VINTAGE COLLAGE,1033.16,15.00,0.00,1018.16,1.45,0.01,1600,1592
22091,EMPIRE TISSUE BOX,1030.10,8.75,0.00,1021.35,0.85,0.01,1601,1587
21788,KIDS RAIN MAC BLUE,1029.24,18.50,0.00,1010.74,1.80,0.01,1602,1598
21679,SKULLS  STICKERS,1028.58,0.00,0.00,1028.58,0.00,0.01,1603,1578
20967,GREY FLORAL FELTCRAFT SHOULDER BAG,1027.94,0.00,0.00,1027.94,0.00,0.01,1604,1579
22231,JIGSAW TREE WITH BIRDHOUSE,1027.72,95.05,0.00,932.67,9.25,0.01,1605,1672
23545,WRAP RED VINTAGE DOILY,1025.60,0.00,0.00,1025.60,0.00,0.01,1606,1580
22614,PACK OF 12 SPACEBOY TISSUES,1024.22,14.43,0.00,1009.79,1.41,0.01,1607,1600
22024,RAINY LADIES BIRTHDAY CARD,1023.73,5.04,0.00,1018.69,0.49,0.01,1608,1590
22679,FRENCH BLUE METAL DOOR SIGN 4,1023.03,12.50,0.00,1010.53,1.22,0.01,1609,1599
15044C,PURPLE PAPER PARASOL,1022.99,8.05,0.00,1014.94,0.79,0.01,1610,1596
20966,SANDWICH BATH SPONGE,1022.80,0.00,0.00,1022.80,0.00,0.01,1611,1584
22286,DECORATION WOBBLY RABBIT METAL,1022.49,0.00,0.00,1022.49,0.00,0.01,1612,1585
21188,3D HEARTS  HONEYCOMB PAPER GARLAND,1021.90,0.00,0.00,1021.90,0.00,0.01,1613,1586
23452,HEART MINI PORTRAIT FRAME,1021.76,1.95,0.00,1019.81,0.19,0.01,1614,1588
23153,ZINC SWEETHEART WIRE LETTER RACK,1020.69,15.00,0.00,1005.69,1.47,0.01,1615,1606
22459,CAST IRON HOOK GARDEN TROWEL,1018.19,0.00,0.00,1018.19,0.00,0.01,1616,1591
22860,EASTER TIN CHICKS PINK DAISY,1017.77,24.75,0.00,993.02,2.43,0.01,1617,1621
22673,FRENCH GARDEN SIGN BLUE METAL,1016.08,15.00,0.00,1001.08,1.48,0.01,1618,1611
21803,CHRISTMAS TREE STAR DECORATION,1016.02,0.00,0.00,1016.02,0.00,0.01,1619,1594
23544,WALL ART MID CENTURY MODERN,1015.78,8.25,0.00,1007.53,0.81,0.01,1620,1605
85039A,SET/4 RED MINI ROSE CANDLE IN BOWL,1010.62,1.65,0.00,1008.97,0.16,0.01,1621,1603
23107,WHITE HEARTS WIRE PLANT POT HOLDER,1009.51,0.00,0.00,1009.51,0.00,0.01,1622,1601
21617,4 LILY  BOTANICAL DINNER CANDLES,1009.26,0.00,0.00,1009.26,0.00,0.01,1623,1602
21354,TOAST ITS - BEST MUM,1007.71,0.00,0.00,1007.71,0.00,0.01,1624,1604
23460,SWEETHEART WALL TIDY,1007.08,49.75,0.00,957.33,4.94,0.01,1625,1650
21198,WHITE HEART CONFETTI IN TUBE,1006.82,59.76,0.00,947.06,5.94,0.01,1626,1660
72816,SET/3 CHRISTMAS DECOUPAGE CANDLES,1005.32,30.00,0.00,975.32,2.98,0.01,1627,1631
21467,CHERRY CROCHET FOOD COVER,1004.39,7.50,0.00,996.89,0.75,0.01,1628,1616
22279,POCKET BAG BLUE PAISLEY RED SPOT,1003.40,1.25,0.00,1002.15,0.12,0.01,1629,1609
22098,BOUDOIR SQUARE TISSUE BOX,1001.55,30.11,0.00,971.44,3.01,0.01,1630,1634
22695,WICKER WREATH SMALL,1001.49,0.00,0.00,1001.49,0.00,0.01,1631,1610
23281,FOLDING BUTTERFLY MIRROR RED,1000.82,0.00,0.00,1000.82,0.00,0.01,1632,1612
23121,PACK OF 6 COCKTAIL PARASOL STRAWS,1000.44,0.00,0.00,1000.44,0.00,0.01,1633,1613
23533,WALL ART GARDEN HAVEN,998.64,0.00,0.00,998.64,0.00,0.01,1634,1615
23517,EMBROIDERED RIBBON REEL REBECCA,996.38,0.00,0.00,996.38,0.00,0.01,1635,1618
22242,5 HOOK HANGER MAGIC TOADSTOOL,994.38,56.10,0.00,938.28,5.64,0.01,1636,1667
10125,MINI FUNKY DESIGN TAPES,993.99,0.00,0.00,993.99,0.00,0.01,1637,1619
22069,BROWN  PIRATE TREASURE CHEST,993.50,0.00,0.00,993.50,0.00,0.01,1638,1620
21355,TOAST ITS - I LOVE YOU,992.58,0.00,0.00,992.58,0.00,0.01,1639,1622
85232D,SET/3 DECOUPAGE STACKING TINS,992.52,14.85,0.00,977.67,1.50,0.01,1640,1628
84558A,3D DOG PICTURE PLAYING CARDS,987.41,0.00,0.00,987.41,0.00,0.01,1641,1624
20886,BOX OF 9 PEBBLE CANDLES,986.23,11.70,0.00,974.53,1.19,0.01,1642,1633
35651,VINTAGE BEAD PINK SCARF,985.84,19.80,0.00,966.04,2.01,0.01,1643,1639
20802,SMALL GLASS SUNDAE DISH CLEAR,984.47,20.07,0.00,964.40,2.04,0.01,1644,1642
23380,PACK OF 12 VINTAGE DOILY TISSUES,983.50,14.04,0.00,969.46,1.43,0.01,1645,1635
21648,ASSORTED TUTTI FRUTTI SMALL PURSE,982.79,1.25,0.00,981.54,0.13,0.01,1646,1626
23518,EMBROIDERED RIBBON REEL RACHEL,980.41,17.34,0.00,963.07,1.77,0.01,1647,1645
35471D,SET OF 3 BIRD LIGHT PINK FEATHER,979.11,2.50,0.00,976.61,0.26,0.01,1648,1629
21948,SET OF 6 CAKE CHOPSTICKS,978.23,0.00,0.00,978.23,0.00,0.01,1649,1627
23514,EMBROIDERED RIBBON REEL SALLY,977.39,12.48,0.00,964.91,1.28,0.01,1650,1641
85064,CREAM SWEETHEART LETTER RACK,976.25,9.30,0.00,966.95,0.95,0.01,1651,1638
23512,EMBROIDERED RIBBON REEL ROSIE,975.24,0.00,0.00,975.24,0.00,0.01,1652,1632
22681,FRENCH BLUE METAL DOOR SIGN 6,973.15,14.81,0.00,958.34,1.52,0.01,1653,1648
84843,WHITE SOAP RACK WITH 2 BOTTLES,969.80,5.95,0.00,963.85,0.61,0.01,1654,1643
22307,GOLD MUG BONE CHINA TREE OF LIFE,969.64,45.90,0.00,923.74,4.73,0.01,1655,1678
22599,CHRISTMAS MUSICAL ZINC STAR,967.76,20.40,0.00,947.36,2.11,0.01,1656,1658
23183,MOTHER'S KITCHEN SPOON REST,967.17,30.00,0.00,937.17,3.10,0.01,1657,1669
22500,SET OF 2 TINS JARDIN DE PROVENCE,967.05,0.00,0.00,967.05,0.00,0.01,1658,1637
22857,ASSORTED EASTER GIFT TAGS,965.86,0.00,0.00,965.86,0.00,0.01,1659,1640
21058,PARTY INVITES WOODLAND,965.66,10.20,0.00,955.46,1.06,0.01,1660,1652
47504H,ENGLISH ROSE SPIRIT LEVEL,964.38,5.00,0.00,959.38,0.52,0.01,1661,1647
21389,IVORY HANGING DECORATION  BIRD,964.23,0.85,0.00,963.38,0.09,0.01,1662,1644
22209,WOOD STAMP SET HAPPY BIRTHDAY,964.22,9.96,0.00,954.26,1.03,0.01,1663,1653
22246,MAGIC GARDEN FELT GARLAND,962.77,23.40,0.00,939.37,2.43,0.01,1664,1666
22540,MINI JIGSAW CIRCUS PARADE,960.86,0.42,0.00,960.44,0.04,0.01,1665,1646
22210,WOOD STAMP SET BEST WISHES,958.04,0.00,0.00,958.04,0.00,0.01,1666,1649
20846,ZINC HEART LATTICE T-LIGHT HOLDER,957.32,0.00,0.00,957.32,0.00,0.01,1667,1651
22994,TRAVEL CARD WALLET RETROSPOT,956.94,12.60,0.00,944.34,1.32,0.01,1668,1664
20733,GOLD MINI TAPE MEASURE,956.36,216.00,0.00,740.36,22.59,0.01,1669,1855
70007,HI TEC ALPINE HAND WARMER,956.36,19.80,0.00,936.56,2.07,0.01,1669,1670
84913A,SOFT PINK ROSE TOWEL,952.83,0.00,0.00,952.83,0.00,0.01,1671,1654
84819,DANISH ROSE ROUND SEWING BOX,951.79,17.00,0.00,934.79,1.79,0.01,1672,1671
84509G,SET OF 4 FAIRY CAKE PLACEMATS,950.49,0.00,0.00,950.49,0.00,0.01,1673,1655
22262,FELT EGG COSY CHICKEN,950.46,4.25,0.00,946.21,0.45,0.01,1674,1662
84596G,SMALL CHOCOLATES PINK BOWL,949.08,0.00,0.00,949.08,0.00,0.01,1675,1656
21683,MEDIUM MEDINA STAMPED METAL BOWL,948.70,0.00,0.00,948.70,0.00,0.01,1676,1657
23540,WALL ART THE MAGIC FOREST,947.06,0.00,0.00,947.06,0.00,0.01,1677,1659
21717,EASTER TIN BUCKET,946.93,0.00,0.00,946.93,0.00,0.01,1678,1661
15044B,BLUE PAPER PARASOL,946.83,2.95,0.00,943.88,0.31,0.01,1679,1665
47593B,SCOTTIE DOGS BABY BIB,946.13,0.00,0.00,946.13,0.00,0.01,1680,1663
22270,HAPPY EASTER HANGING DECORATION,942.20,25.89,0.00,916.31,2.75,0.01,1681,1685
22132,RED LOVE HEART SHAPE CUP,939.03,10.20,0.00,928.83,1.09,0.01,1682,1676
35646,VINTAGE BEAD PINK EVENING BAG,937.25,0.00,0.00,937.25,0.00,0.01,1683,1668
23178,JAM CLOCK MAGNET,936.89,14.45,0.00,922.44,1.54,0.01,1684,1680
21462,"NURSERY A,B,C PAINTED LETTERS",932.40,0.00,0.00,932.40,0.00,0.01,1685,1673
22893,MINI CAKE STAND T-LIGHT HOLDER,931.02,8.82,0.00,922.20,0.95,0.01,1686,1681
21682,LARGE MEDINA STAMPED METAL BOWL,930.96,14.85,0.00,916.11,1.60,0.01,1687,1687
23179,CLOCK MAGNET MUM'S KITCHEN,930.48,0.00,0.00,930.48,0.00,0.01,1688,1674
22281,EASTER TREE YELLOW BIRDS,929.44,0.00,0.00,929.44,0.00,0.01,1689,1675
22046,TEA PARTY  WRAPPING PAPER,929.00,14.28,0.00,914.72,1.54,0.01,1690,1688
23099,FRENCH CARRIAGE LANTERN,925.35,53.20,0.00,872.15,5.75,0.01,1691,1726
85103,SILVER T-LIGHT SETTING,924.29,220.15,0.00,704.14,23.82,0.01,1692,1911
22701,PINK DOG BOWL,922.89,43.00,0.00,879.89,4.66,0.01,1693,1717
20686,DOLLY MIXTURE CHILDREN'S UMBRELLA,922.67,0.00,0.00,922.67,0.00,0.01,1694,1679
17091J,VANILLA INCENSE IN TIN,920.67,0.00,0.00,920.67,0.00,0.01,1695,1682
20752,BLUE POLKADOT WASHING UP GLOVES,920.45,4.20,0.00,916.25,0.46,0.01,1696,1686
85114C,RED ENCHANTED FOREST PLACEMAT,920.22,0.00,0.00,920.22,0.00,0.01,1697,1683
21802,CHRISTMAS TREE HEART DECORATION,919.14,0.42,0.00,918.72,0.05,0.01,1698,1684
72799E,IVORY PILLAR CANDLE SILVER FLOCK,916.99,17.70,0.00,899.29,1.93,0.01,1699,1696
21786,POLKADOT RAIN HAT,916.99,9.24,0.00,907.75,1.01,0.01,1700,1690
23338,EGG FRYING PAN RED,915.40,12.48,0.00,902.92,1.36,0.01,1701,1693
23002,TRAVEL CARD WALLET SKULLS,914.37,53.76,0.00,860.61,5.88,0.01,1702,1733
85034A,3 GARDENIA MORRIS BOXED CANDLES,911.40,20.75,0.00,890.65,2.28,0.01,1703,1706
82001s,SILVER RECORD COVER FRAME,910.12,0.00,0.00,910.12,0.00,0.01,1704,1689
23413,VINTAGE COFFEE GRINDER BOX,909.31,49.80,0.00,859.51,5.48,0.01,1705,1735
22103,MIRROR MOSAIC T-LIGHT HOLDER ROUND,908.24,201.66,0.00,706.58,22.20,0.01,1706,1906
37501,TEA TIME TEA SET IN GIFT BOX,906.83,13.90,0.00,892.93,1.53,0.01,1707,1705
22519,CHILDS GARDEN BRUSH PINK,906.75,0.00,0.00,906.75,0.00,0.01,1708,1691
84519A,TOMATO CHARLIE+LOLA COASTER SET,905.55,0.00,0.00,905.55,0.00,0.01,1709,1692
23004,TRAVEL CARD WALLET PANTRY,903.16,77.28,0.00,825.88,8.56,0.01,1710,1765
85114B,IVORY ENCHANTED FOREST PLACEMAT,902.49,3.30,0.00,899.19,0.37,0.01,1711,1697
21894,POTTING SHED SEED ENVELOPES,902.08,0.00,0.00,902.08,0.00,0.01,1712,1694
23532,WALL ART WORK REST AND PLAY,901.58,0.00,0.00,901.58,0.00,0.01,1713,1695
85131A,BEADED PEARL HEART WHITE ON STICK,901.48,11.27,0.00,890.21,1.25,0.01,1714,1708
85185B,PINK HORSE SOCK PUPPET,900.39,2.95,0.00,897.44,0.33,0.01,1715,1700
22106,MIRROR MOSAIC HURRICANE LAMP,898.38,156.75,0.00,741.63,17.45,0.01,1716,1852
21465,PINK FLOWER CROCHET FOOD COVER,897.80,0.00,0.00,897.80,0.00,0.01,1717,1698
22277,COSMETIC BAG VINTAGE ROSE PAISLEY,897.74,0.00,0.00,897.74,0.00,0.01,1718,1699
22682,FRENCH BLUE METAL DOOR SIGN 7,896.75,13.75,0.00,883.00,1.53,0.01,1719,1715
23502,PLAYING CARDS VINTAGE DOILY,896.41,0.00,0.00,896.41,0.00,0.01,1720,1701
21631,HIPPY CHIC DECORATIVE PARASOL,896.01,0.00,0.00,896.01,0.00,0.01,1721,1702
22936,BAKING MOULD ROSE WHITE CHOCOLATE,895.97,198.00,0.00,697.97,22.10,0.01,1722,1920
22719,GUMBALL MONOCHROME COAT RACK,895.72,11.17,0.00,884.55,1.25,0.01,1723,1712
21633,SUNFLOWER DECORATIVE PARASOL,895.46,12.75,0.00,882.71,1.42,0.01,1724,1716
22761,CHEST 7 DRAWER MA CAMPAGNE,895.38,43.90,0.00,851.48,4.90,0.01,1725,1743
22118,JOY WOODEN BLOCK LETTERS,895.26,0.00,0.00,895.26,0.00,0.01,1726,1703
23472,NINE DRAWER OFFICE TIDY,894.42,0.00,0.00,894.42,0.00,0.01,1727,1704
84823,DANISH ROSE FOLDING CHAIR,890.40,0.00,0.00,890.40,0.00,0.01,1728,1707
22251,BIRDHOUSE DECORATION MAGIC GARDEN,889.49,20.00,0.00,869.49,2.25,0.01,1729,1727
21189,WHITE HONEYCOMB PAPER GARLAND,888.67,0.00,0.00,888.67,0.00,0.01,1730,1710
22814,CARD PARTY GAMES,888.47,0.00,0.00,888.47,0.00,0.01,1731,1711
21199,PINK  HEART CONFETTI IN TUBE,888.33,20.16,0.00,868.17,2.27,0.01,1732,1730
84536B,FAIRY CAKES NOTEBOOK A7 SIZE,888.14,20.16,0.00,867.98,2.27,0.01,1733,1731
21743,STAR PORTABLE TABLE LIGHT,887.65,26.55,0.00,861.10,2.99,0.01,1734,1732
21209,MULTICOLOUR HONEYCOMB FAN,886.24,8.33,0.00,877.91,0.94,0.01,1735,1721
22524,CHILDRENS GARDEN GLOVES BLUE,883.20,0.00,0.00,883.20,0.00,0.01,1736,1713
46776F,WOVEN ROSE GARDEN CUSHION COVER,883.12,0.00,0.00,883.12,0.00,0.01,1737,1714
85176,SEWING SUSAN 21 NEEDLE SET,880.47,0.85,0.00,879.62,0.10,0.01,1738,1719
22317,FIVE CATS HANGING DECORATION,879.67,0.00,0.00,879.67,0.00,0.01,1739,1718
84997a,CHILDRENS CUTLERY POLKADOT GREEN,878.74,0.00,0.00,878.74,0.00,0.01,1740,1720
84030e,ENGLISH ROSE HOT WATER BOTTLE,877.76,0.00,0.00,877.76,0.00,0.01,1741,1722
22308,TEA COSY BLUE STRIPE,877.38,0.00,0.00,877.38,0.00,0.01,1742,1723
23423,PANTRY 3 HOOK ROLLING PIN HANGER,876.90,18.75,0.00,858.15,2.14,0.01,1743,1738
22343,PARTY PIZZA DISH RED RETROSPOT,873.33,15.30,0.00,858.03,1.75,0.01,1744,1739
22565,FELTCRAFT HAIRBANDS PINK AND WHITE,872.67,0.00,0.00,872.67,0.00,0.01,1745,1724
23479,WIRE EGG BASKET,872.38,0.00,0.00,872.38,0.00,0.01,1746,1725
22683,FRENCH BLUE METAL DOOR SIGN 8,871.49,15.00,0.00,856.49,1.72,0.01,1747,1741
21399,BLUE POLKADOT COFFEE MUG,869.61,43.29,0.00,826.32,4.98,0.01,1748,1764
23220,REINDEER HEART DECORATION GOLD,869.15,9.96,0.00,859.19,1.15,0.01,1749,1736
85049H,URBAN BLACK RIBBONS,869.10,0.00,0.00,869.10,0.00,0.01,1750,1728
21204,DAISIES  HONEYCOMB GARLAND,868.44,0.00,0.00,868.44,0.00,0.01,1751,1729
21708,FOLDING UMBRELLA CREAM POLKADOT,863.11,4.95,0.00,858.16,0.57,0.01,1752,1737
22321,BIRD DECORATION RED RETROSPOT,860.93,0.85,0.00,860.08,0.10,0.01,1753,1734
84849D,HOT BATHS SOAP HOLDER,859.00,37.18,0.00,821.82,4.33,0.01,1754,1768
21880,RED RETROSPOT TAPE,858.78,7.80,0.00,850.98,0.91,0.01,1755,1744
21695,SMALL SILVER FLOWER CANDLE POT,857.68,0.00,0.00,857.68,0.00,0.01,1756,1740
22068,BLACK PIRATE TREASURE CHEST,856.39,21.45,0.00,834.94,2.50,0.01,1757,1756
85135C,RED DRAGONFLY HELICOPTER,856.38,7.95,0.00,848.43,0.93,0.01,1758,1746
21823,PAINTED METAL HEART WITH HOLLY BELL,854.35,0.00,0.00,854.35,0.00,0.01,1759,1742
85183A,CHARLIE & LOLA WASTEPAPER BIN BLUE,852.04,2.50,0.00,849.54,0.29,0.01,1760,1745
84535B,FAIRY CAKES NOTEBOOK A6 SIZE,850.20,61.75,0.00,788.45,7.26,0.01,1761,1790
84006,MAGIC TREE -PAPER FLOWERS,848.70,0.85,0.00,847.85,0.10,0.01,1762,1747
22706,WRAP COWBOYS,847.94,10.50,0.00,837.44,1.24,0.01,1763,1753
22105,MIRROR MOSAIC GOBLET CANDLE HOLDER,847.82,228.00,0.00,619.82,26.89,0.01,1764,2016
21359,RELAX LARGE WOOD LETTERS,844.28,7.90,0.00,836.38,0.94,0.01,1765,1755
22537,MAGIC DRAWING SLATE DINOSAUR,844.00,20.16,0.00,823.84,2.39,0.01,1766,1767
23564,EGG CUP MILKMAID INGRID,841.31,0.00,0.00,841.31,0.00,0.01,1767,1748
22162,HEART GARLAND RUSTIC PADDED,841.24,32.45,0.00,808.79,3.86,0.01,1768,1776
20839,FRENCH PAISLEY CUSHION COVER,840.44,0.00,0.00,840.44,0.00,0.01,1769,1749
21694,SMALL REGAL  SILVER CANDLEPOT,840.33,0.00,0.00,840.33,0.00,0.01,1770,1750
37327,ASSTD MULTICOLOUR CIRCLES MUG,840.08,1.56,0.00,838.52,0.19,0.01,1771,1752
15034,PAPER POCKET TRAVELING FAN,840.02,108.29,0.00,731.73,12.89,0.01,1772,1868
23551,PACK OF 12 PAISLEY PARK TISSUES,839.84,0.00,0.00,839.84,0.00,0.01,1773,1751
22276,WASH BAG VINTAGE ROSE PAISLEY,838.86,17.85,0.00,821.01,2.13,0.01,1774,1770
22254,FELT TOADSTOOL LARGE,836.80,0.00,0.00,836.80,0.00,0.01,1775,1754
22102,MIRROR MOSAIC T-LIGHT HOLDER,831.84,280.80,0.00,551.04,33.76,0.01,1776,2122
22217,T-LIGHT HOLDER HANGING LACE,831.26,50.00,0.00,781.26,6.01,0.01,1777,1797
21125,SET 6 FOOTBALL CELEBRATION CANDLES,830.98,2.50,0.00,828.48,0.30,0.01,1778,1761
21642,ASSORTED TUTTI FRUTTI PEN,830.73,46.54,0.00,784.19,5.60,0.01,1779,1794
22587,FELTCRAFT HAIRBAND RED AND BLUE,830.52,0.00,0.00,830.52,0.00,0.01,1780,1758
21804,WHITE CHRISTMAS GARLAND STARS TREES,830.03,0.00,0.00,830.03,0.00,0.01,1781,1759
20986,BLUE CALCULATOR RULER,829.74,0.00,0.00,829.74,0.00,0.01,1782,1760
22341,LOVE GARLAND PAINTED ZINC,827.63,0.00,0.00,827.63,0.00,0.01,1783,1762
22862,LOVE HEART NAPKIN BOX,826.95,0.00,0.00,826.95,0.00,0.01,1784,1763
23017,APOTHECARY MEASURING JAR,826.28,12.50,0.00,813.78,1.51,0.01,1785,1772
21294,ETCHED GLASS COASTER,825.49,0.00,0.00,825.49,0.00,0.01,1786,1766
85194L,HANGING SPRING FLOWER EGG LARGE,822.89,23.80,0.00,799.09,2.89,0.01,1787,1780
22093,MOTORING TISSUE BOX,822.13,15.00,0.00,807.13,1.82,0.01,1788,1777
72818,CHRISTMAS DECOUPAGE CANDLE,821.98,25.92,0.00,796.06,3.15,0.01,1789,1782
21905,MORE BUTTER METAL SIGN,821.61,0.00,0.00,821.61,0.00,0.01,1790,1769
21291,SMALL POLKADOT CHOCOLATE GIFT BAG,819.64,0.00,0.00,819.64,0.00,0.01,1791,1771
23186,FRENCH STYLE STORAGE JAR CAFE,819.46,9.24,0.00,810.22,1.13,0.01,1792,1774
23324,RUSTIC STRAWBERRY JAM POT LARGE,816.04,67.51,0.00,748.53,8.27,0.01,1793,1845
23106,ZINC HEARTS PLANT POT HOLDER,815.59,34.68,0.00,780.91,4.25,0.01,1794,1798
85169A,IVORY LOVE BIRD CANDLE,813.02,15.00,0.00,798.02,1.84,0.01,1795,1781
22249,DECORATION WHITE CHICK MAGIC GARDEN,812.86,3.40,0.00,809.46,0.42,0.01,1796,1775
85049a,TRADITIONAL CHRISTMAS RIBBONS,812.84,0.00,0.00,812.84,0.00,0.01,1797,1773
79191C,RETRO PLASTIC ELEPHANT TRAY,812.53,134.30,0.00,678.23,16.53,0.01,1798,1944
23022,SMALL BONNE JAM JAR  T-LIGHT HOLDER,808.16,62.40,0.00,745.76,7.72,0.01,1799,1850
84509B,SET OF 4 FAIRY CAKE PLACEMATS,806.04,0.00,0.00,806.04,0.00,0.01,1800,1778
21789,KIDS RAIN MAC PINK,803.65,17.00,0.00,786.65,2.12,0.01,1801,1791
22268,DECORATION SITTING BUNNY,802.34,8.26,0.00,794.08,1.03,0.01,1802,1783
23409,PHOTO FRAME LINEN AND LACE LARGE,801.68,26.25,0.00,775.43,3.27,0.01,1803,1808
22099,CARAVAN SQUARE TISSUE BOX,800.59,11.25,0.00,789.34,1.41,0.01,1804,1788
22546,MINI JIGSAW PURDEY,799.98,0.42,0.00,799.56,0.05,0.01,1805,1779
85170D,SET/6 PINK BIRD T-LIGHT CANDLES,796.99,8.00,0.00,788.99,1.00,0.01,1806,1789
79160,HEART SHAPE WIRELESS DOORBELL,795.83,16.80,0.00,779.03,2.11,0.01,1807,1800
23487,SWEET HEART CAKE CARRIER,795.58,89.55,0.00,706.03,11.26,0.01,1808,1907
85173,SET/6 FROG PRINCE T-LIGHT CANDLES,795.02,12.75,0.00,782.27,1.60,0.01,1809,1796
23521,WALL ART CAT AND BIRD,793.37,0.00,0.00,793.37,0.00,0.01,1810,1784
21162,TOXIC AREA  DOOR HANGER,792.98,0.00,0.00,792.98,0.00,0.01,1811,1785
23519,EMBROIDERED RIBBON REEL CLAIRE,792.31,0.00,0.00,792.31,0.00,0.01,1812,1786
22705,WRAP GREEN PEARS,790.86,10.50,0.00,780.36,1.33,0.01,1813,1799
23335,EGG FRYING PAN IVORY,790.78,24.96,0.00,765.82,3.16,0.01,1814,1822
22566,FELTCRAFT HAIRBAND PINK AND PURPLE,789.78,0.00,0.00,789.78,0.00,0.01,1815,1787
23568,EGG CUP HENRIETTA HEN CREAM,787.52,1.25,0.00,786.27,0.16,0.01,1816,1793
22340,NOEL GARLAND PAINTED ZINC,787.21,17.40,0.00,769.81,2.21,0.01,1817,1817
21680,WOODLAND  STICKERS,786.31,0.00,0.00,786.31,0.00,0.01,1818,1792
85163B,BLACK BAROQUE WALL CLOCK,783.68,12.75,0.00,770.93,1.63,0.01,1819,1813
22518,CHILDS GARDEN BRUSH BLUE,783.54,0.00,0.00,783.54,0.00,0.01,1820,1795
84660A,WHITE STITCHED WALL CLOCK,783.45,4.54,0.00,778.91,0.58,0.01,1821,1801
85159A,"BLACK TEA,COFFEE,SUGAR JARS",783.35,82.40,0.00,700.95,10.52,0.01,1822,1917
85035A,GARDENIA 3 WICK MORRIS BOXED CANDLE,782.30,25.50,0.00,756.80,3.26,0.01,1823,1834
21158,MOODY GIRL DOOR HANGER,781.87,9.36,0.00,772.51,1.20,0.01,1824,1811
22685,FRENCH BLUE METAL DOOR SIGN 0,780.80,12.50,0.00,768.30,1.60,0.01,1825,1820
21504,SKULLS GREETING CARD,778.89,0.00,0.00,778.89,0.00,0.01,1826,1802
22228,BUNNY WOODEN PAINTED WITH BIRD,777.78,1.70,0.00,776.08,0.22,0.01,1827,1805
21983,PACK OF 12 BLUE PAISLEY TISSUES,777.67,6.96,0.00,770.71,0.89,0.01,1828,1815
85231B,CINAMMON SET OF 9 T-LIGHTS,777.58,9.35,0.00,768.23,1.20,0.01,1829,1821
21272,SALLE DE BAIN HOOK,777.57,2.50,0.00,775.07,0.32,0.01,1830,1809
85032A,ROMANTIC IMAGES GIFT WRAP SET,776.49,0.00,0.00,776.49,0.00,0.01,1831,1803
22422,TOOTHPASTE TUBE PEN,776.10,0.00,0.00,776.10,0.00,0.01,1832,1804
84509a,SET OF 4 ENGLISH ROSE PLACEMATS,775.84,0.00,0.00,775.84,0.00,0.01,1833,1806
22451,SILK PURSE BABUSHKA RED,775.80,0.00,0.00,775.80,0.00,0.01,1834,1807
84279B,CHERRY BLOSSOM DECORATIVE FLASK,774.70,26.25,0.00,748.45,3.39,0.01,1835,1846
22586,FELTCRAFT HAIRBAND PINK AND BLUE,774.55,40.80,0.00,733.75,5.27,0.01,1836,1863
84519B,CARROT CHARLIE+LOLA COASTER SET,773.30,0.00,0.00,773.30,0.00,0.01,1837,1810
21084,SET/6 COLLAGE PAPER CUPS,773.14,4.56,0.00,768.58,0.59,0.01,1838,1818
22522,CHILDS GARDEN FORK BLUE,772.59,10.20,0.00,762.39,1.32,0.01,1839,1826
21927,BLUE/CREAM STRIPE CUSHION COVER,771.15,48.75,0.00,722.40,6.32,0.01,1840,1886
22133,PINK LOVE HEART SHAPE CUP,770.73,0.00,0.00,770.73,0.00,0.01,1841,1814
84609,TALL ROCOCO CANDLE HOLDER,770.59,17.00,0.00,753.59,2.21,0.01,1842,1840
23115,RED APPLES CHOPPING BOARD,770.32,0.00,0.00,770.32,0.00,0.01,1843,1816
21530,DAIRY MAID TOASTRACK,769.57,48.19,0.00,721.38,6.26,0.01,1844,1887
21618,4 WILDFLOWER BOTANICAL CANDLES,768.37,0.00,0.00,768.37,0.00,0.01,1845,1819
23140,TRIPLE WIRE HOOK IVORY HEART,766.10,49.80,0.00,716.30,6.50,0.01,1846,1890
22786,CUSHION COVER PINK UNION JACK,764.63,0.00,0.00,764.63,0.00,0.01,1847,1823
21707,FOLDING UMBRELLA BLACKBLUE POLKADOT,763.66,0.00,0.00,763.66,0.00,0.01,1848,1824
23550,WRAP ALPHABET POSTER,763.10,0.00,0.00,763.10,0.00,0.01,1849,1825
23006,TRAVEL CARD WALLET FLOWER MEADOW,762.75,32.76,0.00,729.99,4.29,0.01,1850,1870
23458,DOLLY CABINET 3 DRAWERS,762.45,74.75,0.00,687.70,9.80,0.01,1851,1932
22252,BIRDCAGE DECORATION TEALIGHT HOLDER,761.57,7.50,0.00,754.07,0.98,0.01,1852,1838
22025,RING OF ROSES BIRTHDAY CARD,761.05,5.04,0.00,756.01,0.66,0.01,1853,1835
23025,DRAWER KNOB VINTAGE GLASS BALL,760.80,12.48,0.00,748.32,1.64,0.01,1854,1848
85130B,BEADED CRYSTAL HEART GREEN LARGE,760.43,0.00,0.00,760.43,0.00,0.01,1855,1827
85125,SMALL ROUND CUT GLASS CANDLESTICK,760.39,0.00,0.00,760.39,0.00,0.01,1856,1828
17084R,ASSORTED INCENSE PACK,760.32,0.00,0.00,760.32,0.00,0.01,1857,1829
21287,SCENTED VELVET LOUNGE CANDLE,760.15,0.00,0.00,760.15,0.00,0.01,1858,1830
10002,INFLATABLE POLITICAL GLOBE,759.89,0.00,0.00,759.89,0.00,0.01,1859,1831
23123,COCKTAIL SWORDS 50 PIECES,759.57,4.98,0.00,754.59,0.66,0.01,1860,1837
22753,SMALL YELLOW BABUSHKA NOTEBOOK,758.13,0.00,0.00,758.13,0.00,0.01,1861,1832
23282,FOLDING BUTTERFLY MIRROR IVORY,757.86,0.00,0.00,757.86,0.00,0.01,1862,1833
22454,MEASURING TAPE BABUSHKA RED,757.02,23.60,0.00,733.42,3.12,0.01,1863,1865
22480,RED TEA TOWEL CLASSIC DESIGN,755.96,0.00,0.00,755.96,0.00,0.01,1864,1836
84913B,MINT GREEN ROSE TOWEL,754.07,0.00,0.00,754.07,0.00,0.01,1865,1838
22336,DOVE DECORATION PAINTED ZINC,754.03,14.95,0.00,739.08,1.98,0.01,1866,1859
23124,18PC WOODEN CUTLERY SET DISPOSABLE,751.38,0.00,0.00,751.38,0.00,0.01,1867,1841
21383,PACK OF 12 STICKY BUNNIES,751.28,1.30,0.00,749.98,0.17,0.01,1868,1843
20748,KENSINGTON COFFEE SET,751.17,0.00,0.00,751.17,0.00,0.01,1869,1842
22523,CHILDS GARDEN FORK PINK,750.81,10.20,0.00,740.61,1.36,0.01,1870,1854
23223,CHRISTMAS TREE HANGING SILVER,750.19,9.96,0.00,740.23,1.33,0.01,1871,1856
21126,SET OF 6 GIRLS CELEBRATION CANDLES,748.95,0.00,0.00,748.95,0.00,0.01,1872,1844
22495,SET OF 2 ROUND TINS CAMEMBERT,748.82,17.70,0.00,731.12,2.36,0.01,1873,1869
84763,ZINC FINISH 15CM PLANTER POTS,748.34,0.00,0.00,748.34,0.00,0.01,1874,1847
22322,BIRD DECORATION GREEN POLKADOT,747.81,10.20,0.00,737.61,1.36,0.01,1875,1860
22481,BLACK TEA TOWEL CLASSIC DESIGN,747.30,0.00,0.00,747.30,0.00,0.01,1876,1849
21215,IVORY PAPER CUP CAKE CASES,744.35,0.00,0.00,744.35,0.00,0.01,1877,1851
22258,FELT FARM ANIMAL RABBIT,743.89,8.75,0.00,735.14,1.18,0.01,1878,1862
21643,ASSORTED TUTTI FRUTTI MIRROR,743.31,15.00,0.00,728.31,2.02,0.01,1879,1874
22316,200 BENDY SKULL STRAWS,742.37,1.25,0.00,741.12,0.17,0.01,1880,1853
23325,RUSTIC STRAWBERRY JAM POT SMALL,740.94,29.70,0.00,711.24,4.01,0.01,1881,1897
85212,MINI PAINTED GARDEN DECORATION,740.15,0.00,0.00,740.15,0.00,0.01,1882,1857
85032B,BLOSSOM IMAGES GIFT WRAP SET,739.99,0.00,0.00,739.99,0.00,0.01,1883,1858
23114,VINTAGE LEAF CHOPPING BOARD,737.95,14.85,0.00,723.10,2.01,0.01,1884,1885
21677,HEARTS  STICKERS,737.84,10.20,0.00,727.64,1.38,0.01,1885,1875
22264,FELT FARM ANIMAL WHITE BUNNY,736.98,0.00,0.00,736.98,0.00,0.01,1886,1861
22393,PAPERWEIGHT VINTAGE COLLAGE,736.88,10.20,0.00,726.68,1.38,0.01,1887,1879
79030G,TUMBLER NEW ENGLAND,733.49,0.00,0.00,733.49,0.00,0.01,1888,1864
84660B,BLACK STITCHED WALL CLOCK,733.28,0.00,0.00,733.28,0.00,0.01,1889,1866
23454,THREE MINI HANGING FRAMES,733.20,8.30,0.00,724.90,1.13,0.01,1890,1883
23435,3 RAFFIA RIBBONS VINTAGE CHRISTMAS,732.42,0.00,0.00,732.42,0.00,0.01,1891,1867
22097,SWALLOW SQUARE TISSUE BOX,732.39,3.90,0.00,728.49,0.53,0.01,1892,1873
22250,DECORATION  BUTTERFLY  MAGIC GARDEN,730.95,3.40,0.00,727.55,0.47,0.01,1893,1876
21398,RED POLKADOT COFFEE  MUG,729.60,0.00,0.00,729.60,0.00,0.01,1894,1871
22856,ASSORTED EASTER DECORATIONS  BELLS,729.57,26.25,0.00,703.32,3.60,0.01,1895,1913
22400,MAGNETS PACK OF 4 HOME SWEET HOME,729.09,0.39,0.00,728.70,0.05,0.01,1896,1872
23522,WALL ART DOG AND BALL,727.44,0.00,0.00,727.44,0.00,0.01,1897,1877
20996,JAZZ HEARTS ADDRESS BOOK,726.89,0.00,0.00,726.89,0.00,0.01,1898,1878
22684,FRENCH BLUE METAL DOOR SIGN 9,726.07,16.25,0.00,709.82,2.24,0.01,1899,1899
84754,S/15 SILVER GLASS BAUBLES IN BAG,725.52,152.64,0.00,572.88,21.04,0.01,1900,2081
21883,STARS GIFT TAPE,725.42,0.19,0.00,725.23,0.03,0.01,1901,1882
90200D,PINK SWEETHEART BRACELET,725.32,0.00,0.00,725.32,0.00,0.01,1902,1880
85131D,BEADED CRYSTAL HEART PINK ON STICK,725.26,0.00,0.00,725.26,0.00,0.01,1903,1881
23562,SET OF 6 RIBBONS PERFECTLY PRETTY,724.59,0.00,0.00,724.59,0.00,0.01,1904,1884
22821,GIFT BAG PSYCHEDELIC APPLES,722.67,7.80,0.00,714.87,1.08,0.01,1905,1891
72803A,ROSE SCENT CANDLE JEWELLED DRAWER,722.47,8.50,0.00,713.97,1.18,0.01,1906,1893
46775D,SUNSET COLOUR CHUNKY KNITTED THROW,720.93,0.00,0.00,720.93,0.00,0.01,1907,1888
79067,CORONA MEXICAN TRAY,719.69,0.00,0.00,719.69,0.00,0.01,1908,1889
21822,GLITTER CHRISTMAS TREE WITH BELLS,719.30,4.69,0.00,714.61,0.65,0.01,1909,1892
85032C,CURIOUS IMAGES GIFT WRAP SET,718.54,7.80,0.00,710.74,1.09,0.01,1910,1898
23222,CHRISTMAS TREE HANGING GOLD,718.53,19.92,0.00,698.61,2.77,0.01,1911,1919
21630,FLOOR CUSHION ELEPHANT CARNIVAL,718.14,8.95,0.00,709.19,1.25,0.01,1912,1902
22718,CARD CAT AND TREE,717.23,10.08,0.00,707.15,1.41,0.01,1913,1904
21775,DECORATIVE FLORE BATHROOM BOTTLE,716.86,3.75,0.00,713.11,0.52,0.01,1914,1894
22287,DECORATION WOBBLY CHICKEN,716.86,4.68,0.00,712.18,0.65,0.01,1915,1896
22201,FRYING PAN BLUE POLKADOT,716.80,8.50,0.00,708.30,1.19,0.01,1916,1903
85036A,GARDENIA 1 WICK MORRIS BOXED CANDLE,714.35,1.25,0.00,713.10,0.17,0.01,1917,1895
22026,BANQUET BIRTHDAY  CARD,712.08,5.04,0.00,707.04,0.71,0.01,1918,1905
23042,PAPER LANTERN 7 POINT SNOW STAR,711.51,66.50,0.00,645.01,9.35,0.01,1919,1983
84817,DANISH ROSE DECORATIVE PLATE,710.64,77.70,0.00,632.94,10.93,0.01,1920,1995
84581,DOG TOY WITH PINK CROCHET SKIRT,709.71,0.00,0.00,709.71,0.00,0.01,1921,1900
20866,BLUE ROSE FABRIC MIRROR,709.70,127.20,0.00,582.50,17.92,0.01,1922,2067
23070,EDWARDIAN HEART PHOTO FRAME,709.54,0.00,0.00,709.54,0.00,0.01,1923,1901
21289,LARGE STRIPES CHOCOLATE GIFT BAG,708.75,25.00,0.00,683.75,3.53,0.01,1924,1934
21143,ANTIQUE GLASS HEART DECORATION,707.23,3.90,0.00,703.33,0.55,0.01,1925,1912
21636,MADRAS NOTEBOOK MEDIUM,705.16,0.00,0.00,705.16,0.00,0.01,1926,1908
22514,CHILDS GARDEN SPADE BLUE,704.45,0.00,0.00,704.45,0.00,0.01,1927,1910
22981,PANTRY APPLE CORER,704.13,8.70,0.00,695.43,1.24,0.01,1928,1922
21356,TOAST ITS - FAIRY FLOWER,703.30,0.00,0.00,703.30,0.00,0.01,1929,1914
21739,COSY SLIPPER SHOES SMALL GREEN,703.08,0.00,0.00,703.08,0.00,0.01,1930,1915
21106,CREAM SLICE FLANNEL CHOCOLATE SPOT,702.51,0.00,0.00,702.51,0.00,0.01,1931,1916
21476,STEEL SWEETHEART ROUND TABLE CREAM,699.63,0.00,0.00,699.63,0.00,0.01,1932,1918
21208,PASTEL COLOUR HONEYCOMB FAN,697.77,15.99,0.00,681.78,2.29,0.01,1933,1936
20704,MR ROBOT SOFT TOY,697.70,27.80,0.00,669.90,3.98,0.01,1934,1956
79164,BLACK WINE GLASS,697.62,4.95,0.00,692.67,0.71,0.01,1935,1927
85078,SCANDINAVIAN 3 HEARTS NAPKIN RING,696.80,0.00,0.00,696.80,0.00,0.01,1936,1921
16235,RECYCLED PENCIL WITH RABBIT ERASER,695.40,0.21,0.00,695.19,0.03,0.01,1937,1924
84707A,SILVER JEWELLED MIRROR TRINKET TRAY,695.23,0.00,0.00,695.23,0.00,0.01,1938,1923
23187,FRENCH STYLE STORAGE JAR BONBONS,695.06,16.49,0.00,678.57,2.37,0.01,1939,1942
85049D,BRIGHT BLUES RIBBONS,694.99,0.00,0.00,694.99,0.00,0.01,1940,1925
21066,VINTAGE RED MUG,693.47,15.00,0.00,678.47,2.16,0.01,1941,1943
84660C,PINK STITCHED WALL CLOCK,693.32,0.00,0.00,693.32,0.00,0.01,1942,1926
21650,ASSORTED TUTTI FRUTTI BRACELET,692.85,4.56,0.00,688.29,0.66,0.01,1943,1931
35923,CANDY HEART HANGING DECORATION,690.52,0.39,0.00,690.13,0.06,0.01,1944,1928
16225,RATTLE SNAKE EGGS,689.35,0.00,0.00,689.35,0.00,0.01,1945,1929
79066K,RETRO MOD TRAY,689.34,10.20,0.00,679.14,1.48,0.01,1946,1939
22403,MAGNETS PACK OF 4 VINTAGE LABELS,689.28,15.00,0.00,674.28,2.18,0.01,1947,1948
22324,BLUE POLKADOT KIDS BAG,688.30,0.00,0.00,688.30,0.00,0.01,1948,1930
20902,VINTAGE KEEPSAKE BOX PARIS DAYS,686.86,0.00,0.00,686.86,0.00,0.01,1949,1933
85071B,RED CHARLIE+LOLA PERSONAL DOORSIGN,684.62,5.90,0.00,678.72,0.86,0.01,1950,1941
21317,GLASS SPHERE CANDLE STAND MEDIUM,684.08,4.95,0.00,679.13,0.72,0.01,1951,1940
22339,CHRISTMAS TREE PAINTED ZINC,683.31,16.93,0.00,666.38,2.48,0.01,1952,1957
85019B,BLOSSOM  IMAGES NOTEBOOK SET,682.97,0.00,0.00,682.97,0.00,0.01,1953,1935
23120,PACK OF 6 SMALL FRUIT STRAWS,682.39,30.24,0.00,652.15,4.43,0.01,1954,1975
21163,DO NOT TOUCH MY STUFF DOOR HANGER,680.55,1.25,0.00,679.30,0.18,0.01,1955,1938
46776B,WOVEN BERRIES CUSHION COVER,679.67,0.00,0.00,679.67,0.00,0.01,1956,1937
22136,LOVE HEART SOCK HANGER,679.28,1.45,0.00,677.83,0.21,0.01,1957,1945
23597,PAPER BUNTING PAISLEY PARK,679.07,17.70,0.00,661.37,2.61,0.01,1958,1964
22062,CERAMIC BOWL WITH LOVE HEART DESIGN,677.86,4.98,0.00,672.88,0.73,0.01,1959,1951
35001G,HAND OPEN SHAPE GOLD,677.34,0.00,0.00,677.34,0.00,0.01,1960,1946
21205,MULTICOLOUR 3D BALLS GARLAND,677.19,51.00,0.00,626.19,7.53,0.01,1961,2007
22806,SET OF 6 T-LIGHTS WEDDING CAKE,677.04,0.00,0.00,677.04,0.00,0.01,1962,1947
84659A,WHITE TRAVEL ALARM CLOCK,676.27,2.55,0.00,673.72,0.38,0.01,1963,1949
23428,IVORY RETRO KITCHEN WALL CLOCK,675.91,16.30,0.00,659.61,2.41,0.01,1964,1966
40001,WHITE BAMBOO RIBS LAMPSHADE,675.23,12.16,0.00,663.07,1.80,0.01,1965,1959
22267,EASTER DECORATION EGG BUNNY,673.17,0.00,0.00,673.17,0.00,0.01,1966,1950
21351,CINAMMON & ORANGE WREATH,672.88,47.25,0.00,625.63,7.02,0.01,1967,2010
21696,SMALL SILVER TRELLIS CANDLEPOT,672.40,35.40,0.00,637.00,5.26,0.01,1968,1990
47591d,PINK FAIRY CAKE CHILDRENS APRON,672.24,0.00,0.00,672.24,0.00,0.01,1969,1952
21261,GREEN GOOSE FEATHER CHRISTMAS TREE,672.09,0.00,0.00,672.09,0.00,0.01,1970,1953
21629,SQUARE FLOOR CUSHION VINTAGE RED,672.05,0.00,0.00,672.05,0.00,0.01,1971,1954
84923,PINK BUTTERFLY HANDBAG W BOBBLES,671.62,0.00,0.00,671.62,0.00,0.01,1972,1955
22618,COOKING SET RETROSPOT,671.53,174.18,0.00,497.35,25.94,0.01,1973,2197
22535,MAGIC DRAWING SLATE BUNNIES,669.75,20.16,0.00,649.59,3.01,0.01,1974,1978
22204,MILK PAN BLUE POLKADOT,669.54,18.75,0.00,650.79,2.80,0.01,1975,1977
22057,CERAMIC PLATE STRAWBERRY DESIGN,667.92,71.52,0.00,596.40,10.71,0.01,1976,2051
23024,LARGE BONNE JAM JAR  T-LIGHT HOLDER,667.85,4.98,0.00,662.87,0.75,0.01,1977,1960
47574A,ENGLISH ROSE SCENTED HANGING FLOWER,665.20,1.50,0.00,663.70,0.23,0.01,1978,1958
85199L,LARGE HANGING IVORY & RED WOOD BIRD,663.43,8.45,0.00,654.98,1.27,0.01,1979,1973
37475,SET/4 COLOURFUL MIXING BOWLS,661.98,0.00,0.00,661.98,0.00,0.01,1980,1961
21613,S/12 VANILLA  BOTANICAL T-LIGHTS,661.93,0.00,0.00,661.93,0.00,0.01,1981,1962
23547,WRAP FLOWER SHOP,661.50,0.00,0.00,661.50,0.00,0.01,1982,1963
23482,PEARLISED IVORY HEART LARGE,661.02,0.00,0.00,661.02,0.00,0.01,1983,1965
22615,PACK OF 12 CIRCUS PARADE TISSUES,660.15,4.68,0.00,655.47,0.71,0.01,1984,1972
18098C,PORCELAIN BUTTERFLY OIL BURNER,658.75,0.00,0.00,658.75,0.00,0.01,1985,1967
72349b,SET/6 PURPLE BUTTERFLY T-LIGHTS,658.51,0.00,0.00,658.51,0.00,0.01,1986,1968
22450,SILK PURSE BABUSHKA BLUE,657.76,3.35,0.00,654.41,0.51,0.01,1987,1974
22756,LARGE YELLOW BABUSHKA NOTEBOOK,656.52,0.00,0.00,656.52,0.00,0.01,1988,1969
22448,PIN CUSHION BABUSHKA RED,656.43,0.00,0.00,656.43,0.00,0.01,1989,1970
20767,BLUE PAISLEY JOURNAL,656.06,0.00,0.00,656.06,0.00,0.01,1990,1971
20658,RED RETROSPOT LUGGAGE TAG,652.11,15.00,0.00,637.11,2.30,0.01,1991,1989
46776A,WOVEN BUBBLE GUM CUSHION COVER,651.95,0.00,0.00,651.95,0.00,0.01,1992,1976
23224,CHERUB HEART DECORATION GOLD,649.02,11.62,0.00,637.40,1.79,0.01,1993,1988
22525,CHILDRENS GARDEN GLOVES PINK,648.97,0.00,0.00,648.97,0.00,0.01,1994,1979
21187,WHITE BELL HONEYCOMB PAPER GARLAND,648.45,0.00,0.00,648.45,0.00,0.01,1995,1980
22953,BIRTHDAY PARTY CORDON BARRIER TAPE,647.11,0.00,0.00,647.11,0.00,0.01,1996,1981
22715,CARD WEDDING DAY,645.64,0.00,0.00,645.64,0.00,0.01,1997,1982
21747,SMALL SKULL WINDMILL,645.61,15.00,0.00,630.61,2.32,0.01,1998,1999
23408,PHOTO FRAME LINEN AND LACE SMALL,644.80,29.12,0.00,615.68,4.52,0.01,1999,2027
22533,MAGIC DRAWING SLATE BAKE A CAKE,644.39,10.08,0.00,634.31,1.56,0.01,2000,1993
85177,BASKET OF FLOWERS SEWING KIT,644.21,0.85,0.00,643.36,0.13,0.01,2001,1984
22389,PAPERWEIGHT SAVE THE PLANET,641.55,210.00,0.00,431.55,32.73,0.01,2002,2299
84789,ENCHANTED BIRD PLANT CAGE,640.72,0.00,0.00,640.72,0.00,0.01,2003,1985
35810A,ENAMEL PINK COFFEE CONTAINER,640.09,0.00,0.00,640.09,0.00,0.01,2004,1986
84800L,LARGE WHITE/PINK ROSE ART FLOWER,639.36,40.56,0.00,598.80,6.34,0.01,2005,2049
22067,CHOC TRUFFLE GOLD TRINKET POT,638.62,9.10,0.00,629.52,1.42,0.01,2006,2001
21808,"CHRISTMAS GARLAND STARS,TREES",637.83,0.00,0.00,637.83,0.00,0.01,2007,1987
84929,ASSTD FRUIT+FLOWERS FRIDGE MAGNETS,637.56,89.29,0.00,548.27,14.00,0.01,2008,2129
23492,VINTAGE JINGLE BELLS WREATH,635.38,0.00,0.00,635.38,0.00,0.01,2009,1991
21054,NURSE'S BAG SOFT TOY,634.53,0.00,0.00,634.53,0.00,0.01,2010,1992
23456,MEDIUM PARLOUR PICTURE FRAME,634.10,8.30,0.00,625.80,1.31,0.01,2011,2008
21640,ASSORTED TUTTI FRUTTI  FOB NOTEBOOK,633.83,0.00,0.00,633.83,0.00,0.01,2012,1994
21784,SHOE SHINE BOX,633.07,19.90,0.00,613.17,3.14,0.01,2013,2029
17021,NAMASTE SWAGAT INCENSE,632.34,0.00,0.00,632.34,0.00,0.01,2014,1996
20840,FRENCH FLORAL CUSHION COVER,632.32,10.20,0.00,622.12,1.61,0.01,2015,2012
21446,12 RED ROSE PEG PLACE SETTINGS,630.92,0.00,0.00,630.92,0.00,0.01,2016,1997
23216,LAUREL HEART ANTIQUE GOLD,630.73,0.00,0.00,630.73,0.00,0.01,2017,1998
22396,MAGNETS PACK OF 4 RETRO PHOTO,630.37,15.00,0.00,615.37,2.38,0.01,2018,2028
72232,FENG SHUI PILLAR CANDLE,630.23,0.00,0.00,630.23,0.00,0.01,2019,2000
21417,COCKLE SHELL DISH,629.80,2.10,0.00,627.70,0.33,0.01,2020,2005
84596L,BISCUITS SMALL BOWL LIGHT BLUE,629.38,0.00,0.00,629.38,0.00,0.01,2021,2002
23019,SMALL APOTHECARY MEASURING JAR,629.05,0.00,0.00,629.05,0.00,0.01,2022,2003
20932,PINK POT PLANT CANDLE,628.79,29.50,0.00,599.29,4.69,0.01,2023,2047
23027,DRAWER KNOB VINTAGE GLASS HEXAGON,627.95,0.00,0.00,627.95,0.00,0.01,2024,2004
79163,BLACK CHAMPAGNE GLASS,626.55,5.16,0.00,621.39,0.82,0.01,2025,2015
22559,SEASIDE FLYING DISC,626.53,0.00,0.00,626.53,0.00,0.01,2026,2006
20735,BLACK MINI TAPE MEASURE,625.80,0.00,0.00,625.80,0.00,0.01,2027,2009
22194,BLACK DINER WALL CLOCK,625.69,17.00,0.00,608.69,2.72,0.01,2028,2036
84665,SQUARE CHERRY BLOSSOM CABINET,624.75,119.00,0.00,505.75,19.05,0.01,2029,2186
21426,WOODLAND STORAGE BOX SMALL,624.58,8.40,0.00,616.18,1.34,0.01,2030,2024
84086C,PINK/PURPLE RETRO RADIO,622.27,0.00,0.00,622.27,0.00,0.01,2031,2011
22520,CHILDS GARDEN TROWEL BLUE,622.10,0.00,0.00,622.10,0.00,0.01,2032,2013
22269,EGG CUP NATURAL CHICKEN,621.49,0.00,0.00,621.49,0.00,0.01,2033,2014
23425,STORAGE TIN HOME SWEET HOME,621.44,17.43,0.00,604.01,2.80,0.01,2034,2042
20772,GARDEN PATH JOURNAL,621.19,2.55,0.00,618.64,0.41,0.01,2035,2020
23180,MUM'S KITCHEN CLOCK,621.09,4.95,0.00,616.14,0.80,0.01,2036,2025
22116,METAL SIGN HIS DINNER IS SERVED,620.42,10.20,0.00,610.22,1.64,0.01,2037,2035
85141,JARDIN ETCHED GLASS FRUITBOWL,619.94,40.55,0.00,579.39,6.54,0.01,2038,2074
84637,KITCHEN FLOWER POTS WALL PLAQUE,619.59,0.00,0.00,619.59,0.00,0.01,2039,2017
21865,PINK UNION JACK  PASSPORT COVER,618.93,0.00,0.00,618.93,0.00,0.01,2040,2018
21473,SWEETHEART CREAM STEEL TABLE RECT,618.66,0.00,0.00,618.66,0.00,0.01,2041,2019
22035,VINTAGE CARAVAN GREETING CARD,617.32,0.00,0.00,617.32,0.00,0.01,2042,2021
22288,HANGING METAL RABBIT DECORATION,616.95,0.00,0.00,616.95,0.00,0.01,2043,2022
23471,SIX DRAWER OFFICE TIDY,616.79,0.00,0.00,616.79,0.00,0.01,2044,2023
23453,OVAL  MINI PORTRAIT FRAME,615.98,0.00,0.00,615.98,0.00,0.01,2045,2026
21171,BATHROOM METAL SIGN,613.14,0.00,0.00,613.14,0.00,0.01,2046,2030
23018,LARGE APOTHECARY MEASURING JAR,612.16,0.00,0.00,612.16,0.00,0.01,2047,2031
21684,SMALL MEDINA STAMPED METAL BOWL,612.10,0.00,0.00,612.10,0.00,0.01,2048,2032
22420,LIPSTICK PEN BABY PINK,611.30,0.00,0.00,611.30,0.00,0.01,2049,2033
22021,BLUE FELT EASTER EGG BASKET,610.45,0.00,0.00,610.45,0.00,0.01,2050,2034
20893,HANGING BAUBLE T-LIGHT HOLDER SMALL,609.02,75.60,0.00,533.42,12.41,0.01,2051,2149
22515,CHILDS GARDEN SPADE PINK,608.95,4.20,0.00,604.75,0.69,0.01,2052,2041
85170C,SET/6 EAU DE NIL BIRD T-LIGHTS,608.53,0.00,0.00,608.53,0.00,0.01,2053,2037
21769,VINTAGE POST OFFICE CABINET,607.65,0.00,0.00,607.65,0.00,0.01,2054,2038
21709,FOLDING UMBRELLA CHOCOLATE POLKADOT,607.23,0.00,0.00,607.23,0.00,0.01,2055,2039
22233,JIGSAW RABBIT AND BIRDHOUSE,607.14,33.59,0.00,573.55,5.53,0.01,2056,2079
72598,SET/12 TAPER CANDLES,605.89,0.00,0.00,605.89,0.00,0.01,2057,2040
22359,GLASS JAR KINGS CHOICE,605.77,8.85,0.00,596.92,1.46,0.01,2058,2050
84625A,PINK NEW BAROQUECANDLESTICK CANDLE,605.48,23.30,0.00,582.18,3.85,0.01,2059,2068
22232,JIGSAW TOADSTOOLS 3 PIECE,604.46,54.72,0.00,549.74,9.05,0.01,2060,2126
20764,ABSTRACT CIRCLES SKETCHBOOK,603.31,0.00,0.00,603.31,0.00,0.01,2061,2043
22255,FELT TOADSTOOL  SMALL,602.63,0.00,0.00,602.63,0.00,0.01,2062,2044
21159,MOODY BOY  DOOR HANGER,601.79,0.00,0.00,601.79,0.00,0.01,2063,2045
35971,ROSE FOLKART HEART DECORATIONS,600.93,21.25,0.00,579.68,3.54,0.01,2064,2073
23520,EMBROIDERED RIBBON REEL RUBY,600.55,0.00,0.00,600.55,0.00,0.01,2065,2046
85017B,ENVELOPE 50 BLOSSOM IMAGES,600.29,10.20,0.00,590.09,1.70,0.01,2066,2059
21014,SWISS CHALET TREE DECORATION,598.82,0.00,0.00,598.82,0.00,0.01,2067,2048
22642,SET OF 4 NAPKIN CHARMS STARS,596.36,0.00,0.00,596.36,0.00,0.01,2068,2052
17012B,ORIGAMI JASMINE INCENSE/CANDLE SET,595.85,0.00,0.00,595.85,0.00,0.01,2069,2053
22266,EASTER DECORATION HANGING BUNNY,595.85,0.00,0.00,595.85,0.00,0.01,2069,2053
21292,SMALL STRIPES CHOCOLATE GIFT BAG,594.51,0.00,0.00,594.51,0.00,0.01,2071,2055
21448,12 DAISY PEGS IN WOOD BOX,592.62,0.00,0.00,592.62,0.00,0.01,2072,2056
23377,PACK OF 12 DOLLY GIRL TISSUES,592.45,3.12,0.00,589.33,0.53,0.01,2073,2060
22247,BUNNY DECORATION MAGIC GARDEN,591.44,0.00,0.00,591.44,0.00,0.01,2074,2057
21581,SKULLS  DESIGN  COTTON TOTE BAG,590.67,27.00,0.00,563.67,4.57,0.01,2075,2098
21253,SET OF PICTURE FRAME  STICKERS,590.42,0.00,0.00,590.42,0.00,0.01,2076,2058
21015,DARK BIRD HOUSE TREE DECORATION,589.55,1.16,0.00,588.39,0.20,0.01,2077,2061
85180B,PINK HEARTS LIGHT CHAIN,587.20,0.00,0.00,587.20,0.00,0.01,2078,2062
23565,EGG CUP MILKMAID HELGA,586.31,6.25,0.00,580.06,1.07,0.01,2079,2072
23499,SET 12 VINTAGE DOILY CHALK,586.23,0.00,0.00,586.23,0.00,0.01,2080,2063
21576,LETS GO SHOPPING COTTON TOTE BAG,585.34,0.00,0.00,585.34,0.00,0.01,2081,2064
22825,DECORATIVE PLANT POT WITH FRIEZE,584.37,13.50,0.00,570.87,2.31,0.01,2082,2085
22096,PINK PAISLEY SQUARE TISSUE BOX,584.09,2.34,0.00,581.75,0.40,0.01,2083,2069
22703,PINK CAT BOWL,583.33,0.00,0.00,583.33,0.00,0.01,2084,2065
85071A,BLUE CHARLIE+LOLA PERSONAL DOORSIGN,583.23,448.40,0.00,134.83,76.88,0.01,2085,2894
85144,JARDIN ETCHED GLASS CHEESE DISH,582.70,0.00,0.00,582.70,0.00,0.01,2086,2066
85036B,CHOCOLATE 1 WICK MORRIS BOX CANDLE,581.43,25.50,0.00,555.93,4.39,0.01,2087,2113
23537,WALL ART I LOVE LONDON,581.13,0.00,0.00,581.13,0.00,0.01,2088,2070
21096,SET/6 FRUIT SALAD  PAPER PLATES,581.09,0.00,0.00,581.09,0.00,0.01,2089,2071
22260,FELT EGG COSY BLUE RABBIT,577.44,3.40,0.00,574.04,0.59,0.01,2090,2078
84352,SILVER CHRISTMAS TREE BAUBLE STAND,577.35,67.80,0.00,509.55,11.74,0.01,2091,2180
22820,GIFT BAG BIRTHDAY,575.42,1.30,0.00,574.12,0.23,0.01,2092,2077
23016,GLASS TWIST BON BON JAR,575.25,19.95,0.00,555.30,3.47,0.01,2093,2114
23125,6PC WOOD PLATE SET DISPOSABLE,574.88,0.00,0.00,574.88,0.00,0.01,2094,2075
22337,ANGEL DECORATION PAINTED ZINC,574.54,0.00,0.00,574.54,0.00,0.01,2095,2076
20702,PINK PADDED MOBILE,573.54,0.00,0.00,573.54,0.00,0.01,2096,2080
20832,RED FLOCK LOVE HEART PHOTO FRAME,572.67,0.85,0.00,571.82,0.15,0.01,2097,2084
85136A,YELLOW SHARK HELICOPTER,572.41,0.00,0.00,572.41,0.00,0.01,2098,2082
22319,HAIRCLIPS FORTIES FABRIC ASSORTED,572.26,3.90,0.00,568.36,0.68,0.01,2099,2093
21468,BUTTERFLY CROCHET FOOD COVER,572.23,0.00,0.00,572.23,0.00,0.01,2100,2083
21264,WHITE GOOSE FEATHER TREE 60CM,571.65,15.60,0.00,556.05,2.73,0.01,2101,2112
21277,FRENCH STYLE EMBOSSED HEART CABINET,571.43,43.90,0.00,527.53,7.68,0.01,2102,2161
84748,FOLK FELT HANGING MULTICOL GARLAND,570.86,0.00,0.00,570.86,0.00,0.01,2103,2086
47310M,SMALL POP BOX FUNKY MONKEY,570.45,0.00,0.00,570.45,0.00,0.01,2104,2087
85172,HYACINTH BULB T-LIGHT CANDLES,569.68,34.02,0.00,535.66,5.97,0.01,2105,2143
23455,SMALL PARLOUR PICTURE FRAME,569.43,0.00,0.00,569.43,0.00,0.01,2106,2088
85130D,BEADED CRYSTAL HEART PINK LARGE,569.29,0.00,0.00,569.29,0.00,0.01,2107,2089
21251,DINOSAUR HEIGHT CHART STICKER SET,568.98,0.00,0.00,568.98,0.00,0.01,2108,2090
85161,ACRYLIC GEOMETRIC LAMP,568.65,0.00,0.00,568.65,0.00,0.01,2109,2091
23219,LAUREL STAR ANTIQUE SILVER,568.60,0.00,0.00,568.60,0.00,0.01,2110,2092
21675,BUTTERFLIES STICKERS,568.26,10.20,0.00,558.06,1.79,0.01,2111,2107
84796A,PINK HAWAIIAN PICNIC HAMPER FOR 2,568.13,0.00,0.00,568.13,0.00,0.01,2112,2094
21488,RED WHITE SCARF  HOT WATER BOTTLE,566.17,0.00,0.00,566.17,0.00,0.01,2113,2095
22482,BLUE TEA TOWEL CLASSIC DESIGN,565.86,0.00,0.00,565.86,0.00,0.01,2114,2096
22272,FELTCRAFT DOLL MARIA,564.92,2.95,0.00,561.97,0.52,0.01,2115,2101
85019A,ROMANTIC IMAGES NOTEBOOK SET,564.35,0.00,0.00,564.35,0.00,0.01,2116,2097
23381,PACK OF 12 VINTAGE LEAF TISSUES,562.88,0.00,0.00,562.88,0.00,0.01,2117,2099
23272,TREE T-LIGHT HOLDER WILLIE WINKIE,562.22,0.00,0.00,562.22,0.00,0.01,2118,2100
21219,SET/4 BADGES BALLOON GIRL,561.84,0.00,0.00,561.84,0.00,0.01,2119,2102
85032D,YULETIDE IMAGES GIFT WRAP SET,561.34,7.80,0.00,553.54,1.39,0.01,2120,2116
84569D,PACK 6 HEART/ICE-CREAM PATCHES,560.62,0.00,0.00,560.62,0.00,0.01,2121,2103
84912A,PINK ROSE WASHBAG,560.62,0.00,0.00,560.62,0.00,0.01,2121,2103
85016,SET OF 6 VINTAGE NOTELETS KIT,560.11,0.00,0.00,560.11,0.00,0.01,2123,2105
85163A,WHITE BAROQUE WALL CLOCK,559.00,0.00,0.00,559.00,0.00,0.01,2124,2106
71279,PINK GLASS CANDLEHOLDER,558.37,14.75,0.00,543.62,2.64,0.01,2125,2137
90062,CARNIVAL BRACELET,558.03,12.75,0.00,545.28,2.28,0.01,2126,2136
21662,VINTAGE GLASS COFFEE CADDY,557.30,0.00,0.00,557.30,0.00,0.01,2127,2108
85187,S/12 MINI RABBIT EASTER,556.53,0.00,0.00,556.53,0.00,0.01,2128,2109
23069,EDWARDIAN PHOTO FRAME,556.21,0.00,0.00,556.21,0.00,0.01,2129,2110
23451,SQUARE MINI PORTRAIT FRAME,556.17,0.00,0.00,556.17,0.00,0.01,2130,2111
21194,PINK  HONEYCOMB PAPER FAN,555.97,6.50,0.00,549.47,1.17,0.01,2131,2127
85025B,EAU DE NILE HEART SHAPE PHOTO FRAME,555.12,1.65,0.00,553.47,0.30,0.01,2132,2117
84951B,SET OF 4 BLACK LOVEBIRD COASTERS,554.78,0.00,0.00,554.78,0.00,0.01,2133,2115
17129F,BLUE GLASS GEMS IN BAG,553.83,1.70,0.00,552.13,0.31,0.01,2134,2119
35599D,PINK AND WHITE CHRISTMAS TREE 120CM,553.07,0.00,0.00,553.07,0.00,0.01,2135,2118
84951A,SET OF 4 PISTACHIO LOVEBIRD COASTER,553.01,18.96,0.00,534.05,3.43,0.01,2136,2147
23473,WOODLAND SMALL RED FELT HEART,552.02,0.00,0.00,552.02,0.00,0.01,2137,2120
47563A,RETRO LONGBOARD IRONING BOARD COVER,551.51,5.00,0.00,546.51,0.91,0.01,2138,2135
35599B,BLACK CHRISTMAS TREE 120CM,551.13,0.00,0.00,551.13,0.00,0.01,2139,2121
35965,FOLKART HEART NAPKIN RINGS,551.13,18.96,0.00,532.17,3.44,0.01,2139,2150
22903,CALENDAR FAMILY FAVOURITES,550.60,0.00,0.00,550.60,0.00,0.01,2141,2123
21397,BLUE POLKADOT EGG CUP,550.43,0.00,0.00,550.43,0.00,0.01,2142,2124
23457,LARGE PARLOUR PICTURE FRAME,549.88,0.00,0.00,549.88,0.00,0.01,2143,2125
21849,SILVER DIAMANTE PEN IN GIFT BOX,548.93,0.00,0.00,548.93,0.00,0.01,2144,2128
23549,WRAP BIRD GARDEN,548.10,0.00,0.00,548.10,0.00,0.01,2145,2130
21638,ASSORTED TUTTI FRUTTI NOTEBOOK,547.76,0.00,0.00,547.76,0.00,0.01,2146,2131
23484,HEART TRELLIS TRIPLE T-LIGHT HOLDER,547.35,0.00,0.00,547.35,0.00,0.01,2147,2132
23074,EMBOSSED HEART TRINKET BOX,547.27,12.48,0.00,534.79,2.28,0.01,2148,2144
17012D,ORIGAMI ROSE INCENSE/CANDLE SET,547.24,0.00,0.00,547.24,0.00,0.01,2149,2133
21128,GOLD FISHING GNOME,546.60,0.00,0.00,546.60,0.00,0.01,2150,2134
84598,BOYS ALPHABET IRON ON PATCHES,546.04,60.48,0.00,485.56,11.08,0.01,2151,2217
22261,FELT EGG COSY WHITE RABBIT,544.71,3.40,0.00,541.31,0.62,0.01,2152,2140
23043,PAPER LANTERN 9 POINT HOLLY STAR L,543.51,0.00,0.00,543.51,0.00,0.01,2153,2138
85107,CUT GLASS T-LIGHT HOLDER OCTAGON,541.39,0.00,0.00,541.39,0.00,0.01,2154,2139
22513,DOORSTOP FOOTBALL DESIGN,539.90,0.00,0.00,539.90,0.00,0.01,2155,2141
22023,EMPIRE BIRTHDAY CARD,538.72,5.04,0.00,533.68,0.94,0.01,2156,2148
84625C,BLUE NEW BAROQUE CANDLESTICK CANDLE,536.41,41.65,0.00,494.76,7.76,0.01,2157,2203
22717,CARD DOG AND BALL,535.78,0.00,0.00,535.78,0.00,0.01,2158,2142
23398,HANGING HEART BONHEUR,535.35,0.85,0.00,534.50,0.16,0.01,2159,2146
22496,SET OF 2 ROUND TINS DUTCH CHEESE,535.11,11.80,0.00,523.31,2.21,0.01,2160,2164
85088,CANDY SPOT HAND BAG,534.83,4.20,0.00,530.63,0.79,0.01,2161,2152
23660,HENRIETTA HEN MUG,534.66,26.40,0.00,508.26,4.94,0.01,2162,2183
85114c,RED ENCHANTED FOREST PLACEMAT,534.66,0.00,0.00,534.66,0.00,0.01,2162,2145
82613D,METAL SIGN CUPCAKE SINGLE HOOK,534.24,8.40,0.00,525.84,1.57,0.01,2164,2162
22543,MINI JIGSAW BAKE A CAKE,530.80,0.00,0.00,530.80,0.00,0.01,2165,2151
17012F,ORIGAMI SANDLEWOOD INCENSE/CAND SET,530.60,0.00,0.00,530.60,0.00,0.01,2166,2153
35241,ENAMEL BLUE RIM BISCUIT BIN,530.49,0.00,0.00,530.49,0.00,0.01,2167,2154
21801,CHRISTMAS TREE DECORATION WITH BELL,530.26,15.12,0.00,515.14,2.85,0.01,2168,2174
21270,ANTIQUE CREAM CUTLERY CUPBOARD,530.19,0.00,0.00,530.19,0.00,0.01,2169,2155
75131,METAL TUBE CHIME ON BAMBOO,529.21,0.00,0.00,529.21,0.00,0.01,2170,2156
23139,SINGLE WIRE HOOK PINK HEART,528.70,17.40,0.00,511.30,3.29,0.01,2171,2178
22709,WRAP WEDDING DAY,528.50,0.00,0.00,528.50,0.00,0.01,2172,2157
21059,PARTY INVITES DINOSAURS,528.23,10.20,0.00,518.03,1.93,0.01,2173,2171
23060,HEART BEADED TRELLIS DECORATION,528.17,0.00,0.00,528.17,0.00,0.01,2174,2158
22707,WRAP MONSTER FUN,527.94,0.00,0.00,527.94,0.00,0.01,2175,2159
22275,WEEKEND BAG VINTAGE ROSE PAISLEY,527.85,0.00,0.00,527.85,0.00,0.01,2176,2160
85104,SILVER GLASS T-LIGHT SET,525.75,8.85,0.00,516.90,1.68,0.01,2177,2172
22521,CHILDS GARDEN TROWEL PINK,525.51,0.00,0.00,525.51,0.00,0.01,2178,2163
22248,DECORATION  PINK CHICK MAGIC GARDEN,525.09,17.00,0.00,508.09,3.24,0.01,2179,2184
85135B,BLUE DRAGONFLY HELICOPTER,524.55,7.95,0.00,516.60,1.52,0.01,2180,2173
20785,FUSCHIA RETRO BAR STOOL,523.30,0.00,0.00,523.30,0.00,0.01,2181,2165
22861,EASTER TIN CHICKS IN GARDEN,522.93,0.00,0.00,522.93,0.00,0.01,2182,2166
85131B,BEADED CRYSTAL HEART GREEN ON STICK,521.11,0.00,0.00,521.11,0.00,0.01,2183,2167
85025C,PINK HEART SHAPE PHOTO FRAME,520.91,1.65,0.00,519.26,0.32,0.01,2184,2168
84816,DANISH ROSE BEDSIDE CABINET,519.35,239.70,0.00,279.65,46.15,0.01,2185,2543
23336,EGG FRYING PAN PINK,519.25,0.00,0.00,519.25,0.00,0.01,2186,2169
84313B,BLUE TV TRAY TABLE,518.61,0.00,0.00,518.61,0.00,0.01,2187,2170
21455,PAINTED YELLOW WOODEN DAISY,516.79,11.05,0.00,505.74,2.14,0.01,2188,2187
21711,FOLDING UMBRELLA WHITE/RED POLKADOT,513.02,0.00,0.00,513.02,0.00,0.01,2189,2175
22216,T-LIGHT HOLDER WHITE LACE,512.93,0.00,0.00,512.93,0.00,0.01,2190,2176
23136,IVORY WIRE SWEETHEART LETTER TRAY,511.89,0.00,0.00,511.89,0.00,0.00,2191,2177
21926,RED/CREAM STRIPE CUSHION COVER,509.90,17.50,0.00,492.40,3.43,0.00,2192,2208
22280,POCKET BAG PINK PAISELY BROWN SPOT,509.59,0.00,0.00,509.59,0.00,0.00,2193,2179
72819,CUPID DESIGN SCENTED CANDLES,509.07,0.00,0.00,509.07,0.00,0.00,2194,2181
84520B,PACK 20 ENGLISH ROSE PAPER NAPKINS,508.37,0.00,0.00,508.37,0.00,0.00,2195,2182
20681,PINK POLKADOT CHILDRENS UMBRELLA,506.96,6.50,0.00,500.46,1.28,0.00,2196,2193
20761,BLUE PAISLEY SKETCHBOOK,505.97,0.00,0.00,505.97,0.00,0.00,2197,2185
20998,ROSE DU SUD OVEN GLOVE,505.20,0.00,0.00,505.20,0.00,0.00,2198,2188
22127,PARTY CONES CARNIVAL ASSORTED,504.88,0.00,0.00,504.88,0.00,0.00,2199,2189
21654,RIDGED GLASS FINGER BOWL,504.68,0.00,0.00,504.68,0.00,0.00,2200,2190
84687,BEACH HUT SHELF W 3 DRAWERS,504.43,23.80,0.00,480.63,4.72,0.00,2201,2224
84616,SILVER ROCCOCO CHANDELIER,504.32,89.85,0.00,414.47,17.82,0.00,2202,2324
21067,VINTAGE RED TEATIME MUG,504.15,29.38,0.00,474.77,5.83,0.00,2203,2236
21925,UNION STRIPE CUSHION COVER,503.75,7.50,0.00,496.25,1.49,0.00,2204,2200
82616B,FRAPPUCINO SCARF KNITTING KIT,502.74,11.25,0.00,491.49,2.24,0.00,2205,2211
21710,FOLDING UMBRELLA PINKWHITE POLKADOT,501.98,0.00,0.00,501.98,0.00,0.00,2206,2191
82616C,MIDNIGHT GLAMOUR SCARF KNITTING KIT,501.44,3.75,0.00,497.69,0.75,0.00,2207,2196
85231G,ORANGE SCENTED SET/9 T-LIGHTS,501.27,8.50,0.00,492.77,1.70,0.00,2208,2207
23117,POPPY FIELDS CHOPPING BOARD,501.23,4.95,0.00,496.28,0.99,0.00,2209,2199
22181,SNOWSTORM PHOTO FRAME FRIDGE MAGNET,500.91,22.95,0.00,477.96,4.58,0.00,2210,2228
23021,GLASS BONNE JAM JAR,500.82,0.00,0.00,500.82,0.00,0.00,2211,2192
82613B,"METAL SIGN,CUPCAKE SINGLE HOOK",500.24,8.40,0.00,491.84,1.68,0.00,2212,2210
23560,SET OF 6 RIBBONS COUNTRY STYLE,499.18,0.00,0.00,499.18,0.00,0.00,2213,2194
21972,SET OF 36 DINOSAUR PAPER DOILIES,499.08,2.90,0.00,496.18,0.58,0.00,2214,2201
84509C,SET OF 4 POLKADOT PLACEMATS,498.94,0.00,0.00,498.94,0.00,0.00,2215,2195
22050,PINK PAISLEY ROSE GIFT WRAP,498.50,10.50,0.00,488.00,2.11,0.00,2216,2216
23466,TUSCAN VILLA DOVECOTE BIRD FEEDER,498.03,8.25,0.00,489.78,1.66,0.00,2217,2213
23045,PAPER LANTERN 5 POINT STAR MOON,497.98,83.00,0.00,414.98,16.67,0.00,2218,2323
84970s,HANGING HEART ZINC T-LIGHT HOLDER,496.49,0.00,0.00,496.49,0.00,0.00,2219,2198
22511,RETROSPOT BABUSHKA DOORSTOP,495.20,3.75,0.00,491.45,0.76,0.00,2220,2212
22516,CHILDS GARDEN RAKE BLUE,494.89,0.00,0.00,494.89,0.00,0.00,2221,2202
20766,GARDEN PATH SKETCHBOOK,493.57,0.00,0.00,493.57,0.00,0.00,2222,2204
21358,TOAST ITS - HAPPY BIRTHDAY,493.29,0.00,0.00,493.29,0.00,0.00,2223,2205
35598D,PINK/WHITE CHRISTMAS TREE 60CM,493.01,0.65,0.00,492.36,0.13,0.00,2224,2209
46776C,WOVEN FROST CUSHION COVER,492.79,0.00,0.00,492.79,0.00,0.00,2225,2206
21632,VINTAGE PINK DECORATIVE PARASOL,489.74,0.00,0.00,489.74,0.00,0.00,2226,2214
85194S,HANGING SPRING FLOWER EGG SMALL,489.17,18.39,0.00,470.78,3.76,0.00,2227,2238
21850,BLUE  DIAMANTE PEN IN GIFT BOX,488.13,153.00,0.00,335.13,31.34,0.00,2228,2443
35809A,ENAMEL PINK TEA CONTAINER,488.06,0.00,0.00,488.06,0.00,0.00,2229,2215
21202,DOLLY HONEYCOMB GARLAND,485.46,0.00,0.00,485.46,0.00,0.00,2230,2218
21454,PAINTED PINK RABBIT,485.16,0.00,0.00,485.16,0.00,0.00,2231,2219
84820,DANISH ROSE TRINKET TRAYS,483.05,23.80,0.00,459.25,4.93,0.00,2232,2251
23218,LAUREL STAR ANTIQUE GOLD,483.03,0.00,0.00,483.03,0.00,0.00,2233,2220
21634,ASSORTED MINI MADRAS NOTEBOOK,481.95,0.00,0.00,481.95,0.00,0.00,2234,2221
22638,SET OF 4 NAPKIN CHARMS CROWNS,481.88,2.55,0.00,479.33,0.53,0.00,2235,2227
17012C,ORIGAMI LAVENDER INCENSE/CANDL SET,481.80,0.00,0.00,481.80,0.00,0.00,2236,2222
23691,WRAP KEEP CALM BIRTHDAY,481.50,0.00,0.00,481.50,0.00,0.00,2237,2223
22230,JIGSAW TREE WITH WATERING CAN,480.63,13.53,0.00,467.10,2.82,0.00,2238,2242
90209C,PINK ENAMEL+GLASS HAIR COMB,480.50,6.30,0.00,474.20,1.31,0.00,2239,2237
21867,PINK UNION JACK  LUGGAGE TAG,480.25,0.00,0.00,480.25,0.00,0.00,2240,2225
21741,COSY SLIPPER SHOES LARGE GREEN,480.17,0.00,0.00,480.17,0.00,0.00,2241,2226
84849B,FAIRY SOAP SOAP HOLDER,478.83,1.69,0.00,477.14,0.35,0.00,2242,2231
23422,PANTRY HOOK BALLOON WHISK,477.89,0.00,0.00,477.89,0.00,0.00,2243,2229
85049F,BABY BOOM RIBBONS,477.34,0.00,0.00,477.34,0.00,0.00,2244,2230
21472,LADYBIRD + BEE RAFFIA FOOD COVER,476.41,0.00,0.00,476.41,0.00,0.00,2245,2232
20803,SMALL PINK GLASS SUNDAE DISH,476.38,28.56,0.00,447.82,6.00,0.00,2246,2268
23561,SET OF 6 RIBBONS PARTY,476.00,0.00,0.00,476.00,0.00,0.00,2247,2233
21587,COSY HOUR GIANT TUBE MATCHES,475.65,0.00,0.00,475.65,0.00,0.00,2248,2234
85093,CANDY SPOT EGG WARMER HARE,475.18,0.00,0.00,475.18,0.00,0.00,2249,2235
22184,CAKE STAND VICTORIAN FILIGREE LARGE,471.86,17.00,0.00,454.86,3.60,0.00,2250,2257
21366,MIRRORED WALL ART PHOTO FRAMES,470.17,0.00,0.00,470.17,0.00,0.00,2251,2239
20716,PARTY FOOD SHOPPER BAG,469.63,0.00,0.00,469.63,0.00,0.00,2252,2240
20707,CRAZY DAISY HEART DECORATION,468.39,1.25,0.00,467.14,0.27,0.00,2253,2241
20615,BLUE POLKADOT PASSPORT COVER,466.99,0.00,0.00,466.99,0.00,0.00,2254,2243
84674,FLYING PIG WATERING CAN,466.95,11.80,0.00,455.15,2.53,0.00,2255,2255
20831,GOLD PHOTO FRAME,466.53,0.00,0.00,466.53,0.00,0.00,2256,2244
84917,WHITE HAND TOWEL WITH BUTTERFLY,466.30,0.00,0.00,466.30,0.00,0.00,2257,2245
22647,CERAMIC LOVE HEART MONEY BANK,466.18,17.40,0.00,448.78,3.73,0.00,2258,2267
23379,PACK OF 12 RED APPLE TISSUES,465.36,0.00,0.00,465.36,0.00,0.00,2259,2246
21374,MIRRORED WALL ART SKULLS,463.79,0.00,0.00,463.79,0.00,0.00,2260,2247
20838,FRENCH LATTICE CUSHION COVER,461.45,10.20,0.00,451.25,2.21,0.00,2261,2263
35598B,BLACK CHRISTMAS TREE 60CM,460.64,0.00,0.00,460.64,0.00,0.00,2262,2248
21003,ROSE DU SUD CUSHION COVER,460.58,0.00,0.00,460.58,0.00,0.00,2263,2249
22344,PARTY PIZZA DISH PINK POLKADOT,459.81,0.00,0.00,459.81,0.00,0.00,2264,2250
21063,PARTY INVITES JAZZ HEARTS,458.31,0.00,0.00,458.31,0.00,0.00,2265,2252
21062,PARTY INVITES SPACEMAN,457.38,0.00,0.00,457.38,0.00,0.00,2266,2253
17096,ASSORTED LAQUERED INCENSE HOLDERS,455.98,0.00,0.00,455.98,0.00,0.00,2267,2254
21851,LILAC DIAMANTE PEN IN GIFT BOX,454.99,0.00,0.00,454.99,0.00,0.00,2268,2256
35004G,SET OF 3 GOLD FLYING DUCKS,454.65,3.90,0.00,450.75,0.86,0.00,2269,2265
84916,HAND TOWEL PALE BLUE W FLOWERS,453.39,0.00,0.00,453.39,0.00,0.00,2270,2258
85169C,EAU DE NIL LOVE BIRD CANDLE,452.86,15.00,0.00,437.86,3.31,0.00,2271,2287
21061,PARTY INVITES FOOTBALL,451.70,0.00,0.00,451.70,0.00,0.00,2272,2259
21641,ASSORTED TUTTI FRUTTI KEYRING BALL,451.59,0.00,0.00,451.59,0.00,0.00,2273,2260
23548,WRAP MAGIC FOREST,451.50,0.00,0.00,451.50,0.00,0.00,2274,2261
23509,MINI PLAYING CARDS FUN FAIR,451.46,0.00,0.00,451.46,0.00,0.00,2275,2262
48189,DOORMAT FRIENDSHIP,451.11,0.00,0.00,451.11,0.00,0.00,2276,2264
84872A,TEATIME FUNKY FLOWER BACKPACK FOR 2,450.08,0.00,0.00,450.08,0.00,0.00,2277,2266
22517,CHILDS GARDEN RAKE PINK,447.63,0.00,0.00,447.63,0.00,0.00,2278,2269
20669,RED HEART LUGGAGE TAG,447.34,0.00,0.00,447.34,0.00,0.00,2279,2270
20770,ABSTRACT CIRCLE JOURNAL,447.25,0.00,0.00,447.25,0.00,0.00,2280,2271
21365,MIRRORED WALL ART STARS,447.09,0.00,0.00,447.09,0.00,0.00,2281,2272
84600,NEW BAROQUE JEWELLERY BOX,446.89,7.95,0.00,438.94,1.78,0.00,2282,2285
22640,SET OF 4 NAPKIN CHARMS 3 KEYS,446.84,0.00,0.00,446.84,0.00,0.00,2283,2273
22486,PLASMATRONIC LAMP,446.45,76.50,0.00,369.95,17.14,0.00,2284,2385
84920,PINK FLOWER FABRIC PONY,446.23,0.00,0.00,446.23,0.00,0.00,2285,2274
22598,CHRISTMAS MUSICAL ZINC TREE,446.20,5.10,0.00,441.10,1.14,0.00,2286,2281
84976,RECTANGULAR SHAPED MIRROR,446.15,11.06,0.00,435.09,2.48,0.00,2287,2292
21415,CLAM SHELL SMALL,446.02,0.00,0.00,446.02,0.00,0.00,2288,2275
21220,SET/4 BADGES DOGS,445.01,0.00,0.00,445.01,0.00,0.00,2289,2276
21656,RIDGED GLASS POSY VASE,444.58,0.00,0.00,444.58,0.00,0.00,2290,2277
21580,RABBIT  DESIGN  COTTON TOTE BAG,444.07,0.00,0.00,444.07,0.00,0.00,2291,2278
82613C,"METAL SIGN,CUPCAKE SINGLE HOOK",443.38,8.40,0.00,434.98,1.89,0.00,2292,2293
20903,VINTAGE KEEPSAKE BOX TRAVELOGUE,441.89,0.00,0.00,441.89,0.00,0.00,2293,2279
22643,SET OF 4 NAPKIN CHARMS LEAVES,441.83,0.00,0.00,441.83,0.00,0.00,2294,2280
35637A,IVORY STRING CURTAIN WITH POLE,440.62,0.00,0.00,440.62,0.00,0.00,2295,2282
22390,PAPERWEIGHT CHILDHOOD MEMORIES,440.34,0.00,0.00,440.34,0.00,0.00,2296,2283
20619,TROPICAL PASSPORT COVER,439.65,0.00,0.00,439.65,0.00,0.00,2297,2284
20768,GREEN FERN JOURNAL,438.57,0.00,0.00,438.57,0.00,0.00,2298,2286
23023,RIDGED BONNE JAM JAR T-LIGHT HOLDER,437.82,3.30,0.00,434.52,0.75,0.00,2299,2294
85111,SILVER GLITTER FLOWER VOTIVE HOLDER,437.59,0.00,0.00,437.59,0.00,0.00,2300,2288
85130C,BEADED CRYSTAL HEART BLUE  LARGE,437.22,0.00,0.00,437.22,0.00,0.00,2301,2289
21828,EIGHT PIECE SNAKE  SET,435.79,0.00,0.00,435.79,0.00,0.00,2302,2290
22545,MINI JIGSAW BUNNIES,435.67,0.42,0.00,435.25,0.10,0.00,2303,2291
84360,TABLE LAMP WHITE SHADE WOOD BASE,434.12,0.00,0.00,434.12,0.00,0.00,2304,2295
17107D,"FLOWER FAIRY,5 SUMMER B'DRAW LINERS",433.50,0.00,0.00,433.50,0.00,0.00,2305,2296
35653,VINTAGE BEAD NOTEBOOK,433.19,0.00,0.00,433.19,0.00,0.00,2306,2297
85168B,BLACK BAROQUE CARRIAGE CLOCK,432.79,0.00,0.00,432.79,0.00,0.00,2307,2298
22229,BUNNY WOODEN PAINTED WITH FLOWER,432.46,1.70,0.00,430.76,0.39,0.00,2308,2301
23058,CHRISTMAS HANGING SNOWFLAKE,430.86,0.00,0.00,430.86,0.00,0.00,2309,2300
20705,MRS ROBOT SOFT TOY,428.85,1.95,0.00,426.90,0.45,0.00,2310,2306
21002,ROSE DU SUD DRAWSTRING BAG,428.66,0.00,0.00,428.66,0.00,0.00,2311,2302
21088,SET/6 FRUIT SALAD PAPER CUPS,428.28,2.28,0.00,426.00,0.53,0.00,2312,2307
85071C,"CHARLIE+LOLA""EXTREMELY BUSY"" SIGN",428.00,0.00,0.00,428.00,0.00,0.00,2313,2303
21758,VINTAGE SHELLS PRINT,427.46,0.00,0.00,427.46,0.00,0.00,2314,2304
77101A,UNION FLAG WINDSOCK,426.94,0.00,0.00,426.94,0.00,0.00,2315,2305
20934,SET/3 POT PLANT CANDLES,424.46,75.30,0.00,349.16,17.74,0.00,2316,2420
84931B,BLUE SCOTTIE DOG W FLOWER PATTERN,424.08,7.65,0.00,416.43,1.80,0.00,2317,2319
90200E,GREEN SWEETHEART BRACELET,423.41,0.00,0.00,423.41,0.00,0.00,2318,2308
23044,PAPER LANTERN 9 POINT HOLLY STAR S,423.29,0.00,0.00,423.29,0.00,0.00,2319,2309
21318,GLASS CHALICE BLUE SMALL,421.78,16.71,0.00,405.07,3.96,0.00,2320,2338
90154,LAZER CUT NECKLACE W PASTEL BEADS,421.75,0.00,0.00,421.75,0.00,0.00,2321,2310
85136C,RED SHARK HELICOPTER,421.18,0.00,0.00,421.18,0.00,0.00,2322,2311
72799F,IVORY PILLAR CANDLE GOLD FLOCK,421.13,0.00,0.00,421.13,0.00,0.00,2323,2312
20762,GREEN FERN SKETCHBOOK,420.08,0.00,0.00,420.08,0.00,0.00,2324,2313
21129,SILVER FISHING GNOME,419.52,13.90,0.00,405.62,3.31,0.00,2325,2337
22134,MINI LADLE LOVE HEART RED,419.00,0.00,0.00,419.00,0.00,0.00,2326,2314
84970l,SINGLE HEART ZINC T-LIGHT HOLDER,418.98,0.00,0.00,418.98,0.00,0.00,2327,2315
90114,SUMMER DAISIES BAG CHARM,417.96,0.00,0.00,417.96,0.00,0.00,2328,2316
85208,SET/12 FUNKY FELT FLOWER PEG IN BAG,416.91,0.00,0.00,416.91,0.00,0.00,2329,2317
22214,CANDLE PLATE LACE WHITE,416.60,0.00,0.00,416.60,0.00,0.00,2330,2318
20765,CHRYSANTHEMUM SKETCHBOOK,416.05,0.00,0.00,416.05,0.00,0.00,2331,2320
21147,JINGLE BELLS TREE DECORATION,415.77,0.00,0.00,415.77,0.00,0.00,2332,2321
22405,MONEY BOX POCKET MONEY DESIGN,415.36,1.06,0.00,414.30,0.26,0.00,2333,2325
22108,PING! MICROWAVE PLATE,415.09,0.00,0.00,415.09,0.00,0.00,2334,2322
21285,RETROSPOT CANDLE  MEDIUM,413.88,15.60,0.00,398.28,3.77,0.00,2335,2348
21884,CAKES AND BOWS GIFT  TAPE,413.76,0.00,0.00,413.76,0.00,0.00,2336,2326
90161C,ANT COPPER LIME BOUDICCA BRACELET,412.74,0.00,0.00,412.74,0.00,0.00,2337,2327
23459,DOLLY CABINET 2 DRAWERS,412.50,37.50,0.00,375.00,9.09,0.00,2338,2380
15056p,EDWARDIAN PARASOL PINK,412.48,0.00,0.00,412.48,0.00,0.00,2339,2328
84658,WHITE STITCHED CUSHION COVER,412.23,0.00,0.00,412.23,0.00,0.00,2340,2329
23415,HOME SWEET HOME HOOK,412.18,8.25,0.00,403.93,2.00,0.00,2341,2341
84596E,SMALL LICORICE DES PINK BOWL,411.68,0.00,0.00,411.68,0.00,0.00,2342,2330
84806B,WHITE CANDYSTUFT ARTIFICIAL FLOWER,411.56,0.00,0.00,411.56,0.00,0.00,2343,2331
21817,GLITTER CHRISTMAS TREE,410.91,0.00,0.00,410.91,0.00,0.00,2344,2332
22447,PIN CUSHION BABUSHKA BLUE,410.81,0.00,0.00,410.81,0.00,0.00,2345,2333
20830,SILVER PHOTO FRAME,409.83,2.10,0.00,407.73,0.51,0.00,2346,2336
21579,LOLITA  DESIGN  COTTON TOTE BAG,409.72,22.50,0.00,387.22,5.49,0.00,2347,2361
22051,BLUE SCANDINAVIAN PAISLEY WRAP,409.50,0.00,0.00,409.50,0.00,0.00,2348,2334
85203,HANGING WOOD AND FELT BUTTERFLY,408.99,0.00,0.00,408.99,0.00,0.00,2349,2335
16219,HOUSE SHAPE PENCIL SHARPENER,407.72,2.88,0.00,404.84,0.71,0.00,2350,2339
84821,DANISH ROSE DELUXE COASTER,407.15,10.20,0.00,396.95,2.51,0.00,2351,2350
35964,FOLKART CLIP ON STARS,404.08,0.00,0.00,404.08,0.00,0.00,2352,2340
22406,MONEY BOX KINGS CHOICE DESIGN,403.46,1.25,0.00,402.21,0.31,0.00,2353,2343
22510,GINGHAM BABUSHKA DOORSTOP,402.74,0.00,0.00,402.74,0.00,0.00,2354,2342
23339,EGG FRYING PAN BLUE,400.84,0.00,0.00,400.84,0.00,0.00,2355,2344
23576,SNACK TRAY RED VINTAGE DOILY,400.04,0.00,0.00,400.04,0.00,0.00,2356,2345
23429,RED RETRO KITCHEN WALL CLOCK,400.01,0.00,0.00,400.01,0.00,0.00,2357,2346
23039,T-LIGHT HOLDER SILVER HEART HANDLE,399.71,11.70,0.00,388.01,2.93,0.00,2358,2359
22345,PARTY PIZZA DISH BLUE POLKADOT,399.05,15.30,0.00,383.75,3.83,0.00,2359,2363
37476,CONDIMENT TRAY 4 BOWLS AND 4 SPOONS,399.02,0.00,0.00,399.02,0.00,0.00,2360,2347
21131,GOLD STANDING GNOME,398.02,0.00,0.00,398.02,0.00,0.00,2361,2349
18007,ESSENTIAL BALM 3.5g TIN IN ENVELOPE,395.61,0.00,0.00,395.61,0.00,0.00,2362,2351
23661,MILK MAIDS MUG,393.59,33.00,0.00,360.59,8.38,0.00,2363,2399
22048,BIRTHDAY BANQUET GIFT WRAP,393.50,10.50,0.00,383.00,2.67,0.00,2364,2365
20867,PINK ROSE FABRIC MIRROR,393.47,0.00,0.00,393.47,0.00,0.00,2365,2352
47421,ASSORTED COLOUR LIZARD SUCTION HOOK,393.00,0.00,0.00,393.00,0.00,0.00,2366,2353
90200B,BLACK SWEETHEART BRACELET,392.83,4.25,0.00,388.58,1.08,0.00,2367,2355
23150,IVORY SWEETHEART SOAP DISH,390.75,2.49,0.00,388.26,0.64,0.00,2368,2357
85232A,SET/3 POLKADOT STACKING TINS,389.55,14.85,0.00,374.70,3.81,0.00,2369,2382
84826,ASSTD DESIGN 3D PAPER STICKERS,389.38,51.00,0.00,338.38,13.10,0.00,2370,2440
21373,MIRRORED WALL ART SNOWFLAKES,389.04,9.00,0.00,380.04,2.31,0.00,2371,2371
23337,EGG FRYING PAN MINT,388.75,0.00,0.00,388.75,0.00,0.00,2372,2354
35095A,BLUE VICTORIAN FABRIC OVAL BOX,388.57,0.00,0.00,388.57,0.00,0.00,2373,2356
84974,S/2 ZINC HEART DESIGN PLANTERS,388.05,0.00,0.00,388.05,0.00,0.00,2374,2358
22256,FELT FARM ANIMAL CHICKEN,387.90,0.00,0.00,387.90,0.00,0.00,2375,2360
21879,HEARTS GIFT TAPE,385.47,0.00,0.00,385.47,0.00,0.00,2376,2362
84247E,PACK OF 12 CHRISTMAS FUN CARDS,384.09,67.85,0.00,316.24,17.67,0.00,2377,2478
21881,CUTE CATS TAPE,383.11,0.00,0.00,383.11,0.00,0.00,2378,2364
20854,BLUE PATCH PURSE PINK HEART,383.02,23.10,0.00,359.92,6.03,0.00,2379,2400
21197,MULTICOLOUR  CONFETTI IN TUBE,382.96,34.65,0.00,348.31,9.05,0.00,2380,2424
23116,VEGETABLE GARDEN CHOPPING BOARD,382.44,0.00,0.00,382.44,0.00,0.00,2381,2366
84919,BLUE CUSHION COVER WITH FLOWER,381.78,0.00,0.00,381.78,0.00,0.00,2382,2367
22346,PARTY PIZZA DISH GREEN POLKADOT,381.09,0.00,0.00,381.09,0.00,0.00,2383,2368
85179A,GREEN BITTY LIGHT CHAIN,380.79,0.00,0.00,380.79,0.00,0.00,2384,2369
21562,HAWAIIAN GRASS SKIRT,380.36,0.00,0.00,380.36,0.00,0.00,2385,2370
16045,POPART WOODEN PENCILS ASST,380.00,0.00,0.00,380.00,0.00,0.00,2386,2372
46776D,WOVEN SUNSET CUSHION COVER,378.29,0.00,0.00,378.29,0.00,0.00,2387,2373
90161B,ANT COPPER TURQ BOUDICCA BRACELET,377.88,0.00,0.00,377.88,0.00,0.00,2388,2374
21051,RIBBONS PURSE,377.20,0.00,0.00,377.20,0.00,0.00,2389,2375
90160C,TURQ+RED BOUDICCA LARGE BRACELET,377.04,0.00,0.00,377.04,0.00,0.00,2390,2376
47367B,PAIR PADDED HANGERS PINK CHECK,376.27,0.00,0.00,376.27,0.00,0.00,2391,2377
17012A,ORIGAMI VANILLA INCENSE/CANDLE SET,375.93,0.00,0.00,375.93,0.00,0.00,2392,2378
84559A,3D SHEET OF DOG STICKERS,375.61,0.00,0.00,375.61,0.00,0.00,2393,2379
21635,MADRAS NOTEBOOK LARGE,374.96,0.00,0.00,374.96,0.00,0.00,2394,2381
21284,RETROSPOT CANDLE  SMALL,374.49,30.36,0.00,344.13,8.11,0.00,2395,2432
84663A,GRASS HOPPER WOODEN WALL CLOCK,374.12,9.11,0.00,365.01,2.44,0.00,2396,2392
21945,STRAWBERRIES  DESIGN FLANNEL,373.34,0.00,0.00,373.34,0.00,0.00,2397,2383
84915,HAND TOWEL PINK FLOWER AND DAISY,372.33,0.00,0.00,372.33,0.00,0.00,2398,2384
21689,SILVER VANILLA  FLOWER CANDLE POT,369.87,0.00,0.00,369.87,0.00,0.00,2399,2386
84563A,PINK & WHITE BREAKFAST TRAY,369.84,0.00,0.00,369.84,0.00,0.00,2400,2387
20782,CAMOUFLAGE EAR MUFF HEADPHONES,368.08,0.00,0.00,368.08,0.00,0.00,2401,2388
23575,SNACK TRAY PAISLEY PARK,367.35,0.00,0.00,367.35,0.00,0.00,2402,2389
16011,ANIMAL STICKERS,367.29,0.00,0.00,367.29,0.00,0.00,2403,2390
22532,MAGIC DRAWING SLATE LEAP FROG,366.75,0.00,0.00,366.75,0.00,0.00,2404,2391
22769,CHALKBOARD KITCHEN ORGANISER,366.73,225.50,0.00,141.23,61.49,0.00,2405,2875
21320,GLASS CHALICE GREEN  LARGE,364.22,14.70,0.00,349.52,4.04,0.00,2406,2417
22265,EASTER DECORATION NATURAL CHICK,363.55,0.00,0.00,363.55,0.00,0.00,2407,2393
21286,RETROSPOT CANDLE  LARGE,362.12,0.00,0.00,362.12,0.00,0.00,2408,2394
35957,SMALLFOLKART BAUBLE CHRISTMAS DEC,361.81,18.24,0.00,343.57,5.04,0.00,2409,2434
21348,PINK SPOTS CHOCOLATE NESTING BOXES,361.56,0.00,0.00,361.56,0.00,0.00,2410,2395
21000,ROSE DU SUD COSMETICS BAG,360.84,0.00,0.00,360.84,0.00,0.00,2411,2396
16008,SMALL FOLDING SCISSOR(POINTED EDGE),360.71,0.00,0.00,360.71,0.00,0.00,2412,2397
85049e,SCANDINAVIAN REDS RIBBONS,360.71,0.00,0.00,360.71,0.00,0.00,2412,2397
84632,DECORATIVE HANGING SHELVING UNIT,359.70,59.95,0.00,299.75,16.67,0.00,2414,2511
21060,PARTY INVITES BALLOON GIRL,359.29,0.00,0.00,359.29,0.00,0.00,2415,2401
23579,SNACK TRAY I LOVE LONDON,358.75,0.00,0.00,358.75,0.00,0.00,2416,2402
20856,DENIM PATCH PURSE PINK BUTTERFLY,357.29,16.50,0.00,340.79,4.62,0.00,2417,2438
82095,HEART BUTTONS JEWELLERY BOX,356.11,0.00,0.00,356.11,0.00,0.00,2418,2403
85169D,PINK LOVE BIRD CANDLE,356.08,1.25,0.00,354.83,0.35,0.00,2419,2408
85169B,BLACK LOVE BIRD CANDLE,356.06,0.00,0.00,356.06,0.00,0.00,2420,2404
84569A,PACK 3 IRON ON DOG PATCHES,355.84,0.00,0.00,355.84,0.00,0.00,2421,2405
21724,PANDA AND BUNNIES STICKER SHEET,355.83,0.00,0.00,355.83,0.00,0.00,2422,2406
90209B,GREEN ENAMEL+GLASS HAIR COMB,355.64,0.00,0.00,355.64,0.00,0.00,2423,2407
22100,SKULLS SQUARE TISSUE BOX,354.82,0.00,0.00,354.82,0.00,0.00,2424,2409
35095B,RED VICTORIAN FABRIC OVAL BOX,352.25,0.00,0.00,352.25,0.00,0.00,2425,2410
23420,PANTRY HOOK TEA STRAINER,351.37,0.00,0.00,351.37,0.00,0.00,2426,2411
35954,SMALL FOLKART STAR CHRISTMAS DEC,350.48,0.00,0.00,350.48,0.00,0.00,2427,2412
21555,CERAMIC STRAWBERRY TRINKET TRAY,350.47,0.00,0.00,350.47,0.00,0.00,2428,2413
79030D,TUMBLER BAROQUE,350.23,0.39,0.00,349.84,0.11,0.00,2429,2416
21664,RIDGED GLASS STORAGE JAR CREAM LID,350.22,0.00,0.00,350.22,0.00,0.00,2430,2414
21723,ALPHABET HEARTS STICKER SHEET,350.08,0.00,0.00,350.08,0.00,0.00,2431,2415
37482P,CUBIC MUG PINK POLKADOT,349.35,0.00,0.00,349.35,0.00,0.00,2432,2418
23421,PANTRY HOOK SPATULA,349.20,0.00,0.00,349.20,0.00,0.00,2433,2419
21263,GREEN GOOSE FEATHER TREE 60CM,349.17,3.90,0.00,345.27,1.12,0.00,2434,2429
22529,MAGIC DRAWING SLATE GO TO THE FAIR,349.03,0.00,0.00,349.03,0.00,0.00,2435,2421
84924A,WAKE UP COCKEREL CALENDAR SIGN,348.59,0.00,0.00,348.59,0.00,0.00,2436,2422
21421,PORCELAIN ROSE LARGE,348.43,0.00,0.00,348.43,0.00,0.00,2437,2423
21001,ROSE DU SUD WASHBAG,348.19,0.00,0.00,348.19,0.00,0.00,2438,2425
21222,SET/4 BADGES BEETLES,348.19,0.00,0.00,348.19,0.00,0.00,2438,2425
20652,BLUE POLKADOT LUGGAGE TAG,346.86,0.00,0.00,346.86,0.00,0.00,2440,2427
84563B,BLUE & WHITE BREAKFAST TRAY,346.30,0.00,0.00,346.30,0.00,0.00,2441,2428
20700,GREEN CAT FLORAL CUSHION COVER,345.17,0.00,0.00,345.17,0.00,0.00,2442,2430
47591B,SCOTTIES CHILDRENS APRON,344.79,0.00,0.00,344.79,0.00,0.00,2443,2431
84849A,HELLO SAILOR BLUE SOAP HOLDER,344.34,27.04,0.00,317.30,7.85,0.00,2444,2472
22104,MIRROR MOSAIC CANDLE PLATE,343.71,0.00,0.00,343.71,0.00,0.00,2445,2433
90149,SILVER FLOWR PINK SHELL NECKLACE,342.76,0.00,0.00,342.76,0.00,0.00,2446,2435
85129D,BEADED CRYSTAL HEART PINK SMALL,342.74,0.00,0.00,342.74,0.00,0.00,2447,2436
47559b,TEA TIME OVEN GLOVE,342.65,0.00,0.00,342.65,0.00,0.00,2448,2437
84766,SILVER ROCOCO CANDLE STICK,340.70,37.25,0.00,303.45,10.93,0.00,2449,2505
84631,FRUIT TREE AND BIRDS WALL PLAQUE,340.58,23.85,0.00,316.73,7.00,0.00,2450,2475
21221,SET/4 BADGES CUTE CREATURES,340.22,0.00,0.00,340.22,0.00,0.00,2451,2439
23015,CORDIAL GLASS JUG,338.38,57.75,0.00,280.63,17.07,0.00,2452,2541
22547,MINI JIGSAW DINOSAUR,338.23,0.84,0.00,337.39,0.25,0.00,2453,2441
21167,WHITE SAGE INCENSE,337.14,10.50,0.00,326.64,3.11,0.00,2454,2453
72122,COFFEE SCENT PILLAR CANDLE,335.79,0.00,0.00,335.79,0.00,0.00,2455,2442
71270,PHOTO CLIP LINE,334.98,0.00,0.00,334.98,0.00,0.00,2456,2444
23047,PAPER LANTERN 5 POINT SEQUIN STAR,333.50,0.00,0.00,333.50,0.00,0.00,2457,2445
85230B,CINNAMON SCENTED VOTIVE CANDLE,333.20,0.00,0.00,333.20,0.00,0.00,2458,2446
22259,FELT FARM ANIMAL HEN,332.84,0.00,0.00,332.84,0.00,0.00,2459,2447
84952B,BLACK LOVE BIRD T-LIGHT HOLDER,332.14,11.25,0.00,320.89,3.39,0.00,2460,2464
84638,SMALL KITCHEN FLOWER POTS PLAQUE,331.50,0.00,0.00,331.50,0.00,0.00,2461,2448
21248,DOOR HANGER  MUM + DADS ROOM,330.72,1.45,0.00,329.27,0.44,0.00,2462,2450
85213,MINI  ZINC GARDEN DECORATIONS,330.55,0.85,0.00,329.70,0.26,0.00,2463,2449
90200A,PURPLE SWEETHEART BRACELET,328.44,0.00,0.00,328.44,0.00,0.00,2464,2451
84926E,FLOWERS TILE COASTER,327.80,0.00,0.00,327.80,0.00,0.00,2465,2452
16259,PIECE OF CAMO STATIONERY SET,326.56,8.64,0.00,317.92,2.65,0.00,2466,2469
84708B,PINK JEWELLED PHOTO FRAME,326.35,0.00,0.00,326.35,0.00,0.00,2467,2454
85204,HANGING WOOD AND FELT FLOWER,325.36,0.12,0.00,325.24,0.04,0.00,2468,2455
23037,CANDLE HOLDER SILVER MADELINE,325.16,0.00,0.00,325.16,0.00,0.00,2469,2456
23478,WOODLAND LARGE PINK FELT HEART,324.40,0.00,0.00,324.40,0.00,0.00,2470,2457
90147,CHUNKY SILVER NECKLACE PASTEL FLOWE,324.01,19.90,0.00,304.11,6.14,0.00,2471,2502
85205B,PINK FELT EASTER RABBIT GARLAND,323.15,0.00,0.00,323.15,0.00,0.00,2472,2458
22135,MINI LADLE LOVE HEART PINK,322.38,0.00,0.00,322.38,0.00,0.00,2473,2459
84509c,SET OF 4 POLKADOT PLACEMATS,322.22,0.00,0.00,322.22,0.00,0.00,2474,2460
21403,BLUE EGG  SPOON,322.18,0.00,0.00,322.18,0.00,0.00,2475,2461
16238,PARTY TIME PENCIL ERASERS,321.67,0.00,0.00,321.67,0.00,0.00,2476,2462
22092,BLUE PAISLEY TISSUE BOX,321.40,0.00,0.00,321.40,0.00,0.00,2477,2463
21425,SKULLS STORAGE BOX LARGE,320.49,0.00,0.00,320.49,0.00,0.00,2478,2465
16236,KITTY PENCIL ERASERS,320.09,0.00,0.00,320.09,0.00,0.00,2479,2466
21371,MIRRORED WALL ART POPPIES,319.71,0.00,0.00,319.71,0.00,0.00,2480,2467
20936,FORKED CACTUS CANDLE,319.66,2.95,0.00,316.71,0.92,0.00,2481,2476
22202,MILK PAN PINK POLKADOT,319.35,3.75,0.00,315.60,1.17,0.00,2482,2482
90161D,ANT COPPER PINK BOUDICCA BRACELET,318.89,0.00,0.00,318.89,0.00,0.00,2483,2468
72586,SET OF 6 HALLOWEEN GHOST T-LIGHTS,317.83,15.12,0.00,302.71,4.76,0.00,2484,2507
84884a,ANT WHITE WIRE HEART SPIRAL,317.72,0.00,0.00,317.72,0.00,0.00,2485,2470
84931A,PINK SCOTTIE DOG W FLOWER PATTERN,317.44,0.00,0.00,317.44,0.00,0.00,2486,2471
46118,FUNKY MONKEY CUSHION COVER,317.17,0.00,0.00,317.17,0.00,0.00,2487,2473
22765,NEWSPAPER STAND,316.95,0.00,0.00,316.95,0.00,0.00,2488,2474
85170B,SET/6 BLACK BIRD T-LIGHT CANDLES,316.75,2.10,0.00,314.65,0.66,0.00,2489,2483
35915C,PEACH KNITTED HEN,316.46,0.00,0.00,316.46,0.00,0.00,2490,2477
84876B,GREEN HEART COMPACT MIRROR,315.81,0.00,0.00,315.81,0.00,0.00,2491,2479
21026,SPACE OWL,315.75,0.00,0.00,315.75,0.00,0.00,2492,2480
90198A,VINTAGE ROSE BEAD BRACELET RASPBERR,315.73,0.00,0.00,315.73,0.00,0.00,2493,2481
47594B,SCOTTIES DESIGN WASHBAG,314.55,7.80,0.00,306.75,2.48,0.00,2494,2497
84584,PINK GINGHAM CAT WITH SCARF,314.51,0.00,0.00,314.51,0.00,0.00,2495,2484
17084N,FAIRY DREAMS INCENSE,313.31,0.00,0.00,313.31,0.00,0.00,2496,2485
23695,DOILY THANK YOU CARD,313.24,0.00,0.00,313.24,0.00,0.00,2497,2486
85202,HANGING WOOD AND FELT HEART,313.13,0.00,0.00,313.13,0.00,0.00,2498,2487
85014b,RED RETROSPOT UMBRELLA,313.06,0.00,0.00,313.06,0.00,0.00,2499,2488
21942,SKULLS DESIGN FLANNEL,313.01,10.20,0.00,302.81,3.26,0.00,2500,2506
21375,LARGE CAMPHOR WOOD FIELD MUSHROOM,312.77,0.00,0.00,312.77,0.00,0.00,2501,2489
20780,BLACK EAR MUFF HEADPHONES,312.70,0.00,0.00,312.70,0.00,0.00,2502,2490
84358,FLOOR LAMP SHADE WOOD BASE,312.70,0.00,0.00,312.70,0.00,0.00,2502,2490
21841,BABY MOUSE RED GINGHAM DRESS,310.25,0.00,0.00,310.25,0.00,0.00,2504,2492
21944,KITTENS DESIGN FLANNEL,310.19,0.00,0.00,310.19,0.00,0.00,2505,2493
47021G,SET/6 BEAD COASTERS GAUZE BAG GOLD,309.30,0.00,0.00,309.30,0.00,0.00,2506,2494
21442,GREEN BIRDHOUSE DECORATION,307.94,0.00,0.00,307.94,0.00,0.00,2507,2495
21719,LOVELY BONBON STICKER SHEET,307.44,0.00,0.00,307.44,0.00,0.00,2508,2496
23495,SET OF 3 PANTRY WOODEN SPOONS,306.66,0.00,0.00,306.66,0.00,0.00,2509,2498
22124,SET OF 2 TEA TOWELS PING MICROWAVE,306.16,0.00,0.00,306.16,0.00,0.00,2510,2499
22040,BOTANICAL ROSE GIFT WRAP,304.50,0.00,0.00,304.50,0.00,0.00,2511,2500
22043,CHRISTMAS CARD SCREEN PRINT,304.50,0.00,0.00,304.50,0.00,0.00,2511,2500
22641,SET OF 4 NAPKIN CHARMS INSTRUMENT,303.73,0.00,0.00,303.73,0.00,0.00,2513,2503
20622,VIPPASSPORT COVER,303.70,0.00,0.00,303.70,0.00,0.00,2514,2504
23430,BLUE RETRO KITCHEN WALL CLOCK,301.88,0.00,0.00,301.88,0.00,0.00,2515,2508
35912B,WHITE/PINK CHICK DECORATION,301.26,0.00,0.00,301.26,0.00,0.00,2516,2509
84661B,BLACK SQUARE TABLE CLOCK,300.24,0.00,0.00,300.24,0.00,0.00,2517,2510
22409,MONEY BOX BISCUITS DESIGN,299.72,1.25,0.00,298.47,0.42,0.00,2518,2514
21761,WOOD AND GLASS MEDICINE CABINET,299.50,0.00,0.00,299.50,0.00,0.00,2519,2512
23440,PAINT YOUR OWN EGGS IN CRATE,299.36,0.00,0.00,299.36,0.00,0.00,2520,2513
20897,VINTAGE NOTEBOOK PARIS DAYS,298.27,35.40,0.00,262.87,11.87,0.00,2521,2578
90184B,AMETHYST CHUNKY BEAD BRACELET W STR,297.94,0.00,0.00,297.94,0.00,0.00,2522,2515
84596J,MIXED NUTS LIGHT GREEN BOWL,296.45,0.00,0.00,296.45,0.00,0.00,2523,2516
20655,QUEEN OF SKIES LUGGAGE TAG,292.29,0.00,0.00,292.29,0.00,0.00,2524,2517
35911A,MULTICOLOUR RABBIT EGG WARMER,292.07,0.00,0.00,292.07,0.00,0.00,2525,2518
21441,BLUE BIRDHOUSE DECORATION,292.03,0.00,0.00,292.03,0.00,0.00,2526,2519
23567,EGG CUP HENRIETTA HEN PINK,291.58,1.25,0.00,290.33,0.43,0.00,2527,2520
22049,WRAP CHRISTMAS SCREEN PRINT,291.50,10.50,0.00,281.00,3.60,0.00,2528,2540
23410,CURIO CABINET LINEN AND LACE,290.10,8.15,0.00,281.95,2.81,0.00,2529,2537
16015,MEDIUM CHINESE STYLE SCISSOR,289.98,0.00,0.00,289.98,0.00,0.00,2530,2521
85024B,EAU DE NILE JEWELLED PHOTOFRAME,289.65,0.00,0.00,289.65,0.00,0.00,2531,2522
79051A,SMOKEY GREY COLOUR D.O.F. GLASS,289.55,0.00,0.00,289.55,0.00,0.00,2532,2523
21503,TOYBOX  WRAP,288.92,0.42,0.00,288.50,0.15,0.00,2533,2524
46776E,WOVEN CANDY CUSHION COVER,288.43,0.00,0.00,288.43,0.00,0.00,2534,2525
79190B,RETRO PLASTIC POLKA TRAY,288.36,6.72,0.00,281.64,2.33,0.00,2535,2538
20618,QUEEN OF THE SKIES PASSPORT COVER,286.39,0.00,0.00,286.39,0.00,0.00,2536,2526
72800B,4 PURPLE FLOCK DINNER CANDLES,285.70,0.00,0.00,285.70,0.00,0.00,2537,2527
21386,IVORY HANGING DECORATION  EGG,285.64,0.00,0.00,285.64,0.00,0.00,2538,2528
37413,ICON MUG REVOLUTIONARY,284.49,0.00,0.00,284.49,0.00,0.00,2539,2529
71403,"PINK/WHITE ""KEEP CLEAN"" BULLET BIN",283.96,0.00,0.00,283.96,0.00,0.00,2540,2530
18094C,WHITE AND BLUE CERAMIC OIL BURNER,283.93,0.00,0.00,283.93,0.00,0.00,2541,2531
21666,RIDGED GLASS T-LIGHT HOLDER,283.51,0.00,0.00,283.51,0.00,0.00,2542,2532
16218,CARTOON  PENCIL SHARPENERS,283.31,0.00,0.00,283.31,0.00,0.00,2543,2533
20794,BLUE  TILE HOOK,282.79,22.95,0.00,259.84,8.12,0.00,2544,2583
20777,CHRYSANTHEMUM NOTEBOOK,282.49,0.00,0.00,282.49,0.00,0.00,2545,2534
84341B,SMALL PINK MAGIC CHRISTMAS TREE,282.38,0.00,0.00,282.38,0.00,0.00,2546,2535
84872a,TEATIME FUNKY FLOWER BACKPACK FOR 2,282.15,0.00,0.00,282.15,0.00,0.00,2547,2536
23481,PEARLISED IVORY HEART SMALL,281.17,0.00,0.00,281.17,0.00,0.00,2548,2539
22257,FELT FARM ANIMAL SHEEP,280.42,0.00,0.00,280.42,0.00,0.00,2549,2542
71101E,STANDING FAIRY POLE SUPPORT,278.50,0.00,0.00,278.50,0.00,0.00,2550,2544
85188A,GREEN METAL SWINGING BUNNY,278.17,2.55,0.00,275.62,0.92,0.00,2551,2551
21725,SWEETIES  STICKERS,277.24,0.00,0.00,277.24,0.00,0.00,2552,2545
16169M,WRAP DAISY CARPET,277.20,0.00,0.00,277.20,0.00,0.00,2553,2546
21293,MIRRORED DOVE WALL DECORATION,276.72,0.00,0.00,276.72,0.00,0.00,2554,2547
84926D,LA PALMIERA TILE COASTER,276.53,0.00,0.00,276.53,0.00,0.00,2555,2548
85049g,CHOCOLATE BOX RIBBONS,276.42,0.00,0.00,276.42,0.00,0.00,2556,2549
23137,ZINC WIRE SWEETHEART LETTER TRAY,275.62,0.00,0.00,275.62,0.00,0.00,2557,2550
21250,SET OF SKULL WALL STICKERS,274.37,0.00,0.00,274.37,0.00,0.00,2558,2552
85186A,EASTER BUNNY GARLAND OF FLOWERS,273.64,0.00,0.00,273.64,0.00,0.00,2559,2553
22052,VINTAGE CARAVAN GIFT WRAP,273.00,21.00,0.00,252.00,7.69,0.00,2560,2598
84859A,SILVER DISCO HANDBAG,272.99,0.00,0.00,272.99,0.00,0.00,2561,2554
23141,TRIPLE WIRE HOOK PINK HEART,272.91,0.00,0.00,272.91,0.00,0.00,2562,2555
20734,SILVER MINI TAPE MEASURE,271.22,0.00,0.00,271.22,0.00,0.00,2563,2556
20755,BLUE PAISLEY POCKET BOOK,271.17,0.00,0.00,271.17,0.00,0.00,2564,2557
85214,TUB 24 PINK FLOWER PEGS,271.04,0.00,0.00,271.04,0.00,0.00,2565,2558
23474,WOODLAND SMALL BLUE FELT HEART,270.96,0.00,0.00,270.96,0.00,0.00,2566,2559
85019C,CURIOUS  IMAGES NOTEBOOK SET,270.72,51.00,0.00,219.72,18.84,0.00,2567,2664
20684,STRAWBERRY DREAM CHILDS UMBRELLA,270.56,0.00,0.00,270.56,0.00,0.00,2568,2560
21815,STAR  T-LIGHT HOLDER,270.23,0.00,0.00,270.23,0.00,0.00,2569,2561
21275,ZINC TOP  2 DOOR WOODEN SHELF,270.08,76.75,0.00,193.33,28.42,0.00,2570,2722
35001W,HAND OPEN SHAPE DECO.WHITE,270.02,3.49,0.00,266.53,1.29,0.00,2571,2570
22512,DOORSTOP RACING CAR DESIGN,269.71,0.00,0.00,269.71,0.00,0.00,2572,2562
85186C,BUNNY EGG GARLAND,269.17,8.40,0.00,260.77,3.12,0.00,2573,2582
21785,RAIN PONCHO,268.76,0.00,0.00,268.76,0.00,0.00,2574,2563
21644,ASSORTED TUTTI FRUTTI HEART BOX,268.75,31.25,0.00,237.50,11.63,0.00,2575,2626
21332,MOROCCAN BEATEN METAL MIRROR,268.10,0.00,0.00,268.10,0.00,0.00,2576,2564
17013D,ORIGAMI ROSE INCENSE IN TUBE,267.82,0.00,0.00,267.82,0.00,0.00,2577,2565
21445,12 PINK ROSE PEG PLACE SETTINGS,267.50,5.00,0.00,262.50,1.87,0.00,2578,2579
85230E,STRAWBRY SCENTED VOTIVE CANDLE,267.45,0.00,0.00,267.45,0.00,0.00,2579,2566
21265,PINK GOOSE FEATHER TREE 60CM,267.21,0.00,0.00,267.21,0.00,0.00,2580,2567
20771,CHRYSANTHEMUM  JOURNAL,267.13,0.00,0.00,267.13,0.00,0.00,2581,2568
84795b,SUNSET CHECK HAMMOCK,266.78,0.00,0.00,266.78,0.00,0.00,2582,2569
21279,VINTAGE KITCHEN PRINT FRUITS,266.15,7.65,0.00,258.50,2.87,0.00,2583,2586
20699,MOUSEY LONG LEGS SOFT TOY,266.03,0.00,0.00,266.03,0.00,0.00,2584,2571
85039C,S/4 BLACK MINI ROSE CANDLE IN BOWL,265.77,1.65,0.00,264.12,0.62,0.00,2585,2575
90160A,PURPLE BOUDICCA LARGE BRACELET,264.94,48.65,0.00,216.29,18.36,0.00,2586,2675
23476,WOODLAND LARGE RED FELT HEART,264.72,0.00,0.00,264.72,0.00,0.00,2587,2572
90160D,PINK BOUDICCA LARGE BRACELET,264.70,0.00,0.00,264.70,0.00,0.00,2588,2573
84952A,CLEAR LOVE BIRD T-LIGHT HOLDER,264.47,0.00,0.00,264.47,0.00,0.00,2589,2574
85124B,BLUE JUICY FRUIT PHOTO FRAME,264.06,15.30,0.00,248.76,5.79,0.00,2590,2603
22889,NUMBER TILE VINTAGE FONT No,263.80,0.00,0.00,263.80,0.00,0.00,2591,2576
18098c,PORCELAIN BUTTERFLY OIL BURNER,263.12,0.00,0.00,263.12,0.00,0.00,2592,2577
85124C,GREEN JUICY FRUIT PHOTO FRAME,261.89,0.00,0.00,261.89,0.00,0.00,2593,2580
84858C,PINK RIVIERA HANDBAG,261.68,0.00,0.00,261.68,0.00,0.00,2594,2581
79337,BLUE FLOCK GLASS CANDLEHOLDER,259.96,2.28,0.00,257.68,0.88,0.00,2595,2587
72800C,4 PINK DINNER CANDLE SILVER FLOCK,259.72,0.00,0.00,259.72,0.00,0.00,2596,2584
21324,HANGING MEDINA LANTERN SMALL,259.67,0.00,0.00,259.67,0.00,0.00,2597,2585
20997,ROSE DU SUD CUSHION COVER,257.61,0.00,0.00,257.61,0.00,0.00,2598,2588
35915B,BLUE KNITTED HEN,257.22,0.00,0.00,257.22,0.00,0.00,2599,2589
85230G,ORANGE VOTIVE CANDLE,257.04,13.92,0.00,243.12,5.42,0.00,2600,2616
21458,2 PICTURE BOOK EGGS EASTER BUNNY,256.54,0.00,0.00,256.54,0.00,0.00,2601,2590
78124,MAGAZINE RACK GEBRA ASSORTED,256.50,0.00,0.00,256.50,0.00,0.00,2602,2591
21427,SKULLS STORAGE BOX SMALL,256.44,6.30,0.00,250.14,2.46,0.00,2603,2601
16012,FOOD/DRINK SPONGE STICKERS,256.20,0.00,0.00,256.20,0.00,0.00,2604,2592
84952C,MIRROR LOVE BIRD T-LIGHT HOLDER,255.00,0.00,0.00,255.00,0.00,0.00,2605,2593
21269,ANTIQUE CREAM CUTLERY SHELF,254.98,0.00,0.00,254.98,0.00,0.00,2606,2594
21547,CERAMIC BIRDHOUSE CRESTED TIT SMALL,253.53,0.00,0.00,253.53,0.00,0.00,2607,2595
48173c,DOORMAT BLACK FLOCK,252.95,0.00,0.00,252.95,0.00,0.00,2608,2596
90201B,BLACK ENAMEL FLOWER RING,252.90,20.65,0.00,232.25,8.17,0.00,2609,2635
35967,FOLK ART METAL STAR T-LIGHT HOLDER,252.33,0.00,0.00,252.33,0.00,0.00,2610,2597
23149,ANTIQUE IVORY WIRE BOWL SMALL,251.45,27.39,0.00,224.06,10.89,0.00,2611,2654
21882,SKULLS TAPE,251.17,0.00,0.00,251.17,0.00,0.00,2612,2599
22164,STRING OF STARS CARD HOLDER,250.22,0.00,0.00,250.22,0.00,0.00,2613,2600
85071D,CHARLIE+LOLA MY ROOM DOOR SIGN,249.49,0.00,0.00,249.49,0.00,0.00,2614,2602
23465,TUSCAN VILLA BIRD FEEDER,247.63,0.00,0.00,247.63,0.00,0.00,2615,2604
22410,MONEY BOX HOUSEKEEPING DESIGN,247.42,0.00,0.00,247.42,0.00,0.00,2616,2605
84678,CLASSICAL ROSE SMALL VASE,247.04,5.05,0.00,241.99,2.04,0.00,2617,2619
20659,ECONOMY LUGGAGE TAG,246.84,0.00,0.00,246.84,0.00,0.00,2618,2606
21379,CAMPHOR WOOD PORTOBELLO MUSHROOM,246.83,0.00,0.00,246.83,0.00,0.00,2619,2607
47422,ASSORTED MONKEY SUCTION CUP HOOK,246.18,0.42,0.00,245.76,0.17,0.00,2620,2608
22869,NUMBER TILE COTTAGE GARDEN 1,246.14,1.95,0.00,244.19,0.79,0.00,2621,2613
90175A,WHITE GLASS CHUNKY CHARM BRACELET,245.63,0.00,0.00,245.63,0.00,0.00,2622,2609
22391,PAPERWEIGHT HOME SWEET HOME,245.58,0.00,0.00,245.58,0.00,0.00,2623,2610
21676,FLOWERS  STICKERS,245.36,0.00,0.00,245.36,0.00,0.00,2624,2611
21190,PINK HEARTS PAPER GARLAND,245.20,72.50,0.00,172.70,29.57,0.00,2625,2776
20819,SILVER TEDDY BEAR,244.72,0.00,0.00,244.72,0.00,0.00,2626,2612
90143,SILVER BRACELET W PASTEL FLOWER,244.68,7.50,0.00,237.18,3.07,0.00,2627,2627
84422,PINK/BLUE DISC/MIRROR STRING,244.17,18.72,0.00,225.45,7.67,0.00,2628,2650
20616,CHERRY BLOSSOM PASSPORT COVER,243.53,0.00,0.00,243.53,0.00,0.00,2629,2614
85095,THREE CANVAS LUGGAGE TAGS,243.49,0.00,0.00,243.49,0.00,0.00,2630,2615
23475,WOODLAND SMALL PINK FELT HEART,242.18,0.00,0.00,242.18,0.00,0.00,2631,2617
85094,CANDY SPOT EGG WARMER RABBIT,242.13,0.00,0.00,242.13,0.00,0.00,2632,2618
22954,HEN PARTY CORDON BARRIER TAPE,241.38,1.25,0.00,240.13,0.52,0.00,2633,2622
84592,CROCHET ROSE PURSE WITH SUEDE BACK,241.24,0.00,0.00,241.24,0.00,0.00,2634,2620
22870,NUMBER TILE COTTAGE GARDEN 2,240.29,0.00,0.00,240.29,0.00,0.00,2635,2621
23143,ZINC WIRE KITCHEN ORGANISER,239.97,0.00,0.00,239.97,0.00,0.00,2636,2623
21028,NINJA RABBIT BLACK,239.24,0.00,0.00,239.24,0.00,0.00,2637,2624
47469,ASSORTED SHAPES PHOTO CLIP SILVER,238.61,15.60,0.00,223.01,6.54,0.00,2638,2657
22137,BATHROOM SET LOVE HEART DESIGN,237.98,0.00,0.00,237.98,0.00,0.00,2639,2625
72131,COLUMBIAN CANDLE RECTANGLE,236.40,0.00,0.00,236.40,0.00,0.00,2640,2628
21360,JOY LARGE WOOD LETTERS,236.17,0.00,0.00,236.17,0.00,0.00,2641,2629
85023B,EAU DE NILE JEWELLED PHOTOFRAME,235.35,153.75,0.00,81.60,65.33,0.00,2642,3092
23580,SNACK TRAY HAPPY FOREST,234.92,0.00,0.00,234.92,0.00,0.00,2643,2630
47351B,BLUE  VOILE LAMPSHADE,234.50,122.40,0.00,112.10,52.20,0.00,2644,2977
16216,LETTER SHAPE PENCIL SHARPENER,234.00,0.00,0.00,234.00,0.00,0.00,2645,2631
20775,DAISY NOTEBOOK,233.54,0.00,0.00,233.54,0.00,0.00,2646,2632
21025,SPACE FROG,233.52,0.00,0.00,233.52,0.00,0.00,2647,2633
90058B,CRYSTAL STUD EARRINGS ASSORTED COL,232.56,13.68,0.00,218.88,5.88,0.00,2648,2666
23036,T-LIGHT HOLDER SILVER PETIT FOUR,232.42,0.00,0.00,232.42,0.00,0.00,2649,2634
84857C,PINK MONTE CARLO HANDBAG,232.33,1.95,0.00,230.38,0.84,0.00,2650,2640
85099f,JUMBO BAG STRAWBERRY,232.06,0.00,0.00,232.06,0.00,0.00,2651,2636
23447,PINK BUNNY EASTER EGG BASKET,231.90,0.00,0.00,231.90,0.00,0.00,2652,2637
84712B,PINK JEWELLED PHOTO FRAME,231.56,0.00,0.00,231.56,0.00,0.00,2653,2638
20696,FLORAL SOFT CAR TOY,230.81,0.00,0.00,230.81,0.00,0.00,2654,2639
22394,PAPERWEIGHT KINGS CHOICE,230.68,15.30,0.00,215.38,6.63,0.00,2655,2678
21973,SET OF 36 MUSHROOM PAPER DOILIES,230.55,1.45,0.00,229.10,0.63,0.00,2656,2643
23446,BLUE BUNNY EASTER EGG BASKET,230.25,0.00,0.00,230.25,0.00,0.00,2657,2641
21161,KEEP OUT BOYS DOOR HANGER,229.92,0.00,0.00,229.92,0.00,0.00,2658,2642
85040B,SET/4 BLUE FLOWER CANDLES IN BOWL,229.47,6.60,0.00,222.87,2.88,0.00,2659,2658
85200,BUNNY EGG BOX,228.75,0.00,0.00,228.75,0.00,0.00,2660,2644
90010E,AMBER GLASS/SILVER BRACELET,227.89,0.00,0.00,227.89,0.00,0.00,2661,2645
72800D,4 BLUE DINNER CANDLES SILVER FLOCK,226.67,0.00,0.00,226.67,0.00,0.00,2662,2646
23003,TRAVEL CARD WALLET VINTAGE ROSE,226.20,0.00,0.00,226.20,0.00,0.00,2663,2647
90201D,GREEN ENAMEL FLOWER RING,225.84,0.00,0.00,225.84,0.00,0.00,2664,2648
22031,BOTANICAL LAVENDER BIRTHDAY CARD,225.59,5.04,0.00,220.55,2.23,0.00,2665,2662
21157,RED RETROSPOT WASHBAG,225.50,0.00,0.00,225.50,0.00,0.00,2666,2649
85014a,BLACK/BLUE POLKADOT UMBRELLA,225.32,0.00,0.00,225.32,0.00,0.00,2667,2651
90206C,CRYSTAL DIAMANTE STAR BROOCH,224.73,0.00,0.00,224.73,0.00,0.00,2668,2652
21647,ASSORTED TUTTI FRUTTI LARGE PURSE,224.70,2.10,0.00,222.60,0.93,0.00,2669,2659
90158,ST TROPEZ NECKLACE,224.12,0.00,0.00,224.12,0.00,0.00,2670,2653
21657,MILK BOTTLE WITH GLASS STOPPER,223.46,0.00,0.00,223.46,0.00,0.00,2671,2655
84218,BOX/12 CHICK & EGG IN BASKET,223.11,0.00,0.00,223.11,0.00,0.00,2672,2656
21364,PEACE SMALL WOOD LETTERS,222.96,6.75,0.00,216.21,3.03,0.00,2673,2676
21456,2 PICTURE BOOK EGGS EASTER CHICKS,222.22,1.25,0.00,220.97,0.56,0.00,2674,2661
84711A,SILVER OVAL SHAPE TRINKET BOX,221.80,0.00,0.00,221.80,0.00,0.00,2675,2660
22395,PAPERWEIGHT VINTAGE PAISLEY,220.04,0.00,0.00,220.04,0.00,0.00,2676,2663
20868,SILVER FABRIC MIRROR,219.35,0.00,0.00,219.35,0.00,0.00,2677,2665
75178,ASSTD COL BUTTERFLY/CRYSTAL W/CHIME,218.87,0.00,0.00,218.87,0.00,0.00,2678,2667
35914,PINK CHICK EGG WARMER + EGG CUP,218.81,0.00,0.00,218.81,0.00,0.00,2679,2668
21378,SMALL TALL CAMPHOR WOOD TOADSTOOL,217.89,0.00,0.00,217.89,0.00,0.00,2680,2669
90014A,SILVER/MOP ORBIT NECKLACE,217.59,0.00,0.00,217.59,0.00,0.00,2681,2670
20847,ZINC HEART LATTICE CHARGER LARGE,217.58,0.00,0.00,217.58,0.00,0.00,2682,2671
20769,DAISY JOURNAL,217.56,0.00,0.00,217.56,0.00,0.00,2683,2672
84876D,BLUE HEART COMPACT MIRROR,217.50,0.00,0.00,217.50,0.00,0.00,2684,2673
21132,SILVER STANDING GNOME,217.36,0.00,0.00,217.36,0.00,0.00,2685,2674
84559B,3D SHEET OF CAT STICKERS,217.29,3.40,0.00,213.89,1.56,0.00,2686,2681
21377,SMALL CAMPHOR WOOD FIELD  MUSHROOM,215.68,0.00,0.00,215.68,0.00,0.00,2687,2677
84051,ASS COLOUR GLOWING TIARAS,215.21,0.00,0.00,215.21,0.00,0.00,2688,2679
90120C,GREEN MURANO TWIST BRACELET,215.20,0.00,0.00,215.20,0.00,0.00,2689,2680
21316,SMALL CHUNKY GLASS ROMAN  BOWL,214.73,2.95,0.00,211.78,1.37,0.00,2690,2683
21520,BOOZE & WOMEN GREETING CARD,214.19,0.84,0.00,213.35,0.39,0.00,2691,2682
22882,NUMBER TILE VINTAGE FONT 3,213.70,1.95,0.00,211.75,0.91,0.00,2692,2684
20781,GOLD EAR MUFF HEADPHONES,212.26,5.49,0.00,206.77,2.59,0.00,2693,2694
90200C,BLUE SWEETHEART BRACELET,211.43,0.00,0.00,211.43,0.00,0.00,2694,2685
84510C,SET OF 4 POLKADOT COASTERS,211.33,0.00,0.00,211.33,0.00,0.00,2695,2686
72127,COLUMBIAN CANDLE ROUND,210.61,0.00,0.00,210.61,0.00,0.00,2696,2687
84877B,GREEN ROUND COMPACT MIRROR,210.56,0.00,0.00,210.56,0.00,0.00,2697,2688
84707B,PINK JEWELLED MIRROR TRINKET TRAY,210.55,0.00,0.00,210.55,0.00,0.00,2698,2689
84926A,WAKE UP COCKEREL TILE COASTER,210.52,0.00,0.00,210.52,0.00,0.00,2699,2690
90175D,TIGRIS EYE CHUNKY CHARM BRACELET,210.04,0.00,0.00,210.04,0.00,0.00,2700,2691
90160B,RED BOUDICCA LARGE BRACELET,209.73,0.00,0.00,209.73,0.00,0.00,2701,2692
90192,JADE DROP EARRINGS W FILIGREE,209.10,9.90,0.00,199.20,4.73,0.00,2702,2709
21750,LARGE SKULL WINDMILL,207.51,0.00,0.00,207.51,0.00,0.00,2703,2693
16048,TEATIME ROUND PENCIL SHARPENER,205.30,0.00,0.00,205.30,0.00,0.00,2704,2695
90119,METALIC LEAVES BAG CHARMS,205.06,0.00,0.00,205.06,0.00,0.00,2705,2696
20763,DAISY SKETCHBOOK,205.04,0.00,0.00,205.04,0.00,0.00,2706,2697
21726,MULTI HEARTS  STICKERS,204.69,0.00,0.00,204.69,0.00,0.00,2707,2698
22878,NUMBER TILE COTTAGE GARDEN No,204.19,2.10,0.00,202.09,1.03,0.00,2708,2701
84875B,GREEN SQUARE COMPACT MIRROR,203.51,0.00,0.00,203.51,0.00,0.00,2709,2699
85230A,OPIUM SCENTED VOTIVE CANDLE,203.28,0.00,0.00,203.28,0.00,0.00,2710,2700
21911,GARDEN METAL SIGN,203.21,19.80,0.00,183.41,9.74,0.00,2711,2749
84688,BEACH HUT DESIGN BLACKBOARD,203.07,55.25,0.00,147.82,27.21,0.00,2712,2855
90201A,PURPLE ENAMEL FLOWER RING,202.51,11.80,0.00,190.71,5.83,0.00,2713,2727
22541,MINI JIGSAW LEAP FROG,201.95,0.00,0.00,201.95,0.00,0.00,2714,2702
85179C,PINK BITTY LIGHT CHAIN,201.31,0.00,0.00,201.31,0.00,0.00,2715,2703
84968e,SET OF 16 VINTAGE BLACK CUTLERY,200.21,0.00,0.00,200.21,0.00,0.00,2716,2704
44235,ASSORTED COLOURED CIRCLE MOBILE,200.04,0.00,0.00,200.04,0.00,0.00,2717,2705
47594A,CAROUSEL DESIGN WASHBAG,199.84,17.55,0.00,182.29,8.78,0.00,2718,2751
16156L,WRAP CAROUSEL,199.50,0.00,0.00,199.50,0.00,0.00,2719,2706
22038,BOTANICAL LAVENDER GIFT WRAP,199.50,0.00,0.00,199.50,0.00,0.00,2719,2706
21367,MIRRORED WALL ART GENTS,199.49,0.00,0.00,199.49,0.00,0.00,2721,2708
21651,HANGING GLASS ETCHED TEALIGHT,198.57,0.00,0.00,198.57,0.00,0.00,2722,2710
22881,NUMBER TILE VINTAGE FONT 2,197.56,0.00,0.00,197.56,0.00,0.00,2723,2711
47578A,ENGLISH ROSE SMALL SCENTED FLOWER,197.43,0.00,0.00,197.43,0.00,0.00,2724,2712
90019A,SILVER M.O.P ORBIT BRACELET,197.09,0.00,0.00,197.09,0.00,0.00,2725,2713
22880,NUMBER TILE VINTAGE FONT 1,196.69,0.00,0.00,196.69,0.00,0.00,2726,2714
22044,CHRISTMAS CARD STACK OF PRESENTS,196.44,0.00,0.00,196.44,0.00,0.00,2727,2715
71143,SILVER BOOK MARK WITH BEADS,196.36,0.00,0.00,196.36,0.00,0.00,2728,2716
22263,FELT EGG COSY LADYBIRD,195.97,32.34,0.00,163.63,16.50,0.00,2729,2804
90013A,MIDNIGHT BLUE VINTAGE EARRINGS,195.32,30.00,0.00,165.32,15.36,0.00,2730,2797
84926F,PSYCHEDELIC TILE COASTER,195.22,6.96,0.00,188.26,3.57,0.00,2731,2737
20617,FIRST CLASS PASSPORT COVER,194.94,0.00,0.00,194.94,0.00,0.00,2732,2717
23697,A PRETTY THANK YOU CARD,194.58,0.00,0.00,194.58,0.00,0.00,2733,2718
22884,NUMBER TILE VINTAGE FONT 5,194.05,0.00,0.00,194.05,0.00,0.00,2734,2719
20654,FIRST CLASS LUGGAGE TAG,193.59,0.00,0.00,193.59,0.00,0.00,2735,2720
22289,HANGING METAL CHICKEN DECORATION,193.52,0.00,0.00,193.52,0.00,0.00,2736,2721
90018A,SILVER M.O.P ORBIT DROP EARRINGS,193.33,4.25,0.00,189.08,2.20,0.00,2737,2733
90082A,DIAMANTE BOW BROOCH GREEN COLOUR,193.20,0.00,0.00,193.20,0.00,0.00,2738,2723
21376,LARGE  TALL CAMPHOR WOOD TOADSTOOL,192.81,0.00,0.00,192.81,0.00,0.00,2739,2724
21306,SET/4 DAISY MIRROR MAGNETS,192.74,7.32,0.00,185.42,3.80,0.00,2740,2743
84910A,PINK PAISLEY CUSHION COVER,192.14,0.00,0.00,192.14,0.00,0.00,2741,2725
22883,NUMBER TILE VINTAGE FONT 4,191.48,1.95,0.00,189.53,1.02,0.00,2742,2732
85045,GREEN CHRISTMAS TREE STRING 20LIGHT,191.10,19.80,0.00,171.30,10.36,0.00,2743,2781
90030B,RED KUKUI COCONUT SEED NECKLACE,190.73,0.00,0.00,190.73,0.00,0.00,2744,2726
90184C,BLACK CHUNKY BEAD BRACELET W STRAP,190.52,0.00,0.00,190.52,0.00,0.00,2745,2728
47471,RAINBOW PEGS PHOTO CLIP STRING,189.88,0.00,0.00,189.88,0.00,0.00,2746,2729
21418,STARFISH SOAP DISH,189.75,0.00,0.00,189.75,0.00,0.00,2747,2730
21196,ROUND WHITE CONFETTI IN TUBE,189.68,0.00,0.00,189.68,0.00,0.00,2748,2731
21807,WHITE CHRISTMAS STAR DECORATION,189.00,0.00,0.00,189.00,0.00,0.00,2749,2734
85020,ROUND PINK HEART MIRROR,188.81,0.00,0.00,188.81,0.00,0.00,2750,2735
84804B,BLUE DELPHINIUM ARTIFICIAL FLOWER,188.37,0.00,0.00,188.37,0.00,0.00,2751,2736
21027,NINJA RABBIT PINK,187.79,0.00,0.00,187.79,0.00,0.00,2752,2738
20694,FLORAL PINK MONSTER,187.54,0.00,0.00,187.54,0.00,0.00,2753,2739
84711B,PINK OVAL SHAPE TRINKET BOX,186.64,0.00,0.00,186.64,0.00,0.00,2754,2740
84535A,ENGLISH ROSE NOTEBOOK A6 SIZE,186.56,0.00,0.00,186.56,0.00,0.00,2755,2741
21402,RED  EGG  SPOON,185.52,0.00,0.00,185.52,0.00,0.00,2756,2742
90201C,RED ENAMEL FLOWER RING,185.42,17.70,0.00,167.72,9.55,0.00,2757,2790
78033,FLAG OF ST GEORGE CHAIR,185.30,17.85,0.00,167.45,9.63,0.00,2758,2791
21826,EIGHT PIECE DINOSAUR SET,185.18,5.00,0.00,180.18,2.70,0.00,2759,2760
72801d,4 SKY BLUE DINNER CANDLES,184.70,0.00,0.00,184.70,0.00,0.00,2760,2744
23416,CHAMBRE HOOK,184.68,0.00,0.00,184.68,0.00,0.00,2761,2745
90016B,GOLD/M.O.P PENDANT ORBIT NECKLACE,184.66,0.00,0.00,184.66,0.00,0.00,2762,2746
85055,FRENCH ENAMEL UTENSIL HOLDER,183.71,0.00,0.00,183.71,0.00,0.00,2763,2747
84509E,SET OF 4 CAROUSEL PLACEMATS,183.45,0.00,0.00,183.45,0.00,0.00,2764,2748
84927F,PSYCHEDELIC TILE HOOK,182.95,1.95,0.00,181.00,1.07,0.00,2765,2753
84429A,MEDIUM PINK BUDDHA HEAD,182.50,0.00,0.00,182.50,0.00,0.00,2766,2750
22032,BOTANICAL LILY GREETING CARD,181.98,0.00,0.00,181.98,0.00,0.00,2767,2752
21311,SET/4 BIRD MIRROR MAGNETS,181.33,7.83,0.00,173.50,4.32,0.00,2768,2773
84907,PINK YELLOW PATCH CUSHION COVER,180.93,0.00,0.00,180.93,0.00,0.00,2769,2754
85215,ASSORTED CHEESE FRIDGE MAGNETS,180.71,0.00,0.00,180.71,0.00,0.00,2770,2755
72801C,4 ROSE PINK DINNER CANDLES,180.65,0.00,0.00,180.65,0.00,0.00,2771,2756
84804A,CREAM DELPHINIUM ARTIFICIAL FLOWER,180.58,0.00,0.00,180.58,0.00,0.00,2772,2757
84859C,PINK DISCO HANDBAG,180.52,0.00,0.00,180.52,0.00,0.00,2773,2758
22157,ANGEL DECORATION WITH LACE PADDED,180.20,0.00,0.00,180.20,0.00,0.00,2774,2759
21721,CANDY SHOP  STICKER SHEET,179.46,0.00,0.00,179.46,0.00,0.00,2775,2761
79190A,RETRO PLASTIC 70'S TRAY,179.36,1.26,0.00,178.10,0.70,0.00,2776,2766
40003,WHITE BAMBOO RIBS LAMPSHADE,179.23,0.00,0.00,179.23,0.00,0.00,2777,2762
16258A,SWIRLY CIRCULAR RUBBERS IN BAG,178.97,0.42,0.00,178.55,0.23,0.00,2778,2765
21847,GREEN  DIAMANTE PEN IN GIFT BOX,178.89,0.00,0.00,178.89,0.00,0.00,2779,2763
85131C,BEADED CRYSTAL HEART BLUE ON STICK,178.85,0.00,0.00,178.85,0.00,0.00,2780,2764
22872,NUMBER TILE COTTAGE GARDEN 4,177.46,0.00,0.00,177.46,0.00,0.00,2781,2767
84685,BEACH HUT KEY CABINET,177.33,3.75,0.00,173.58,2.11,0.00,2782,2771
21319,GLASS CHALICE GREEN  SMALL,175.78,1.65,0.00,174.13,0.94,0.00,2783,2770
84507C,BLUE CIRCLES DESIGN MONKEY DOLL,175.73,17.85,0.00,157.88,10.16,0.00,2784,2822
85211,S/4 GROOVY CAT MAGNETS,175.16,1.58,0.00,173.58,0.90,0.00,2785,2772
22764,"RUSTIC WOODEN CABINET, GLASS DOORS",174.77,24.95,0.00,149.82,14.28,0.00,2786,2848
90197B,BLACK GLASS BRACELET W HEART CHARMS,174.73,0.00,0.00,174.73,0.00,0.00,2787,2768
84691,PACK 20 DOLLY PEGS,174.50,0.00,0.00,174.50,0.00,0.00,2788,2769
84800M,MEDIUM WHITE/PINK ROSE ART FLOWER,174.31,5.07,0.00,169.24,2.91,0.00,2789,2785
35810B,ENAMEL BLUE RIM COFFEE CONTAINER,174.09,10.79,0.00,163.30,6.20,0.00,2790,2806
84905,PINK BUTTERFLY CUSHION COVER,173.48,0.00,0.00,173.48,0.00,0.00,2791,2774
16168M,FUNKY MONKEY GIFT BAG MEDIUM,173.12,0.00,0.00,173.12,0.00,0.00,2792,2775
22885,NUMBER TILE VINTAGE FONT 6,172.78,1.95,0.00,170.83,1.13,0.00,2793,2783
82011C,BATHROOM SCALES FOOTPRINTS IN SAND,172.05,0.00,0.00,172.05,0.00,0.00,2794,2777
84963A,PINK PAINTED KASHMIRI CHAIR,171.80,0.00,0.00,171.80,0.00,0.00,2795,2778
47481,50CM METAL STRING WITH  7 CLIPS,171.79,0.00,0.00,171.79,0.00,0.00,2796,2779
62086A,PINK RETRO BIG FLOWER BAG,171.60,0.00,0.00,171.60,0.00,0.00,2797,2780
85146,JARDIN ETCHED GLASS SMALL BELL JAR,171.11,0.00,0.00,171.11,0.00,0.00,2798,2782
21763,VINTAGE WOODEN BAR STOOL,169.75,0.00,0.00,169.75,0.00,0.00,2799,2784
85129B,BEADED CRYSTAL HEART GREEN SMALL,168.59,0.00,0.00,168.59,0.00,0.00,2800,2786
22042,CHRISTMAS CARD SINGING ANGEL,168.33,5.04,0.00,163.29,2.99,0.00,2801,2807
21333,CLASSIC WHITE FRAME,168.16,0.00,0.00,168.16,0.00,0.00,2802,2787
90145,SILVER HOOP EARRINGS WITH FLOWER,168.00,0.00,0.00,168.00,0.00,0.00,2803,2788
84661A,WHITE SQUARE TABLE CLOCK,167.79,0.00,0.00,167.79,0.00,0.00,2804,2789
90010A,MIDNIGHT BLUE GLASS/SILVER BRACELET,167.30,0.00,0.00,167.30,0.00,0.00,2805,2792
21457,2 PICTURE BOOK EGGS EASTER DUCKS,165.89,0.00,0.00,165.89,0.00,0.00,2806,2793
21280,VINTAGE KITCHEN PRINT VEGETABLES,165.75,0.00,0.00,165.75,0.00,0.00,2807,2794
21331,MOROCCAN BEATEN METAL DISH LARGE,165.74,0.00,0.00,165.74,0.00,0.00,2808,2795
72225C,LAVENDER SCENT CAKE CANDLE,165.60,0.00,0.00,165.60,0.00,0.00,2809,2796
23694,PAISLEY PARK CARD,165.08,0.00,0.00,165.08,0.00,0.00,2810,2798
22538,MINI JIGSAW GO TO THE FAIR,164.42,0.00,0.00,164.42,0.00,0.00,2811,2799
21698,MOCK LOBSTER FRIDGE MAGNET,164.17,0.00,0.00,164.17,0.00,0.00,2812,2800
90120B,BLUE MURANO TWIST BRACELET,164.12,0.00,0.00,164.12,0.00,0.00,2813,2801
90191,SILVER LARIAT 40CM,163.82,0.00,0.00,163.82,0.00,0.00,2814,2802
90209A,PURPLE ENAMEL+GLASS HAIR COMB,163.80,12.60,0.00,151.20,7.69,0.00,2815,2839
85145,JARDIN ETCHED GLASS LARGE BELL JAR,163.75,0.00,0.00,163.75,0.00,0.00,2816,2803
22871,NUMBER TILE COTTAGE GARDEN 3,163.35,0.00,0.00,163.35,0.00,0.00,2817,2805
16207A,PINK STRAWBERRY HANDBAG,163.10,0.00,0.00,163.10,0.00,0.00,2818,2808
22408,MONEY BOX CONFECTIONERY DESIGN,162.44,0.00,0.00,162.44,0.00,0.00,2819,2809
21100,CHARLIE AND LOLA CHARLOTTE BAG,162.21,0.00,0.00,162.21,0.00,0.00,2820,2810
84683,CLASSICAL ROSE CANDLESTAND,162.20,0.00,0.00,162.20,0.00,0.00,2821,2811
85114a,BLACK ENCHANTED FOREST PLACEMAT,161.70,0.00,0.00,161.70,0.00,0.00,2822,2812
21369,MIRRORED WALL ART SPLODGES,161.49,0.00,0.00,161.49,0.00,0.00,2823,2813
85027L,FRENCH CHATEAU LARGE PLATTER,160.50,9.75,0.00,150.75,6.07,0.00,2824,2845
84799,SPRIG LAVENDER ARTIFICIAL FLOWER,160.48,35.16,0.00,125.32,21.91,0.00,2825,2935
21344,MOROCCAN BEATEN METAL DISH,160.09,29.85,0.00,130.24,18.65,0.00,2826,2912
23305,SET 4 PICNIC CUTLERY BLUEBERRY,159.90,0.00,0.00,159.90,0.00,0.00,2827,2814
21030,SPACE CADET RED,159.70,0.00,0.00,159.70,0.00,0.00,2828,2815
84993A,75 GREEN PETIT FOUR CASES,159.69,0.00,0.00,159.69,0.00,0.00,2829,2816
90082B,DIAMANTE BOW BROOCH RED COLOUR,158.75,0.00,0.00,158.75,0.00,0.00,2830,2817
90014B,GOLD M PEARL  ORBIT NECKLACE,158.74,0.00,0.00,158.74,0.00,0.00,2831,2818
84247G,"DECOUPAGE,GREETING CARD,",158.63,0.00,0.00,158.63,0.00,0.00,2832,2819
90013C,GREEN VINTAGE EARRINGS,158.08,0.00,0.00,158.08,0.00,0.00,2833,2820
17038,PORCELAIN BUDAH INCENSE HOLDER,158.06,0.00,0.00,158.06,0.00,0.00,2834,2821
23417,BATHROOM HOOK,157.50,0.00,0.00,157.50,0.00,0.00,2835,2823
90134,OLD ROSE COMBO BEAD NECKLACE,157.50,0.00,0.00,157.50,0.00,0.00,2835,2823
84882,GREEN WIRE STANDING CANDLE HOLDER,157.34,0.00,0.00,157.34,0.00,0.00,2837,2825
35649,VINTAGE BEAD COSMETIC BAG,156.85,0.00,0.00,156.85,0.00,0.00,2838,2826
23468,TUSCAN VILLA BIRD TABLE,156.75,0.00,0.00,156.75,0.00,0.00,2839,2827
84673B,BLUE FLY SWAT,156.63,0.00,0.00,156.63,0.00,0.00,2840,2828
21349,IVY HEART WREATH,155.60,27.00,0.00,128.60,17.35,0.00,2841,2919
84508C,BLUE CIRCLES DESIGN TEDDY,154.95,0.00,0.00,154.95,0.00,0.00,2842,2829
44234,ASSORTED CIRCULAR MOBILE,154.77,0.42,0.00,154.35,0.27,0.00,2843,2831
84595E,LARGE TORTILLA DESIGN RED BOWL,154.68,3.29,0.00,151.39,2.13,0.00,2844,2838
23496,PANTRY KITCHEN THERMOMETER,154.52,0.00,0.00,154.52,0.00,0.00,2845,2830
21614,SET OF 12 ROSE BOTANICAL T-LIGHTS,153.29,0.00,0.00,153.29,0.00,0.00,2846,2832
84827,ASS DES PHONE SPONGE CRAFT STICKER,153.09,0.00,0.00,153.09,0.00,0.00,2847,2833
22353,LUNCH BOX WITH CUTLERY FAIRY CAKES,153.00,0.00,0.00,153.00,0.00,0.00,2848,2834
21145,ANTIQUE GLASS PLACE SETTING,152.50,0.00,0.00,152.50,0.00,0.00,2849,2835
90198B,VINTAGE ROSE BEAD BRACELET BLACK,152.40,0.00,0.00,152.40,0.00,0.00,2850,2836
72128,COLUMBIAN CANDLE ROUND,152.05,0.00,0.00,152.05,0.00,0.00,2851,2837
21401,BLUE PUDDING SPOON,151.19,0.00,0.00,151.19,0.00,0.00,2852,2840
22415,WHITE TISSUE REAM,151.05,0.00,0.00,151.05,0.00,0.00,2853,2841
85135A,YELLOW DRAGONFLY HELICOPTER,151.05,0.00,0.00,151.05,0.00,0.00,2853,2841
84877D,BLUE ROUND COMPACT MIRROR,150.93,0.00,0.00,150.93,0.00,0.00,2855,2843
22874,NUMBER TILE COTTAGE GARDEN 6,150.81,0.00,0.00,150.81,0.00,0.00,2856,2844
DCGSSBOY,BOYS PARTY BAG,150.55,0.00,0.00,150.55,0.00,0.00,2857,2846
21459,YELLOW EASTER EGG HUNT START POST,150.38,15.60,0.00,134.78,10.37,0.00,2858,2895
84629,WHITE 3 FRAME BIRDS AND TREE,150.00,4.95,0.00,145.05,3.30,0.00,2859,2863
84963B,BLUE PAINTED KASHMIRI CHAIR,149.85,0.00,0.00,149.85,0.00,0.00,2860,2847
90013B,BLACK VINTAGE EARRINGS,149.41,0.00,0.00,149.41,0.00,0.00,2861,2849
46000R,POLYESTER FILLER PAD 45x30cm,149.35,0.00,0.00,149.35,0.00,0.00,2862,2850
22875,NUMBER TILE COTTAGE GARDEN 7,149.09,0.00,0.00,149.09,0.00,0.00,2863,2851
90185D,CRYSTAL DIAMANTE EXPANDABLE RING,148.63,0.00,0.00,148.63,0.00,0.00,2864,2852
84576,BLUE CAT BISCUIT BARREL PINK HEART,148.32,0.00,0.00,148.32,0.00,0.00,2865,2853
21486,PINK HEART DOTS HOT WATER BOTTLE,147.88,0.00,0.00,147.88,0.00,0.00,2866,2854
82011B,BATHROOM SCALES RUBBER DUCKS,146.85,0.00,0.00,146.85,0.00,0.00,2867,2856
22886,NUMBER TILE VINTAGE FONT 7,146.43,0.00,0.00,146.43,0.00,0.00,2868,2857
84865,NEW BAROQUE BLACK PHOTO ALBUM,146.21,0.00,0.00,146.21,0.00,0.00,2869,2858
84870B,BLUE GEISHA GIRL,146.08,3.75,0.00,142.33,2.57,0.00,2870,2870
84870C,GREEN GEISHA GIRL,146.05,0.00,0.00,146.05,0.00,0.00,2871,2859
90116,FRUIT SALAD BAG CHARM,145.52,0.00,0.00,145.52,0.00,0.00,2872,2860
22873,NUMBER TILE COTTAGE GARDEN 5,145.50,0.00,0.00,145.50,0.00,0.00,2873,2861
47343A,FUSCHIA FLOWER PURSE WITH BEADS,145.17,0.00,0.00,145.17,0.00,0.00,2874,2862
22868,NUMBER TILE COTTAGE GARDEN 0,144.65,0.00,0.00,144.65,0.00,0.00,2875,2864
21738,COSY SLIPPER SHOES SMALL  RED,144.58,0.00,0.00,144.58,0.00,0.00,2876,2865
85118,HEART T-LIGHT HOLDER,144.52,16.25,0.00,128.27,11.24,0.00,2877,2922
DCGSSGIRL,GIRLS PARTY BAG,144.43,0.00,0.00,144.43,0.00,0.00,2878,2866
21082,SET/20 FRUIT SALAD PAPER NAPKINS,143.44,0.00,0.00,143.44,0.00,0.00,2879,2867
21368,MIRRORED WALL ART LADIES,143.28,0.00,0.00,143.28,0.00,0.00,2880,2868
84508B,STRIPES DESIGN TEDDY,142.80,15.30,0.00,127.50,10.71,0.00,2881,2925
20837,FRENCH FLORAL CUSHION COVER,142.47,0.00,0.00,142.47,0.00,0.00,2882,2869
37479P,CUBIC MUG FLOCK PINK ON BROWN,142.23,0.00,0.00,142.23,0.00,0.00,2883,2871
22033,BOTANICAL ROSE GREETING CARD,141.95,0.00,0.00,141.95,0.00,0.00,2884,2872
21117,BLOND DOLL DOORSTOP,141.75,0.00,0.00,141.75,0.00,0.00,2885,2873
20774,GREEN FERN NOTEBOOK,141.24,0.00,0.00,141.24,0.00,0.00,2886,2874
20661,BLUE POLKADOT PURSE,141.15,0.00,0.00,141.15,0.00,0.00,2887,2876
84796a,PINK HAWAIIAN PICNIC HAMPER FOR 2,141.11,0.00,0.00,141.11,0.00,0.00,2888,2877
20836,FRENCH PAISLEY CUSHION COVER,141.10,9.96,0.00,131.14,7.06,0.00,2889,2907
90164B,WHITE  ROSEBUD PEARL BRACELET,140.98,0.00,0.00,140.98,0.00,0.00,2890,2878
16054,POPART RECT PENCIL SHARPENER ASST,140.52,12.96,0.00,127.56,9.22,0.00,2891,2924
90170,DAISY HAIR BAND,140.33,19.80,0.00,120.53,14.11,0.00,2892,2946
84744,S/6 SEW ON CROCHET FLOWERS,140.02,0.00,0.00,140.02,0.00,0.00,2893,2879
22125,UNION JACK HOT WATER BOTTLE,139.86,0.00,0.00,139.86,0.00,0.00,2894,2880
23463,VINTAGE ZINC WATERING CAN,139.40,0.00,0.00,139.40,0.00,0.00,2895,2881
22876,NUMBER TILE COTTAGE GARDEN 8,138.81,0.00,0.00,138.81,0.00,0.00,2896,2882
75011,BLUE DAISY MOBILE,138.76,0.00,0.00,138.76,0.00,0.00,2897,2883
84192,ASSORTED COLOUR METAL CAT,138.75,0.00,0.00,138.75,0.00,0.00,2898,2884
35922,EASTER BUNNY WREATH,138.60,0.00,0.00,138.60,0.00,0.00,2899,2885
23304,SET 4 PICNIC CUTLERY CHERRY,138.45,0.00,0.00,138.45,0.00,0.00,2900,2886
79191B,RETRO PLASTIC POLKA TRAY,138.30,10.20,0.00,128.10,7.38,0.00,2901,2923
22877,NUMBER TILE COTTAGE GARDEN 9,138.11,1.95,0.00,136.16,1.41,0.00,2902,2890
90181B,AMETHYST GLASS/SHELL/PEARL NECKLACE,137.63,0.00,0.00,137.63,0.00,0.00,2903,2887
21736,GOLD SCROLL GLASS T-LIGHT HOLDER,137.22,1.17,0.00,136.05,0.85,0.00,2904,2891
20757,RED DAISY POCKET BOOK,136.64,0.00,0.00,136.64,0.00,0.00,2905,2888
21637,ASSORTED SANSKRIT MINI NOTEBOOK,136.25,0.00,0.00,136.25,0.00,0.00,2906,2889
20758,ABSTRACT CIRCLES POCKET BOOK,135.15,0.00,0.00,135.15,0.00,0.00,2907,2892
84660c,PINK STITCHED WALL CLOCK,134.92,0.00,0.00,134.92,0.00,0.00,2908,2893
90073,VINTAGE ENAMEL & CRYSTAL EARRINGS,134.70,0.00,0.00,134.70,0.00,0.00,2909,2896
90115,SUMMER BUTTERFLIES BAG CHARM,134.53,0.00,0.00,134.53,0.00,0.00,2910,2897
21943,CAKES AND RABBITS DESIGN FLANNEL,134.49,0.00,0.00,134.49,0.00,0.00,2911,2898
90028,NEW BAROQUE LARGE NECKLACE BLK/WHIT,134.16,0.00,0.00,134.16,0.00,0.00,2912,2899
46000U,POLYESTER FILLER PAD 30CMx30CM,133.75,0.00,0.00,133.75,0.00,0.00,2913,2900
72130,COLUMBIAN CANDLE ROUND,133.34,0.00,0.00,133.34,0.00,0.00,2914,2901
35921,EASTER BUNNY HANGING GARLAND,133.23,1.25,0.00,131.98,0.94,0.00,2915,2905
90208,PAIR OF PINK FLOWER CLUSTER SLIDE,132.70,15.30,0.00,117.40,11.53,0.00,2916,2963
62096A,PINK/YELLOW FLOWERS HANDBAG,132.50,0.00,0.00,132.50,0.00,0.00,2917,2902
21518,BANK ACCOUNT  GREETING  CARD,132.44,0.00,0.00,132.44,0.00,0.00,2918,2903
90210D,PURPLE ACRYLIC FACETED BANGLE,132.05,0.00,0.00,132.05,0.00,0.00,2919,2904
85039a,SET/4 RED MINI ROSE CANDLE IN BOWL,131.81,0.00,0.00,131.81,0.00,0.00,2920,2906
90185A,AMBER DIAMANTE EXPANDABLE RING,131.03,25.50,0.00,105.53,19.46,0.00,2921,3002
90164A,PINK ROSEBUD PEARL BRACELET,130.67,0.00,0.00,130.67,0.00,0.00,2922,2908
90210C,RED   ACRYLIC FACETED BANGLE,130.51,0.00,0.00,130.51,0.00,0.00,2923,2909
84510a,SET OF 4 ENGLISH ROSE COASTERS,130.48,0.00,0.00,130.48,0.00,0.00,2924,2910
37467,PIG MUG IN TWO COLOUR DESIGNS,130.27,0.00,0.00,130.27,0.00,0.00,2925,2911
90000D,COPPER/OLIVE GREEN FLOWER NECKLACE,129.85,0.00,0.00,129.85,0.00,0.00,2926,2913
21281,VINTAGE KITCHEN PRINT SEAFOOD,129.63,0.00,0.00,129.63,0.00,0.00,2927,2914
20823,GOLD WINE GOBLET,129.56,0.00,0.00,129.56,0.00,0.00,2928,2915
47590b,PINK HAPPY BIRTHDAY BUNTING,129.48,0.00,0.00,129.48,0.00,0.00,2929,2916
72799C,PINK PILLAR CANDLE SILVER FLOCK,129.47,0.00,0.00,129.47,0.00,0.00,2930,2917
21400,RED PUDDING SPOON,128.63,0.00,0.00,128.63,0.00,0.00,2931,2918
20826,SILVER APERITIF GLASS,128.40,0.00,0.00,128.40,0.00,0.00,2932,2920
35638B,PINK/BLUE STRING CURTAIN,128.33,0.00,0.00,128.33,0.00,0.00,2933,2921
90180A,BLACK+WHITE NECKLACE W TASSEL,127.24,0.00,0.00,127.24,0.00,0.00,2934,2926
85130A,BEADED PEARL HEART WHITE LARGE,127.05,0.00,0.00,127.05,0.00,0.00,2935,2927
79190D,RETRO PLASTIC DAISY TRAY,126.98,0.00,0.00,126.98,0.00,0.00,2936,2928
22887,NUMBER TILE VINTAGE FONT 8,126.78,0.00,0.00,126.78,0.00,0.00,2937,2929
23303,SET 4 PICNIC CUTLERY FONDANT,126.75,0.00,0.00,126.75,0.00,0.00,2938,2930
85067,CREAM SWEETHEART WALL CABINET,126.65,0.00,0.00,126.65,0.00,0.00,2939,2931
84846A,SCENTED CANDLE IN DIGITALIS TIN,126.04,0.00,0.00,126.04,0.00,0.00,2940,2932
23578,SNACK TRAY RED GINGHAM,125.72,0.00,0.00,125.72,0.00,0.00,2941,2933
84968a,SET OF 16 VINTAGE ROSE CUTLERY,125.33,0.00,0.00,125.33,0.00,0.00,2942,2934
22888,NUMBER TILE VINTAGE FONT 9,124.98,0.00,0.00,124.98,0.00,0.00,2943,2936
84228,HEN HOUSE W CHICK STANDING,124.09,0.42,0.00,123.67,0.34,0.00,2944,2937
23477,WOODLAND LARGE BLUE FELT HEART,123.47,0.00,0.00,123.47,0.00,0.00,2945,2938
37343,POLKADOT MUG PINK,123.30,0.00,0.00,123.30,0.00,0.00,2946,2939
90058A,CRYSTAL STUD EARRINGS CLEAR DISPLAY,123.12,13.68,0.00,109.44,11.11,0.00,2947,2989
84906,PINK B'FLY C/COVER W BOBBLES,123.02,1.95,0.00,121.07,1.59,0.00,2948,2943
90195A,PURPLE GEMSTONE BRACELET,122.84,0.00,0.00,122.84,0.00,0.00,2949,2940
90070,RUBY GLASS CLUSTER BRACELET,122.64,17.85,0.00,104.79,14.55,0.00,2950,3008
85086A,CANDY SPOT HEART DECORATION,122.08,0.00,0.00,122.08,0.00,0.00,2951,2941
90129B,TURQUOISE GLASS TASSLE BAG CHARM,121.38,0.00,0.00,121.38,0.00,0.00,2952,2942
37333,"RETRO ""TEA FOR ONE""",120.99,0.00,0.00,120.99,0.00,0.00,2953,2944
20845,ZINC HEART LATTICE 2 WALL PLANTER,120.65,0.00,0.00,120.65,0.00,0.00,2954,2945
21420,OYSTER TRINKET BOX,120.41,0.00,0.00,120.41,0.00,0.00,2955,2947
90173,PAIR BUTTERFLY HAIR CLIPS,120.34,0.00,0.00,120.34,0.00,0.00,2956,2948
90199C,5 STRAND GLASS NECKLACE CRYSTAL,120.29,6.35,0.00,113.94,5.28,0.00,2957,2972
23467,VINTAGE ZINC PLANTER,120.08,0.00,0.00,120.08,0.00,0.00,2958,2949
84800S,SMALL WHITE/PINK ROSE ART FLOWER,120.07,2.50,0.00,117.57,2.08,0.00,2959,2962
35972,DAISY FOLKART HEART DECORATION,120.00,0.00,0.00,120.00,0.00,0.00,2960,2950
90161A,ANT COPPER RED BOUDICCA BRACELET,119.91,0.00,0.00,119.91,0.00,0.00,2961,2951
90124B,BLUE MURANO TWIST NECKLACE,119.89,0.00,0.00,119.89,0.00,0.00,2962,2952
90003C,MIDNIGHT BLUE PAIR HEART HAIR SLIDE,119.84,15.00,0.00,104.84,12.52,0.00,2963,3005
90122C,TURQUOISE CRYSTAL+GLASS BRACELET,119.23,0.00,0.00,119.23,0.00,0.00,2964,2953
10080,GROOVY CACTUS INFLATABLE,119.09,0.00,0.00,119.09,0.00,0.00,2965,2954
84709B,PINK OVAL JEWELLED MIRROR,119.00,0.00,0.00,119.00,0.00,0.00,2966,2955
85114b,IVORY ENCHANTED FOREST PLACEMAT,118.86,0.00,0.00,118.86,0.00,0.00,2967,2956
21095,SET/6 POSIES PAPER PLATES,118.73,0.00,0.00,118.73,0.00,0.00,2968,2957
84507B,STRIPES DESIGN MONKEY DOLL,118.73,0.00,0.00,118.73,0.00,0.00,2968,2957
84569B,PACK 3 FIRE ENGINE/CAR PATCHES,118.40,0.00,0.00,118.40,0.00,0.00,2970,2959
21032,SPACE CADET WHITE,117.78,0.00,0.00,117.78,0.00,0.00,2971,2960
90184A,AMBER CHUNKY BEAD BRACELET W STRAP,117.73,0.00,0.00,117.73,0.00,0.00,2972,2961
90183A,AMBER DROP EARRINGS W LONG BEADS,117.24,17.70,0.00,99.54,15.10,0.00,2973,3026
84741C,CITRUS GARLAND FELT FLOWERS,117.00,0.00,0.00,117.00,0.00,0.00,2974,2964
72780,BLACK SILOUETTE CANDLE PLATE,116.45,0.00,0.00,116.45,0.00,0.00,2975,2965
51020A,SUMMER FUN DESIGN SHOWER CAP,116.33,0.58,0.00,115.75,0.50,0.00,2976,2967
72812,LARGE ZINC GLASS CANDLEHOLDER,116.06,0.00,0.00,116.06,0.00,0.00,2977,2966
84809A,WHITE CHRYSANTHEMUMS ART FLOWER,115.50,4.20,0.00,111.30,3.64,0.00,2978,2981
16052,TEATIME PUSH DOWN RUBBER,115.30,0.00,0.00,115.30,0.00,0.00,2979,2968
23185,FRENCH STYLE STORAGE JAR JAM,114.85,0.29,0.00,114.56,0.25,0.00,2980,2969
23151,ZINC SWEETHEART SOAP DISH,114.33,0.00,0.00,114.33,0.00,0.00,2981,2970
90130B,TURQ STONE/CRYSTAL EARRINGS,113.97,0.00,0.00,113.97,0.00,0.00,2982,2971
47518F,ICON PLACEMAT POP ART ELVIS,113.64,0.00,0.00,113.64,0.00,0.00,2983,2973
72801D,4 SKY BLUE DINNER CANDLES,113.21,0.00,0.00,113.21,0.00,0.00,2984,2974
20795,LARGE BLUE PROVENCAL CERAMIC BALL,113.05,12.60,0.00,100.45,11.15,0.00,2985,3022
84457,SET/3 RABBITS FLOWER SKIPPPING ROPE,112.56,0.00,0.00,112.56,0.00,0.00,2986,2975
90003D,CRYSTAL PAIR HEART HAIR SLIDES,112.26,15.00,0.00,97.26,13.36,0.00,2987,3035
90096,NECKLACE+BRACELET SET BLUE BLOSSOM,112.21,0.00,0.00,112.21,0.00,0.00,2988,2976
21678,PAISLEY PATTERN  STICKERS,111.86,0.00,0.00,111.86,0.00,0.00,2989,2978
21814,HEART T-LIGHT HOLDER,111.77,0.00,0.00,111.77,0.00,0.00,2990,2979
90214A,"LETTER ""A"" BLING KEY RING",111.66,0.00,0.00,111.66,0.00,0.00,2991,2980
90036E,"FLOWER GLASS GARLD NECKL36""AMETHYST",110.95,0.00,0.00,110.95,0.00,0.00,2992,2982
47503H,ASS FLORAL PRINT SPIRIT LEVEL,110.86,0.00,0.00,110.86,0.00,0.00,2993,2983
90185C,BLACK DIAMANTE EXPANDABLE RING,110.09,68.00,0.00,42.09,61.77,0.00,2994,3332
90125D,PURPLE BERTIE GLASS BEAD BAG CHARM,110.03,0.00,0.00,110.03,0.00,0.00,2995,2984
20731,POSY CANDY BAG,109.96,0.00,0.00,109.96,0.00,0.00,2996,2985
85167B,BLACK GRAND BAROQUE PHOTO FRAME,109.94,0.00,0.00,109.94,0.00,0.00,2997,2986
84925F,PSYCHEDELIC WALL THERMOMETER,109.93,0.00,0.00,109.93,0.00,0.00,2998,2987
90124C,GREEN MURANO TWIST NECKLACE,109.54,0.00,0.00,109.54,0.00,0.00,2999,2988
85096,HILDA CANDY SPOT RABBIT,109.23,0.00,0.00,109.23,0.00,0.00,3000,2990
20894,HANGING BAUBLE T-LIGHT HOLDER LARGE,108.71,0.00,0.00,108.71,0.00,0.00,3001,2991
21372,MIRRORED WALL ART TABLE LAMP,107.75,0.00,0.00,107.75,0.00,0.00,3002,2992
35916C,PINK FELT HANGING HEART W FLOWER,107.72,0.00,0.00,107.72,0.00,0.00,3003,2993
17090A,LAVENDER INCENSE 40 CONES IN TIN,107.45,0.00,0.00,107.45,0.00,0.00,3004,2994
85129C,BEADED CRYSTAL HEART BLUE SMALL,107.31,0.00,0.00,107.31,0.00,0.00,3005,2995
23626,SET 10 CARDS DINKY TREE 17076,107.07,0.00,0.00,107.07,0.00,0.00,3006,2996
90125A,PINK BERTIE GLASS BEAD BAG CHARM,106.24,0.00,0.00,106.24,0.00,0.00,3007,2997
35819B,"ACRYLIC HANGING JEWEL,BLUE",106.05,0.00,0.00,106.05,0.00,0.00,3008,2998
20657,TROPICAL LUGGAGE TAG,105.91,0.00,0.00,105.91,0.00,0.00,3009,2999
35818P,"ACRYLIC JEWEL ICICLE, PINK",105.83,0.00,0.00,105.83,0.00,0.00,3010,3000
20898,VINTAGE NOTEBOOK TRAVELOGUE,105.73,17.70,0.00,88.03,16.74,0.00,3011,3072
90016A,SILVER/M.O.P PENDANT ORBIT NECKLACE,105.71,0.00,0.00,105.71,0.00,0.00,3012,3001
85040a,S/4 PINK FLOWER CANDLES IN BOWL,105.28,0.00,0.00,105.28,0.00,0.00,3013,3003
21904,HOUSE WRECKING METAL SIGN,105.00,0.00,0.00,105.00,0.00,0.00,3014,3004
22039,BOTANICAL LILY GIFT WRAP,105.00,10.50,0.00,94.50,10.00,0.00,3015,3048
23574,PACKING CHARGE,105.00,15.00,0.00,90.00,14.29,0.00,3015,3062
35920,FOUR RABBIT EASTER DECORATIONS,104.84,0.00,0.00,104.84,0.00,0.00,3017,3005
84661C,PINK SQUARE TABLE CLOCK,104.84,0.00,0.00,104.84,0.00,0.00,3017,3005
84461,12 PINK HEN+CHICKS IN BASKET,104.55,15.30,0.00,89.25,14.63,0.00,3019,3064
90122A,PINK CRYSTAL+GLASS BRACELET,104.53,0.00,0.00,104.53,0.00,0.00,3020,3009
17084P,DRAGONS BLOOD INCENSE,104.44,0.00,0.00,104.44,0.00,0.00,3021,3010
20796,SMALL BLUE PROVENCAL CERAMIC BALL,103.94,0.00,0.00,103.94,0.00,0.00,3022,3011
79144B,PAINTED LIGHTBULB STAR+ MOON,103.23,0.00,0.00,103.23,0.00,0.00,3023,3012
90032,IVORY SHELL HEART NECKLACE,103.13,0.00,0.00,103.13,0.00,0.00,3024,3013
22879,NUMBER TILE VINTAGE FONT 0,102.46,0.00,0.00,102.46,0.00,0.00,3025,3014
90063A,WHITE VINT ART DECO CRYSTAL NECKLAC,102.00,0.00,0.00,102.00,0.00,0.00,3026,3015
90196A,PURPLE GEMSTONE NECKLACE 45CM,102.00,0.00,0.00,102.00,0.00,0.00,3026,3015
90148,LONG SILVER NECKLACE PASTEL FLOWER,101.73,12.75,0.00,88.98,12.53,0.00,3028,3067
20701,PINK CAT FLORAL CUSHION COVER,100.97,0.00,0.00,100.97,0.00,0.00,3029,3017
35637C,PINK STRING CURTAIN WITH POLE,100.86,0.00,0.00,100.86,0.00,0.00,3030,3018
16033,MINI HIGHLIGHTER PENS,100.80,0.00,0.00,100.80,0.00,0.00,3031,3019
35911B,PINK/FLOWER RABBIT EGG WARMER,100.76,0.00,0.00,100.76,0.00,0.00,3032,3020
21370,MIRRORED WALL ART FOXY,100.66,0.00,0.00,100.66,0.00,0.00,3033,3021
90010B,BLACK/WHITE GLASS/SILVER BRACELET,100.09,0.00,0.00,100.09,0.00,0.00,3034,3023
23611,SET 10 CARDS RED RIDING HOOD 17214,99.60,0.00,0.00,99.60,0.00,0.00,3035,3024
90081C,LILY BROOCH OLIVE COLOUR,99.60,0.00,0.00,99.60,0.00,0.00,3035,3024
22407,MONEY BOX FIRST ADE DESIGN,99.28,0.00,0.00,99.28,0.00,0.00,3037,3027
23464,VINTAGE ZINC WATERING CAN SMALL,99.20,0.00,0.00,99.20,0.00,0.00,3038,3028
17091A,LAVENDER INCENSE IN TIN,98.91,0.00,0.00,98.91,0.00,0.00,3039,3029
84510c,SET OF 4 POLKADOT COASTERS,98.70,0.00,0.00,98.70,0.00,0.00,3040,3030
84898F,YELLOW FLOWERS FELT HANDBAG KIT,98.63,0.00,0.00,98.63,0.00,0.00,3041,3031
79144C,PAINTED LIGHTBULB RAINBOW DESIGN,98.12,0.00,0.00,98.12,0.00,0.00,3042,3033
90101,WHITE FRANGIPANI NECKLACE,98.07,15.30,0.00,82.77,15.60,0.00,3043,3086
84723,CHERRY BLOSSOM CANVAS ART PICTURE,97.95,0.00,0.00,97.95,0.00,0.00,3044,3034
47369B,BLUE GREEN EMBROIDERY COSMETIC BAG,97.13,0.00,0.00,97.13,0.00,0.00,3045,3036
90185B,AMETHYST DIAMANTE EXPANDABLE RING,97.02,38.25,0.00,58.77,39.42,0.00,3046,3218
84806A,PINK CANDYSTUFT ARTIFICIAL FLOWER,96.89,0.00,0.00,96.89,0.00,0.00,3047,3037
90204,PAIR OF ENAMEL BUTTERFLY HAIRCLIP,96.86,13.40,0.00,83.46,13.83,0.00,3048,3081
84801A,PINK HYDRANGEA ART FLOWER,96.60,0.00,0.00,96.60,0.00,0.00,3049,3038
90019B,GOLD M.O.P ORBIT BRACELET,96.52,0.00,0.00,96.52,0.00,0.00,3050,3039
72801c,4 ROSE PINK DINNER CANDLES,95.94,0.00,0.00,95.94,0.00,0.00,3051,3040
21722,SWEET PUDDING STICKER SHEET,95.53,0.85,0.00,94.68,0.89,0.00,3052,3047
90174,BUTTERFLY HAIR BAND,95.42,30.60,0.00,64.82,32.07,0.00,3053,3179
21777,RECIPE BOX WITH METAL HEART,95.40,39.75,0.00,55.65,41.67,0.00,3054,3241
90036D,"FLOWER GLASS GARLAND NECKL.36""BLACK",95.35,0.00,0.00,95.35,0.00,0.00,3055,3041
90146,FINE SILVER NECKLACE W PASTEL FLOWE,95.35,0.00,0.00,95.35,0.00,0.00,3056,3042
90178A,AMBER CHUNKY GLASS+BEAD NECKLACE,95.25,0.00,0.00,95.25,0.00,0.00,3057,3043
20653,CHERRY BLOSSOM LUGGAGE TAG,95.18,0.00,0.00,95.18,0.00,0.00,3058,3044
84527,FLAMES SUNGLASSES PINK LENSES,95.10,0.00,0.00,95.10,0.00,0.00,3059,3045
84666,SQUARE CHERRY BLOSSOM CABINET,94.80,0.00,0.00,94.80,0.00,0.00,3060,3046
90133,TEAL/FUSCHIA COL BEAD NECKLACE,94.43,0.00,0.00,94.43,0.00,0.00,3061,3049
47369A,PINK GREEN EMBROIDERY COSMETIC BAG,93.19,0.00,0.00,93.19,0.00,0.00,3062,3050
20773,BLUE PAISLEY NOTEBOOK,92.40,0.00,0.00,92.40,0.00,0.00,3063,3051
82613A,"METAL SIGN,CUPCAKE SINGLE HOOK",92.38,0.00,0.00,92.38,0.00,0.00,3064,3052
90018B,GOLD M.O.P ORBIT DROP EARRINGS,92.28,0.00,0.00,92.28,0.00,0.00,3065,3053
35933,PINK STOCKING CHRISTMAS DECORATION,92.21,0.00,0.00,92.21,0.00,0.00,3066,3054
85132a,CHARLIE + LOLA BISCUITS TINS,92.20,0.00,0.00,92.20,0.00,0.00,3067,3055
82615,PINK MARSHMALLOW SCARF KNITTING KIT,91.80,0.00,0.00,91.80,0.00,0.00,3068,3056
90030C,BROWN KUKUI COCONUT SEED NECKLACE,91.70,0.00,0.00,91.70,0.00,0.00,3069,3057
90175B,PINK GLASS CHUNKY CHARM BRACELET,91.68,0.00,0.00,91.68,0.00,0.00,3070,3058
20662,FIRST CLASS HOLIDAY PURSE,90.42,0.00,0.00,90.42,0.00,0.00,3071,3059
85230F,JASMINE VOTIVE CANDLE,90.34,0.00,0.00,90.34,0.00,0.00,3072,3060
90163A,PINK ROSEBUD & PEARL NECKLACE,90.32,0.00,0.00,90.32,0.00,0.00,3073,3061
90022,EDWARDIAN DROP EARRINGS JET BLACK,90.20,15.00,0.00,75.20,16.63,0.00,3074,3119
72051S,BAG OF SILVER STONES,89.53,0.00,0.00,89.53,0.00,0.00,3075,3063
35400,WOODEN BOX ADVENT CALENDAR,89.50,135.20,0.00,-45.70,151.06,0.00,3076,3918
20892,SET/3 TALL GLASS CANDLE HOLDER PINK,89.22,0.00,0.00,89.22,0.00,0.00,3077,3065
90123A,PINK HEART OF GLASS BRACELET,89.12,0.00,0.00,89.12,0.00,0.00,3078,3066
35833P,4 PINK FLOCK CHRISTMAS BALLS,88.47,0.00,0.00,88.47,0.00,0.00,3079,3068
84984A,GREEN PEONY CUSHION COVER,88.35,0.00,0.00,88.35,0.00,0.00,3080,3069
84306,S/3 PINK SQUARE PLANTERS ROSES,88.22,0.00,0.00,88.22,0.00,0.00,3081,3070
90166,PINK & WHITE ROSEBUD RING,88.04,0.00,0.00,88.04,0.00,0.00,3082,3071
90129F,RED GLASS TASSLE BAG CHARM,88.03,0.00,0.00,88.03,0.00,0.00,3083,3072
84989a,75 GREEN FAIRY CAKE CASES,87.51,0.00,0.00,87.51,0.00,0.00,3084,3074
20869,GOLD FABRIC MIRROR,86.76,0.00,0.00,86.76,0.00,0.00,3085,3075
21038,SET/4 MODERN VINTAGE COTTON NAPKINS,86.75,5.90,0.00,80.85,6.80,0.00,3086,3095
23614,SET 10 CARDS 12 DAYS WRAP  17058,86.58,0.00,0.00,86.58,0.00,0.00,3087,3076
90003E,GREEN PAIR HEART HAIR SLIDES,86.11,15.00,0.00,71.11,17.42,0.00,3088,3138
84531B,BLUE KNITTED EGG COSY,85.61,0.00,0.00,85.61,0.00,0.00,3089,3077
79403,FROSTED WHITE BASE,85.52,0.00,0.00,85.52,0.00,0.00,3090,3078
75172,PAINTED SEA SHELL METAL WINDCHIME,85.31,0.00,0.00,85.31,0.00,0.00,3091,3079
20901,VINTAGE KEEPSAKE BOX PINK FLOWER,85.13,12.70,0.00,72.43,14.92,0.00,3092,3132
20821,GOLDIE LOOKING MIRROR,84.15,59.40,0.00,24.75,70.59,0.00,3093,3501
16169K,WRAP FOLK ART,84.00,0.00,0.00,84.00,0.00,0.00,3094,3080
20941,FROG CANDLE,83.78,2.50,0.00,81.28,2.98,0.00,3095,3093
90072,RUBY DROP CHANDELIER EARRINGS,83.42,0.00,0.00,83.42,0.00,0.00,3096,3082
90123C,GREEN HEART OF GLASS BRACELET,83.29,0.00,0.00,83.29,0.00,0.00,3097,3083
23442,12 HANGING EGGS HAND PAINTED,83.20,0.00,0.00,83.20,0.00,0.00,3098,3084
90129A,PINK GLASS TASSLE BAG CHARM,82.98,0.00,0.00,82.98,0.00,0.00,3099,3085
84881,BLUE WIRE SPIRAL CANDLE HOLDER,82.57,6.35,0.00,76.22,7.69,0.00,3100,3115
21690,SILVER  CANDLEPOT JARDIN,82.50,0.00,0.00,82.50,0.00,0.00,3101,3087
35638A,PINK AND BLACK STRING CURTAIN,82.10,0.00,0.00,82.10,0.00,0.00,3102,3088
35968,FOLK ART METAL HEART T-LIGHT HOLDER,82.10,0.00,0.00,82.10,0.00,0.00,3102,3088
16049,TEATIME GEL PENS ASST,82.08,0.00,0.00,82.08,0.00,0.00,3104,3090
90108,BLUE BLOSSOM HAIR CLIP,81.96,10.50,0.00,71.46,12.81,0.00,3105,3134
20664,TROPICAL HOLIDAY PURSE,81.66,0.00,0.00,81.66,0.00,0.00,3106,3091
71496A,A4 WALL TIDY BLUE OFFICE,80.96,0.00,0.00,80.96,0.00,0.00,3107,3094
21226,POCKET MIRROR WOODLAND,80.55,0.00,0.00,80.55,0.00,0.00,3108,3096
90175C,BLUE GLASS CHUNKY CHARM BRACELET,80.55,0.00,0.00,80.55,0.00,0.00,3108,3096
84249A,"GREETING CARD,SQUARE, DOUGHNUTS",80.46,0.00,0.00,80.46,0.00,0.00,3110,3098
84927E,FLOWERS TILE HOOK,80.16,4.20,0.00,75.96,5.24,0.00,3111,3117
90129C,GREEN GLASS TASSLE BAG CHARM,79.76,0.00,0.00,79.76,0.00,0.00,3112,3099
90124A,PINK MURANO TWIST NECKLACE,79.66,0.00,0.00,79.66,0.00,0.00,3113,3100
90162B,ANT SILVER LIME GREEN BOUDICCA RING,79.65,2.95,0.00,76.70,3.70,0.00,3114,3109
84984B,RED PEONY CUSHION COVER,79.05,0.00,0.00,79.05,0.00,0.00,3115,3101
21278,VINTAGE KITCHEN PRINT PUDDINGS,79.05,0.00,0.00,79.05,0.00,0.00,3116,3102
72811,SMALL ZINC/GLASS CANDLEHOLDER,78.93,0.00,0.00,78.93,0.00,0.00,3117,3103
90039D,FIRE POLISHED GLASS BRACELET GREEN,78.69,0.00,0.00,78.69,0.00,0.00,3118,3104
37479B,CUBIC MUG FLOCK BLUE ON BROWN,78.09,0.00,0.00,78.09,0.00,0.00,3119,3105
90000A,RASPBERRY ANT COPPER FLOWER NECKLAC,77.91,0.00,0.00,77.91,0.00,0.00,3120,3106
90086,CRYSTAL FROG PHONE CHARM,77.79,0.00,0.00,77.79,0.00,0.00,3121,3107
90129E,PURPLE GLASS TASSLE BAG CHARM,77.04,0.00,0.00,77.04,0.00,0.00,3122,3108
20980,36 PENCILS TUBE POSY,76.91,11.25,0.00,65.66,14.63,0.00,3123,3176
84531A,PINK KNITTED EGG COSY,76.69,0.00,0.00,76.69,0.00,0.00,3124,3110
35916B,BLUE FELT HANGING HEART WITH FLOWER,76.68,0.00,0.00,76.68,0.00,0.00,3125,3111
46000P,POLYESTER FILLER PAD 65CMx65CM,76.50,0.00,0.00,76.50,0.00,0.00,3126,3112
84840,SWEETHEART CARRY-ALL BASKET,76.44,17.00,0.00,59.44,22.24,0.00,3127,3214
90099,NECKLACE+BRACELET SET BLUE HIBISCUS,76.38,0.00,0.00,76.38,0.00,0.00,3128,3113
90063B,BLACK VINT ART DEC CRYSTAL NECKLACE,76.32,0.00,0.00,76.32,0.00,0.00,3129,3114
90177C,DROP DIAMANTE EARRINGS CRYSTAL,76.23,17.70,0.00,58.53,23.22,0.00,3130,3222
16207B,PINK HEART RED HANDBAG,76.14,0.00,0.00,76.14,0.00,0.00,3131,3116
20798,CLEAR MILKSHAKE GLASS,75.60,6.60,0.00,69.00,8.73,0.00,3132,3154
21946,PARTY TIME DESIGN FLANNEL,75.35,0.00,0.00,75.35,0.00,0.00,3133,3118
21413,PERIWINKLE T-LIGHT HOLDER,75.02,0.00,0.00,75.02,0.00,0.00,3134,3120
84847,FLORAL BATHROOM SET,75.00,0.00,0.00,75.00,0.00,0.00,3135,3121
84968d,SET OF 16 VINTAGE RED CUTLERY,74.88,0.00,0.00,74.88,0.00,0.00,3136,3122
84251G,"GREETING CARD, OVERCROWDED POOL.",74.70,0.00,0.00,74.70,0.00,0.00,3137,3123
90118,PINK DAISY BAG CHARM,74.64,15.30,0.00,59.34,20.50,0.00,3138,3216
85132b,CHARLIE AND LOLA TABLE TINS,74.61,0.00,0.00,74.61,0.00,0.00,3139,3124
85198,ASSORTED FARMYARD ANIMALS IN BUCKET,74.58,0.00,0.00,74.58,0.00,0.00,3140,3125
21087,SET/6 POSIES PAPER CUPS,74.57,0.00,0.00,74.57,0.00,0.00,3141,3126
90059A,DIAMANTE HAIR GRIP PACK/2 CRYSTAL,74.53,9.90,0.00,64.63,13.28,0.00,3142,3181
90081A,LILY BROOCH AMETHYST COLOUR,74.25,0.00,0.00,74.25,0.00,0.00,3143,3127
90098,NECKLACE+BRACELET PINK BUTTERFLY,73.95,15.30,0.00,58.65,20.69,0.00,3144,3220
90177D,DROP DIAMANTE EARRINGS PURPLE,73.53,17.70,0.00,55.83,24.07,0.00,3145,3239
90214C,"LETTER ""C"" BLING KEY RING",72.77,0.00,0.00,72.77,0.00,0.00,3146,3128
90103,PURPLE FRANGIPANI NECKLACE,72.66,0.00,0.00,72.66,0.00,0.00,3147,3129
84231,EASTER BUNNY WITH BASKET ON BACK,72.63,0.00,0.00,72.63,0.00,0.00,3148,3130
20960,WATERMELON BATH SPONGE,72.49,0.00,0.00,72.49,0.00,0.00,3149,3131
90030A,SPOTTED WHITE NATURAL SEED NECKLACE,72.00,0.00,0.00,72.00,0.00,0.00,3150,3133
85197,SET OF 12 MINI BUNNIES IN A BUCKET,71.40,0.00,0.00,71.40,0.00,0.00,3151,3135
90036C,"FLOWER GLASS GARLAND NECKL.36""BLUE",71.40,0.00,0.00,71.40,0.00,0.00,3151,3135
17014A,ORIGAMI VANILLA INCENSE CONES,71.19,0.00,0.00,71.19,0.00,0.00,3153,3137
20933,YELLOW POT PLANT CANDLE,71.05,0.00,0.00,71.05,0.00,0.00,3154,3139
90214S,"LETTER ""S"" BLING KEY RING",71.00,0.00,0.00,71.00,0.00,0.00,3155,3140
90211A,DIAMOND LAS VEGAS NECKLACE 45CM,70.97,0.00,0.00,70.97,0.00,0.00,3156,3141
47589,CONGRATULATIONS BUNTING,70.85,0.00,0.00,70.85,0.00,0.00,3157,3142
84251B,"GREETING CARD, STICKY GORDON",70.78,2.28,0.00,68.50,3.22,0.00,3158,3157
51020B,STRIPY DESIGN SHOWER CAP,70.57,0.29,0.00,70.28,0.41,0.00,3159,3143
84927A,WAKE UP COCKEREL TILE HOOK,70.45,0.39,0.00,70.06,0.55,0.00,3160,3146
85026B,EAU DE NILE JEWELLED T-LIGHT HOLDER,70.27,0.00,0.00,70.27,0.00,0.00,3161,3144
90051,CRACKED GLAZE NECKLACE RED,70.16,0.00,0.00,70.16,0.00,0.00,3162,3145
16161G,WRAP BAD HAIR DAY,70.00,0.00,0.00,70.00,0.00,0.00,3163,3147
16020C,CLEAR STATIONERY BOX SET,69.90,0.00,0.00,69.90,0.00,0.00,3164,3148
90125C,TURQUOISE BERTIE GLASS BEAD CHARM,69.85,0.00,0.00,69.85,0.00,0.00,3165,3149
46126A,ELVIS WALLHANGING / CURTAIN,69.84,0.00,0.00,69.84,0.00,0.00,3166,3150
90199A,5 STRAND GLASS NECKLACE BLACK,69.63,0.00,0.00,69.63,0.00,0.00,3167,3151
84549,CROCHET WHITE RABBIT KEYRING,69.38,0.00,0.00,69.38,0.00,0.00,3168,3152
81952V,ROUND PURPLE CLOCK WITH SUCKER,69.35,0.00,0.00,69.35,0.00,0.00,3169,3153
90019C,SILVER BLACK ORBIT BRACELET,68.73,0.00,0.00,68.73,0.00,0.00,3170,3155
85188B,PINK METAL SWINGING BUNNY,68.70,0.00,0.00,68.70,0.00,0.00,3171,3156
90151,SILVER/NATURAL SHELL NECKLACE,68.00,0.00,0.00,68.00,0.00,0.00,3172,3158
90194,SILVER LARIAT BLACK STONE EARRINGS,67.87,0.00,0.00,67.87,0.00,0.00,3173,3159
90000B,MIDNIGHT BLUE COPPER FLOWER NECKLAC,67.83,0.00,0.00,67.83,0.00,0.00,3174,3160
90155,RESIN NECKLACE W PASTEL BEADS,67.62,0.00,0.00,67.62,0.00,0.00,3175,3161
84874B,BLUE TRAVEL FIRST AID KIT,67.51,0.00,0.00,67.51,0.00,0.00,3176,3162
82011A,"BATHROOM SCALES, TROPICAL BEACH",67.50,0.00,0.00,67.50,0.00,0.00,3177,3163
85049B,LUSH GREENS RIBBONS,67.50,0.00,0.00,67.50,0.00,0.00,3177,3163
35916A,YELLOW FELT HANGING HEART W FLOWER,67.39,0.00,0.00,67.39,0.00,0.00,3179,3165
90144,SILVER DROP EARRINGS WITH FLOWER,67.36,0.00,0.00,67.36,0.00,0.00,3180,3166
90024B,NEW BAROQUE B'FLY NECKLACE RED,67.28,17.00,0.00,50.28,25.27,0.00,3181,3273
90040B,MURANO STYLE GLASS BRACELET BLACK,66.70,0.00,0.00,66.70,0.00,0.00,3182,3167
35819P,"ACRYLIC HANGING JEWEL,PINK",66.55,0.00,0.00,66.55,0.00,0.00,3183,3168
84686,BEACH HUT MIRROR,66.39,0.00,0.00,66.39,0.00,0.00,3184,3169
17011F,ORIGAMI SANDLEWOOD INCENSE+FLOWER,66.36,0.00,0.00,66.36,0.00,0.00,3185,3170
37444A,YELLOW BREAKFAST CUP AND SAUCER,66.35,0.00,0.00,66.35,0.00,0.00,3186,3171
72807a,SET/3 ROSE CANDLE IN JEWELLED BOX,66.32,0.00,0.00,66.32,0.00,0.00,3187,3172
20663,QUEEN OF THE SKIES HOLIDAY PURSE,66.26,0.00,0.00,66.26,0.00,0.00,3188,3173
85008,SET OF 3 CONEY ISLAND OVAL BOXES,66.12,0.00,0.00,66.12,0.00,0.00,3189,3174
20835,FRENCH LATTICE CUSHION COVER,65.80,0.00,0.00,65.80,0.00,0.00,3190,3175
90214L,"LETTER ""L"" BLING KEY RING",65.04,0.00,0.00,65.04,0.00,0.00,3191,3177
84247K,"FOLK ART GREETING CARD,pack/12",64.90,32.45,0.00,32.45,50.00,0.00,3192,3418
84247N,PACK/12 BLUE FOLKART CARDS,64.90,0.00,0.00,64.90,0.00,0.00,3192,3178
84859B,BLUE DISCO HANDBAG,64.81,0.00,0.00,64.81,0.00,0.00,3194,3180
90186B,CRYSTAL HOOP EARRING FLORAL LEAF,64.58,0.00,0.00,64.58,0.00,0.00,3195,3182
90202D,PINK ENAMEL FLOWER HAIR TIE,64.46,17.70,0.00,46.76,27.46,0.00,3196,3303
90202A,PURPLE ENAMEL FLOWER HAIR TIE,64.28,17.70,0.00,46.58,27.54,0.00,3197,3305
21031,SPACE CADET BLACK,64.24,0.00,0.00,64.24,0.00,0.00,3198,3183
90036F,"FLOWER GLASS GARLD NECKL36""TURQUOIS",64.08,0.00,0.00,64.08,0.00,0.00,3199,3184
90181A,AMBER GLASS/SHELL/PEARL NECKLACE,64.04,0.00,0.00,64.04,0.00,0.00,3200,3185
21692,SILVER LATTICE VANILLA CANDLE POT,63.75,0.00,0.00,63.75,0.00,0.00,3201,3186
84875D,BLUE SQUARE COMPACT MIRROR,63.75,0.00,0.00,63.75,0.00,0.00,3201,3186
84673A,PINK FLY SWAT,63.72,0.00,0.00,63.72,0.00,0.00,3203,3188
72133,COLUMBIAN CANDLE RECTANGLE,63.51,0.00,0.00,63.51,0.00,0.00,3204,3189
90196B,BLACK GEMSTONE NECKLACE 45CM,63.48,0.00,0.00,63.48,0.00,0.00,3205,3190
35815P,"ACRYLIC JEWEL SNOWFLAKE, PINK",63.28,0.00,0.00,63.28,0.00,0.00,3206,3191
62094B,TURQ ICE CREAM BUM BAG,63.21,0.00,0.00,63.21,0.00,0.00,3207,3192
90141A,GREEN PENDANT TRIPLE SHELL NECKLACE,63.11,0.00,0.00,63.11,0.00,0.00,3208,3193
22145,CHRISTMAS CRAFT HEART STOCKING,63.00,0.00,0.00,63.00,0.00,0.00,3209,3194
84452,METAL RABBIT LADDER EASTER,62.90,3.40,0.00,59.50,5.41,0.00,3210,3213
17012E,ORIGAMI OPIUM INCENSE/CANDLE SET,62.64,0.00,0.00,62.64,0.00,0.00,3211,3195
40046A,RED DAISY PAPER LAMPSHADE,62.50,0.00,0.00,62.50,0.00,0.00,3212,3196
84760S,SMALL HANGING GLASS+ZINC LANTERN,62.35,0.00,0.00,62.35,0.00,0.00,3213,3197
72351a,SET/6 TURQUOISE BUTTERFLY T-LIGHTS,62.27,0.00,0.00,62.27,0.00,0.00,3214,3198
85160B,BLACK BIRD GARDEN DESIGN MUG,62.24,0.78,0.00,61.46,1.25,0.00,3215,3203
84247L,FAWN AND MUSHROOM GREETING CARD,62.06,0.00,0.00,62.06,0.00,0.00,3216,3199
20848,ZINC HEART LATTICE CHARGER SMALL,61.95,0.00,0.00,61.95,0.00,0.00,3217,3200
90210B,CLEAR ACRYLIC FACETED BANGLE,61.56,0.00,0.00,61.56,0.00,0.00,3218,3201
90087,CRYSTAL SEA HORSE PHONE CHARM,61.46,0.00,0.00,61.46,0.00,0.00,3219,3202
16151A,FLOWERS HANDBAG blue and orange,61.25,0.00,0.00,61.25,0.00,0.00,3220,3204
90183B,AMETHYST DROP EARRINGS W LONG BEADS,61.08,0.00,0.00,61.08,0.00,0.00,3221,3205
71495B,CD WALL TIDY RED FLOWERS,61.05,0.00,0.00,61.05,0.00,0.00,3222,3206
21655,HANGING RIDGE GLASS T-LIGHT HOLDER,60.84,60.84,0.00,0.00,100.00,0.00,3223,3898
90214K,"LETTER ""K"" BLING KEY RING",60.70,0.00,0.00,60.70,0.00,0.00,3224,3207
84984D,ORIENTAL RED CUSHION COVER,60.45,0.00,0.00,60.45,0.00,0.00,3225,3208
84805A,CREAM CLIMBING HYDRANGA ART FLOWER,60.00,0.00,0.00,60.00,0.00,0.00,3226,3209
90031,BILI NUT AND WOOD NECKLACE,59.89,0.00,0.00,59.89,0.00,0.00,3227,3210
90206A,GOLD DIAMANTE STAR BROOCH,59.80,0.00,0.00,59.80,0.00,0.00,3228,3211
23629,SET 10 CARDS DRESSING UP 17077,59.76,0.00,0.00,59.76,0.00,0.00,3229,3212
84985A,SET OF 72 GREEN PAPER DOILIES,59.45,7.25,0.00,52.20,12.20,0.00,3230,3265
21910,WAY OUT METAL SIGN,59.40,0.00,0.00,59.40,0.00,0.00,3231,3215
79071B,ENGLISH ROSE METAL WASTE BIN,59.00,0.00,0.00,59.00,0.00,0.00,3232,3217
90202C,GREEN ENAMEL FLOWER HAIR TIE,58.71,17.70,0.00,41.01,30.15,0.00,3233,3350
20760,GARDEN PATH POCKET BOOK,58.65,0.00,0.00,58.65,0.00,0.00,3234,3219
84798A,PINK FOXGLOVE ARTIIFCIAL FLOWER,58.65,30.60,0.00,28.05,52.17,0.00,3234,3464
72134,COLUMBIAN  CUBE CANDLE,58.62,0.00,0.00,58.62,0.00,0.00,3236,3221
90190C,SILVER/AMETHYST DROP EARRINGS LEAF,58.43,0.00,0.00,58.43,0.00,0.00,3237,3223
84877A,PINK ROUND COMPACT MIRROR,58.16,0.00,0.00,58.16,0.00,0.00,3238,3224
90082D,DIAMANTE BOW BROOCH BLACK COLOUR,58.03,0.00,0.00,58.03,0.00,0.00,3239,3225
72802a,ROSE SCENT CANDLE IN JEWELLED BOX,58.03,0.00,0.00,58.03,0.00,0.00,3240,3226
71406C,BLACK ORANGE SQUEEZER,57.96,0.00,0.00,57.96,0.00,0.00,3241,3227
90210A,GREY ACRYLIC FACETED BANGLE,57.55,0.00,0.00,57.55,0.00,0.00,3242,3228
84466,TOP SECRET PEN SET,57.50,0.00,0.00,57.50,0.00,0.00,3243,3229
84597C,RETRO PINK BALL ASHTRAY,57.50,0.00,0.00,57.50,0.00,0.00,3243,3229
72801G,4 BURGUNDY WINE DINNER CANDLES,57.46,0.00,0.00,57.46,0.00,0.00,3245,3231
85006,SET 4 NURSERY DES ROUND BOXES,57.25,0.00,0.00,57.25,0.00,0.00,3246,3232
90214J,"LETTER ""J"" BLING KEY RING",57.21,0.00,0.00,57.21,0.00,0.00,3247,3233
21460,GREEN EASTER EGG HUNT START POST,56.78,0.00,0.00,56.78,0.00,0.00,3248,3234
90199B,5 STRAND GLASS NECKLACE AMETHYST,56.59,0.00,0.00,56.59,0.00,0.00,3249,3235
44236,PINK/PURPLE CIRCLE CURTAIN,56.52,0.00,0.00,56.52,0.00,0.00,3250,3236
90003B,ROSE COLOUR PAIR HEART HAIR SLIDES,56.31,15.00,0.00,41.31,26.64,0.00,3251,3341
47341B,BLUE TABLE RUN FLOWER,56.25,0.00,0.00,56.25,0.00,0.00,3252,3237
90038A,GLASS AND PAINTED BEADS BRACELET TO,56.15,0.00,0.00,56.15,0.00,0.00,3253,3238
90050,CRACKED GLAZE NECKLACE IVORY,55.72,13.90,0.00,41.82,24.95,0.00,3254,3335
84679,CLASSICAL ROSE TABLE LAMP,55.70,0.00,0.00,55.70,0.00,0.00,3255,3240
16046,TEATIME PEN CASE & PENS,55.25,0.00,0.00,55.25,0.00,0.00,3256,3242
90023,FILIGREE DIAMANTE EARRINGS,55.02,0.00,0.00,55.02,0.00,0.00,3257,3243
84750B,BLACK SMALL GLASS CAKE STAND,54.99,0.39,0.00,54.60,0.71,0.00,3258,3245
90071,RUBY GLASS CLUSTER EARRINGS,54.62,0.00,0.00,54.62,0.00,0.00,3259,3244
72132,COLUMBIAN CUBE CANDLE,54.60,0.00,0.00,54.60,0.00,0.00,3260,3246
21336,GOLD WASHBAG,54.57,0.00,0.00,54.57,0.00,0.00,3261,3247
90040C,MURANO STYLE GLASS BRACELET GOLD,54.42,0.00,0.00,54.42,0.00,0.00,3262,3248
20759,CHRYSANTHEMUM POCKET BOOK,54.40,0.00,0.00,54.40,0.00,0.00,3263,3249
90040A,MURANO STYLE GLASS BRACELET RED,54.29,0.00,0.00,54.29,0.00,0.00,3264,3250
20793,BLUE TILED TRAY,54.00,33.75,0.00,20.25,62.50,0.00,3265,3547
79323B,BLACK CHERRY LIGHTS,54.00,54.00,0.00,0.00,100.00,0.00,3265,3898
84251C,"GREETING CARD, TWO SISTERS.",53.88,0.00,0.00,53.88,0.00,0.00,3267,3251
90012A,MIDNIGHT BLUE DROP CRYSTAL NECKLACE,53.76,0.00,0.00,53.76,0.00,0.00,3268,3252
90035A,"PEARL & SHELL 42""NECKL. GREEN",53.62,0.00,0.00,53.62,0.00,0.00,3269,3253
20851,ZINC HEART LATTICE TRAY OVAL,53.55,0.00,0.00,53.55,0.00,0.00,3270,3254
20756,GREEN FERN POCKET BOOK,53.55,0.00,0.00,53.55,0.00,0.00,3271,3255
47586A,PINK FAIRY CAKE CUSHION COVER,53.55,0.00,0.00,53.55,0.00,0.00,3271,3255
90123B,TURQUOISE HEART OF GLASS BRACELET,53.42,0.00,0.00,53.42,0.00,0.00,3273,3257
90211B,JET BLACK LAS VEGAS NECKLACE 45CM,53.26,11.90,0.00,41.36,22.34,0.00,3274,3340
90214E,"LETTER ""E"" BLING KEY RING",53.20,0.00,0.00,53.20,0.00,0.00,3275,3258
20857,BLUE ROSE PATCH PURSE PINK BUTTERFL,52.80,24.75,0.00,28.05,46.88,0.00,3276,3465
90163B,WHITE ROSEBUD & PEARL NECKLACE,52.72,0.00,0.00,52.72,0.00,0.00,3277,3259
90168,2 DAISIES HAIR COMB,52.56,17.70,0.00,34.86,33.68,0.00,3278,3402
84805B,BLUE CLIMBING HYDRANGA ART FLOWER,52.50,0.00,0.00,52.50,0.00,0.00,3279,3260
84842,HELLO SAILOR BATHROOM SET,52.50,0.00,0.00,52.50,0.00,0.00,3279,3260
90176D,DIAMANTE NECKLACE PURPLE,52.50,7.50,0.00,45.00,14.29,0.00,3279,3311
90138,WHITE/PINK MINI CRYSTALS NECKLACE,52.42,0.00,0.00,52.42,0.00,0.00,3282,3262
90141C,TURQ PENDANT TRIPLE SHELL NECKLACE,52.31,0.00,0.00,52.31,0.00,0.00,3283,3263
35265,COLOURFUL FLOWER FRUIT BOWL,52.20,0.00,0.00,52.20,0.00,0.00,3284,3264
84927D,LA PALMIERA TILE HOOK,51.86,4.20,0.00,47.66,8.10,0.00,3285,3297
85028S,FRENCH CHATEAU SMALL FRUITBOWL,51.60,0.00,0.00,51.60,0.00,0.00,3286,3266
90205A,LARGE MINT DIAMANTE HAIRSLIDE,51.51,0.00,0.00,51.51,0.00,0.00,3287,3267
84597B,RETRO BROWN BALL ASHTRAY,51.25,0.00,0.00,51.25,0.00,0.00,3288,3268
20910,VINTAGE PHOTO ALBUM PARIS DAYS,50.80,0.00,0.00,50.80,0.00,0.00,3289,3269
84534B,FAIRY CAKE NOTEBOOK A5 SIZE,50.72,0.00,0.00,50.72,0.00,0.00,3290,3270
17007B,S/3 POT POURI CUSHIONS BLUE COLOURS,50.40,0.00,0.00,50.40,0.00,0.00,3291,3271
90018C,SILVER BLACK ORBIT DROP EARRINGS,50.40,4.25,0.00,46.15,8.43,0.00,3291,3308
47348A,FUSCHIA VOILE POINTY SHOE DEC,50.31,0.00,0.00,50.31,0.00,0.00,3293,3272
44242B,PINK FEATHERS CURTAIN,50.28,0.00,0.00,50.28,0.00,0.00,3294,3273
90214D,"LETTER ""D"" BLING KEY RING",49.90,0.00,0.00,49.90,0.00,0.00,3295,3275
90214M,"LETTER ""M"" BLING KEY RING",49.82,0.00,0.00,49.82,0.00,0.00,3296,3276
90180B,PURPLE AMETHYST NECKLACE W TASSEL,49.81,0.00,0.00,49.81,0.00,0.00,3297,3277
23603,SET 10 CARD KRAFT REINDEER 17084,49.80,0.00,0.00,49.80,0.00,0.00,3298,3278
90079,VINTAGE ENAMEL & CRYSTAL NECKLACE,49.76,0.00,0.00,49.76,0.00,0.00,3299,3279
20667,CHERRY BLOSSOM PURSE,49.69,0.00,0.00,49.69,0.00,0.00,3300,3280
90202B,WHITE ENAMEL FLOWER HAIR TIE,49.65,17.70,0.00,31.95,35.65,0.00,3301,3423
90142D,MOP PENDANT SHELL NECKLACE,49.64,0.00,0.00,49.64,0.00,0.00,3302,3281
90157,RIVIERA NECKLACE,49.59,0.00,0.00,49.59,0.00,0.00,3303,3282
21089,SET/6 GREEN SPRING PAPER CUPS,48.99,0.00,0.00,48.99,0.00,0.00,3304,3283
90038B,GLASS AND PAINTED BEADS BRACELET OL,48.77,0.00,0.00,48.77,0.00,0.00,3305,3284
84497,BUTTONS AND STRIPES NOTEBOOK,48.75,0.00,0.00,48.75,0.00,0.00,3306,3285
90002D,FLOWER BURST SILVER RING CRYSTAL,48.71,0.00,0.00,48.71,0.00,0.00,3307,3286
20697,LITTLE GREEN MONSTER SOFT TOY,48.45,0.00,0.00,48.45,0.00,0.00,3308,3287
21720,CAKE SHOP  STICKER SHEET,48.45,0.00,0.00,48.45,0.00,0.00,3308,3287
DCGS0076,SUNJAR LED NIGHT NIGHT LIGHT,48.39,0.00,0.00,48.39,0.00,0.00,3310,3289
84559a,3D SHEET OF DOG STICKERS,48.38,0.00,0.00,48.38,0.00,0.00,3311,3290
84510E,SET OF 4 GREEN CAROUSEL COASTERS,48.29,0.00,0.00,48.29,0.00,0.00,3312,3291
90205C,LARGE CRYSTAL DIAMANTE HAIRSLIDE,48.21,0.00,0.00,48.21,0.00,0.00,3313,3292
84402B,PURPLE DRESS JEWELLERY STAND,48.19,0.00,0.00,48.19,0.00,0.00,3314,3293
90125B,AQUA BERTIE GLASS BEAD BAG CHARM,48.06,0.00,0.00,48.06,0.00,0.00,3315,3294
21816,CHRISTMAS TREE T-LIGHT HOLDER,47.85,0.00,0.00,47.85,0.00,0.00,3316,3295
90169,DAISY HAIR COMB,47.84,15.30,0.00,32.54,31.98,0.00,3317,3416
90036A,FLOWER GARLAND NECKLACE RED,47.70,0.00,0.00,47.70,0.00,0.00,3318,3296
90165B,WHITE ROSEBUD  PEARL EARRINGS,47.43,0.00,0.00,47.43,0.00,0.00,3319,3298
17084J,LOVE POTION MASALA INCENSE,47.25,0.00,0.00,47.25,0.00,0.00,3320,3299
90065A,WHITE VINTAGE CRYSTAL BRACELET,47.25,0.00,0.00,47.25,0.00,0.00,3320,3299
84086B,YELLOW/BLUE RETRO RADIO,47.20,2.95,0.00,44.25,6.25,0.00,3322,3315
84706F,RED PEONY TABLE CLOCK,47.20,0.00,0.00,47.20,0.00,0.00,3322,3301
84715,SET OF 6 ICE CREAM SKITTLES,47.20,0.00,0.00,47.20,0.00,0.00,3322,3301
84750A,PINK SMALL GLASS CAKE STAND,46.80,52.65,0.00,-5.85,112.50,0.00,3325,3910
84857B,BLUE MONTE CARLO HANDBAG,46.80,3.90,0.00,42.90,8.33,0.00,3325,3323
90190A,SILVER/CRYSTAL DROP EARRINGS W LEAF,46.76,0.00,0.00,46.76,0.00,0.00,3327,3303
21392,RED POLKADOT PUDDING BOWL,46.39,0.00,0.00,46.39,0.00,0.00,3328,3306
84801B,WHITE HYDRANGEA ART FLOWER,46.20,0.00,0.00,46.20,0.00,0.00,3329,3307
85031A,ROMANTIC IMAGES SCRAP BOOK SET,45.90,0.00,0.00,45.90,0.00,0.00,3330,3309
90012B,BLACK DROP CRYSTAL NECKLACE,45.35,0.00,0.00,45.35,0.00,0.00,3331,3310
90064B,BLACK VINTAGE  CRYSTAL EARRINGS,45.00,3.75,0.00,41.25,8.33,0.00,3332,3344
23625,SET 6 CARDS SPARKLY REINDEER 17262,44.91,0.00,0.00,44.91,0.00,0.00,3333,3312
90141B,IVORY PENDANT TRIPLE SHELL NECKLACE,44.86,0.00,0.00,44.86,0.00,0.00,3334,3313
85185D,FROG SOCK PUPPET,44.25,0.00,0.00,44.25,0.00,0.00,3335,3314
20670,VIP HOLIDAY PURSE,44.04,0.00,0.00,44.04,0.00,0.00,3336,3316
47344B,BLUE FLOWER DES PURSE,43.66,0.00,0.00,43.66,0.00,0.00,3337,3317
79063C,"RETRO PILL BOX KEY CHAIN,THE KING",43.65,0.00,0.00,43.65,0.00,0.00,3338,3318
90056,CHUNKY CRACKED GLAZE NECKLACE IVORY,43.51,0.00,0.00,43.51,0.00,0.00,3339,3319
20698,LITTLE PINK MONSTER SOFT TOY,43.35,0.00,0.00,43.35,0.00,0.00,3340,3320
90014C,SILVER AND BLACK ORBIT NECKLACE,43.20,0.00,0.00,43.20,0.00,0.00,3341,3321
46138B,BLUE CHENILLE SHAGGY CUSHION COVER,43.15,11.05,0.00,32.10,25.61,0.00,3342,3421
23038,T-LIGHT HOLDER SILVER SAUCER,42.92,0.00,0.00,42.92,0.00,0.00,3343,3322
84539,KNITTED RABBIT DOLL,42.90,0.00,0.00,42.90,0.00,0.00,3344,3323
22987,WRAP SUMMER ROSE DESIGN,42.84,0.00,0.00,42.84,0.00,0.00,3345,3325
20818,GOLD TEDDY BEAR,42.70,0.00,0.00,42.70,0.00,0.00,3346,3326
16254,TRANSPARENT ACRYLIC TAPE DISPENSER,42.58,0.00,0.00,42.58,0.00,0.00,3347,3327
84922,PINK BUTTERFLY WASHBAG,42.29,0.00,0.00,42.29,0.00,0.00,3348,3328
37444C,PINK BREAKFAST CUP AND SAUCER,42.27,0.00,0.00,42.27,0.00,0.00,3349,3329
90029,NEW BAROQUE SMALL NECKLACE BLACK,42.14,0.00,0.00,42.14,0.00,0.00,3350,3330
90024F,NEW BAROQUE B'FLY NECKLACE CRYSTAL,42.13,0.00,0.00,42.13,0.00,0.00,3351,3331
47570b,TEA TIME TABLE CLOTH,42.02,0.00,0.00,42.02,0.00,0.00,3352,3333
17084A,TRANQUILITY MASALA INCENSE,42.00,0.00,0.00,42.00,0.00,0.00,3353,3334
90120D,WHITE MURANO TWIST BRACELET,41.79,0.00,0.00,41.79,0.00,0.00,3354,3336
20666,ECONOMY HOLIDAY PURSE,41.53,0.00,0.00,41.53,0.00,0.00,3355,3337
15030,FAN BLACK FRAME,41.47,0.00,0.00,41.47,0.00,0.00,3356,3338
72807c,SET/3 VANILLA SCENTED CANDLE IN BOX,41.45,0.00,0.00,41.45,0.00,0.00,3357,3339
90059D,DIAMANTE HAIR GRIP PACK/2 PERIDOT,41.45,9.90,0.00,31.55,23.88,0.00,3357,3426
90059E,DIAMANTE HAIR GRIP PACK/2 RUBY,41.37,9.90,0.00,31.47,23.93,0.00,3359,3427
90039B,FIRE POLISHED GLASS BRACELET MONTAN,41.31,0.00,0.00,41.31,0.00,0.00,3360,3341
90162C,ANT SILVER FUSCHIA BOUDICCA RING,41.30,0.00,0.00,41.30,0.00,0.00,3361,3343
84921,CREAM AND PINK FLOWERS PONY,41.25,0.00,0.00,41.25,0.00,0.00,3362,3344
23448,CREAM BUNNY EASTER EGG BASKET,41.25,0.00,0.00,41.25,0.00,0.00,3363,3346
75013B,"STRING OF 8 BUTTERFLIES,PINK",41.25,0.00,0.00,41.25,0.00,0.00,3363,3346
90067A,PINK VINTAGE VICTORIAN EARRINGS,41.15,0.00,0.00,41.15,0.00,0.00,3365,3348
90177E,DROP DIAMANTE EARRINGS GREEN,41.08,17.70,0.00,23.38,43.09,0.00,3366,3514
90177B,DROP DIAMANTE EARRINGS BLACK DIAMON,41.01,0.00,0.00,41.01,0.00,0.00,3367,3349
90182C,BLACK 3 BEAD DROP EARRINGS,40.96,17.70,0.00,23.26,43.21,0.00,3368,3517
90130C,GREEN STONE/CRYSTAL EARRINGS,40.95,0.00,0.00,40.95,0.00,0.00,3369,3351
90177A,CLASSIC DIAMANTE EARRINGS JET,40.90,17.70,0.00,23.20,43.28,0.00,3370,3518
71495A,CD WALL TIDY BLUE OFFICE,40.38,0.00,0.00,40.38,0.00,0.00,3371,3352
10120,DOGGY RUBBER,40.32,0.00,0.00,40.32,0.00,0.00,3372,3353
90214G,"LETTER ""G"" BLING KEY RING",40.20,0.00,0.00,40.20,0.00,0.00,3373,3354
85092,CANDY SPOT TEA COSY,40.05,0.00,0.00,40.05,0.00,0.00,3374,3355
90187B,GREEN DROP EARRINGS W BEAD CLUSTER,40.03,0.00,0.00,40.03,0.00,0.00,3375,3356
90165A,PINK ROSEBUD PEARL EARRINGS,39.98,0.00,0.00,39.98,0.00,0.00,3376,3357
72369A,PINK CLEAR GLASS CANDLE PLATE,39.92,0.00,0.00,39.92,0.00,0.00,3377,3358
90135,ORANGE/WHT/FUSCHIA STONES NECKLACE,39.66,0.00,0.00,39.66,0.00,0.00,3378,3359
84725,FREESTYLE CANVAS ART PICTURE,39.65,0.00,0.00,39.65,0.00,0.00,3379,3360
84596f,SMALL MARSHMALLOWS PINK BOWL,39.36,0.00,0.00,39.36,0.00,0.00,3380,3361
84575A,PINK DOG CANNISTER,39.30,5.95,0.00,33.35,15.14,0.00,3381,3413
21307,SET/4 BUTTERFLY MIRROR MAGNETS,39.20,0.00,0.00,39.20,0.00,0.00,3382,3362
35910A,MULTICOLOUR EASTER RABBIT,39.00,0.00,0.00,39.00,0.00,0.00,3383,3363
47341A,FUSCHIA TABLE RUN FLOWER,38.75,0.00,0.00,38.75,0.00,0.00,3384,3364
90064A,WHITE VINTAGE CRYSTAL EARRINGS,38.70,0.00,0.00,38.70,0.00,0.00,3385,3365
21393,BLUE POLKADOT PUDDING BOWL,38.67,0.00,0.00,38.67,0.00,0.00,3386,3366
85089,CANDY SPOT BUNNY,38.35,0.00,0.00,38.35,0.00,0.00,3387,3367
84559b,3D SHEET OF CAT STICKERS,38.33,0.00,0.00,38.33,0.00,0.00,3388,3368
84746,PINK EASTER HENS+FLOWER,38.31,0.00,0.00,38.31,0.00,0.00,3389,3369
84617,NEW BAROQUE BLACK BOXES,38.25,0.00,0.00,38.25,0.00,0.00,3390,3370
84925D,LA PALMIERA WALL THERMOMETER,38.25,0.00,0.00,38.25,0.00,0.00,3390,3370
90190B,GOLD/AMBER DROP EARRINGS W LEAF,38.18,0.00,0.00,38.18,0.00,0.00,3392,3372
81952B,ROUND BLUE CLOCK WITH SUCKER,38.00,0.00,0.00,38.00,0.00,0.00,3393,3373
84033,FLAG OF ST GEORGE,37.95,0.00,0.00,37.95,0.00,0.00,3394,3374
84809B,PINK CHRYSANTHEMUMS ART FLOWER,37.80,0.00,0.00,37.80,0.00,0.00,3395,3375
90075,MONTANA DIAMOND CLUSTER NECKLACE,37.66,0.00,0.00,37.66,0.00,0.00,3396,3376
90199D,5 STRAND GLASS NECKLACE AMBER,37.62,0.00,0.00,37.62,0.00,0.00,3397,3377
90212B,JET BLACK LAS VEGAS BRACELET ROUND,37.62,0.00,0.00,37.62,0.00,0.00,3398,3378
79191D,RETRO PLASTIC DAISY TRAY,37.61,10.20,0.00,27.41,27.12,0.00,3399,3470
72709,IVORY SCULPTED RND CANDLE,37.40,0.00,0.00,37.40,0.00,0.00,3400,3379
35809a,ENAMEL PINK TEA CONTAINER,37.33,0.00,0.00,37.33,0.00,0.00,3401,3380
84509b,SET OF 4 FAIRY CAKE PLACEMATS,37.30,0.00,0.00,37.30,0.00,0.00,3402,3381
47420,ASSORTED COLOUR SUCTION CUP HOOK,37.24,0.00,0.00,37.24,0.00,0.00,3403,3382
90074,BLACK DIAMOND CLUSTER NECKLACE,37.24,0.00,0.00,37.24,0.00,0.00,3404,3383
84751B,BLACK MEDIUM GLASS CAKE STAND,37.11,0.79,0.00,36.32,2.13,0.00,3405,3388
84522,PINK PARTY SUNGLASSES,36.76,0.00,0.00,36.76,0.00,0.00,3406,3384
90085,CRYSTAL STILETTO PHONE CHARM,36.76,0.00,0.00,36.76,0.00,0.00,3406,3384
90214H,"LETTER ""H"" BLING KEY RING",36.76,0.00,0.00,36.76,0.00,0.00,3406,3384
71510,SQUARE METAL CANDLEHOLDER BASE,36.52,0.00,0.00,36.52,0.00,0.00,3409,3387
84548,CROCHET BEAR RED/BLUE  KEYRING,36.30,0.00,0.00,36.30,0.00,0.00,3410,3389
17090D,VANILLA INCENSE 40 CONES IN TIN,36.25,0.00,0.00,36.25,0.00,0.00,3411,3390
84226,HEN HOUSE W FAMILY IN BARN & NEST,36.21,0.00,0.00,36.21,0.00,0.00,3412,3391
85216,ASSORTED CAKES FRIDGE MAGNETS,35.75,0.00,0.00,35.75,0.00,0.00,3413,3392
90094,NECKLACE+BRACELET SET FRUIT SALAD,35.70,0.00,0.00,35.70,0.00,0.00,3414,3393
35913B,WHITE/PINK CHICK EASTER DECORATION,35.48,0.00,0.00,35.48,0.00,0.00,3415,3394
90179C,BLACK FINE BEAD NECKLACE W TASSEL,35.44,0.00,0.00,35.44,0.00,0.00,3416,3395
90123D,WHITE HEART OF GLASS BRACELET,35.31,0.00,0.00,35.31,0.00,0.00,3417,3396
90179A,AMBER FINE BEAD NECKLACE W TASSEL,35.31,0.00,0.00,35.31,0.00,0.00,3417,3396
90011B,BLACK CRYSTAL DROP EARRINGS,35.27,0.00,0.00,35.27,0.00,0.00,3419,3398
90060F,FIRE POLISHED GLASS NECKL GREEN,35.16,0.00,0.00,35.16,0.00,0.00,3420,3399
79063D,"RETRO PILL BOX , REVOLUTIONARY",35.14,0.00,0.00,35.14,0.00,0.00,3421,3400
90131,PINK/AMETHYST/GOLD NECKLACE,34.87,0.00,0.00,34.87,0.00,0.00,3422,3401
90049,IVORY GOLD METAL BAG CHARM,34.77,0.00,0.00,34.77,0.00,0.00,3423,3403
90059F,DIAMANTE HAIR GRIP PACK/2 LT ROSE,34.69,9.90,0.00,24.79,28.54,0.00,3424,3499
20827,GOLD APERITIF GLASS,34.32,0.00,0.00,34.32,0.00,0.00,3425,3404
79406,FROSTED WHITE BASE,34.12,0.00,0.00,34.12,0.00,0.00,3426,3405
84873A,FUNKY FLOWER PICNIC BAG FOR 4,33.90,0.00,0.00,33.90,0.00,0.00,3427,3406
90026C,GLASS BEAD HOOP NECKLACE GREEN,33.82,0.00,0.00,33.82,0.00,0.00,3428,3407
90024C,NEW BAROQUE B'FLY NECKLACE GREEN,33.81,0.00,0.00,33.81,0.00,0.00,3429,3408
90038C,GLASS AND BEADS BRACELET IVORY,33.69,0.00,0.00,33.69,0.00,0.00,3430,3409
81950B,FLOWER BLUE CLOCK WITH SUCKER,33.64,0.00,0.00,33.64,0.00,0.00,3431,3410
72783,BLACK SIL'T SQU CANDLE PLATE,33.60,0.00,0.00,33.60,0.00,0.00,3432,3411
90129D,AMBER GLASS TASSLE BAG CHARM,33.44,0.00,0.00,33.44,0.00,0.00,3433,3412
37423,WHITE WITH BLACK CATS PLATE,33.18,0.00,0.00,33.18,0.00,0.00,3434,3414
72807b,SET/3 OCEAN SCENT CANDLE JEWEL BOX,33.16,0.00,0.00,33.16,0.00,0.00,3435,3415
35610C,WHITE CHRISTMAS FLOCK DROPLET,32.51,0.00,0.00,32.51,0.00,0.00,3436,3417
17109D,FLOWER FAIRY INCENSE BOUQUET,32.35,0.00,0.00,32.35,0.00,0.00,3437,3419
90186A,AMETHYST HOOP EARRING FLORAL LEAF,32.16,0.00,0.00,32.16,0.00,0.00,3438,3420
37468,HARDMAN MUG 3 ASSORTED,32.03,0.00,0.00,32.03,0.00,0.00,3439,3422
84824,DANISH ROSE UMBRELLA STAND,31.90,0.00,0.00,31.90,0.00,0.00,3440,3424
90036B,"FLOWER GLASS GARLAND NECKL.36""GREEN",31.80,0.00,0.00,31.80,0.00,0.00,3441,3425
23632,SET 10 CARDS CHEERFUL ROBIN 17065,31.20,0.00,0.00,31.20,0.00,0.00,3442,3428
44228,CANNABIS LEAF BEAD CURTAIN,30.60,0.00,0.00,30.60,0.00,0.00,3443,3429
85018D,YULETIDE IMAGES S/6 PAPER BOXES,30.60,0.00,0.00,30.60,0.00,0.00,3443,3429
37471,MULTICOLOUR POLKADOT PLATE,30.43,0.00,0.00,30.43,0.00,0.00,3445,3431
90176B,DIAMANTE NECKLACE BLACK,30.12,0.00,0.00,30.12,0.00,0.00,3446,3432
20878,SET/9 CHRISTMAS T-LIGHTS SCENTED,30.00,0.00,0.00,30.00,0.00,0.00,3447,3433
35610B,BLACK CHRISTMAS FLOCK DROPLET,30.00,0.00,0.00,30.00,0.00,0.00,3447,3433
90176E,DIAMANTE NECKLACE GREEN,29.98,0.00,0.00,29.98,0.00,0.00,3449,3435
90195B,BLACK GEMSTONE BRACELET,29.98,0.00,0.00,29.98,0.00,0.00,3449,3435
90039A,FIRE POLISHED GLASS BRACELET RED,29.96,0.00,0.00,29.96,0.00,0.00,3451,3437
21310,CAPIZ CHANDELIER,29.95,0.00,0.00,29.95,0.00,0.00,3452,3438
90122B,JADE CRYSTAL+GLASS BRACELET,29.93,0.00,0.00,29.93,0.00,0.00,3453,3439
21667,GLASS CAKE COVER AND PLATE,29.90,29.90,0.00,0.00,100.00,0.00,3454,3898
90136,PALE PINK/AMETHYST STONE NECKLACE,29.85,0.00,0.00,29.85,0.00,0.00,3455,3440
84660a,WHITE STITCHED WALL CLOCK,29.84,0.00,0.00,29.84,0.00,0.00,3456,3441
90159,COTE D'AZURE NECKLACE,29.79,0.00,0.00,29.79,0.00,0.00,3457,3442
90001D,ANTIQUE OLIVE GREEN FLOWER EARRINGS,29.73,0.00,0.00,29.73,0.00,0.00,3458,3443
90120A,PINK MURANO TWIST BRACELET,29.73,0.00,0.00,29.73,0.00,0.00,3458,3443
21757,LIGHTHOUSE PRINTED METAL SIGN,29.70,0.00,0.00,29.70,0.00,0.00,3460,3445
21040,MODERN VINTAGE COTTON SHOPPING BAG,29.70,0.00,0.00,29.70,0.00,0.00,3461,3446
35816P,"ACRYLIC JEWEL ANGEL,PINK",29.64,0.00,0.00,29.64,0.00,0.00,3462,3447
90214I,"LETTER ""I"" BLING KEY RING",29.62,0.00,0.00,29.62,0.00,0.00,3463,3448
84706D,CHERRY BLOSSOM TABLE CLOCK,29.60,0.00,0.00,29.60,0.00,0.00,3464,3449
17136A,BLUE STONES ON WIRE FOR CANDLE,29.59,0.00,0.00,29.59,0.00,0.00,3465,3450
90162D,ANT SILVER PURPLE BOUDICCA RING,29.50,0.00,0.00,29.50,0.00,0.00,3466,3451
84465,15 PINK FLUFFY CHICKS IN BOX,29.50,0.00,0.00,29.50,0.00,0.00,3467,3452
82605,OLD DOC RUSSEL METAL SIGN,29.40,0.00,0.00,29.40,0.00,0.00,3468,3453
84558a,3D DOG PICTURE PLAYING CARDS,29.31,0.00,0.00,29.31,0.00,0.00,3469,3454
85030,FRENCH CHATEAU OVAL PLATTER,29.25,0.00,0.00,29.25,0.00,0.00,3470,3455
90214N,"LETTER ""N"" BLING KEY RING",29.23,0.00,0.00,29.23,0.00,0.00,3471,3456
21011,GLITTER SNOW PEAR TREE DECORATION,29.00,0.00,0.00,29.00,0.00,0.00,3472,3457
84199,GLOW IN DARK DOLPHINS,28.98,0.00,0.00,28.98,0.00,0.00,3473,3458
46776f,WOVEN ROSE GARDEN CUSHION COVER,28.91,0.00,0.00,28.91,0.00,0.00,3474,3459
90152A,SILVER/NAT SHELL NECKLACE W PENDANT,28.76,0.00,0.00,28.76,0.00,0.00,3475,3460
84803B,WHITE ALLIUM  ARTIFICIAL FLOWER,28.73,5.07,0.00,23.66,17.65,0.00,3476,3510
90093,CLEAR CRYSTAL STAR PHONE CHARM,28.57,0.00,0.00,28.57,0.00,0.00,3477,3461
90027D,GLASS BEAD HOOP EARRINGS AMETHYST,28.40,0.00,0.00,28.40,0.00,0.00,3478,3462
17165D,ASS COL LARGE SAND FROG P'WEIGHT,28.35,0.00,0.00,28.35,0.00,0.00,3479,3463
84798B,PURPLE FOXGLOVE ARTIIFCIAL FLOWER,28.05,10.20,0.00,17.85,36.36,0.00,3480,3570
90005A,JADE GREEN ENAMEL HAIR COMB,28.02,0.00,0.00,28.02,0.00,0.00,3481,3466
90214R,"LETTER ""R"" BLING KEY RING",28.01,0.00,0.00,28.01,0.00,0.00,3482,3467
84613A,PINK NEW BAROQUE FLOCK CANDLESTICK,27.90,0.00,0.00,27.90,0.00,0.00,3483,3468
79066k,RETRO MOD TRAY,27.77,0.00,0.00,27.77,0.00,0.00,3484,3469
23613,SET 10 XMAS CARDS & BADGES 17070,27.39,0.00,0.00,27.39,0.00,0.00,3485,3471
23637,SET 10 CARDS OUT OF ORDER 17216,27.39,0.00,0.00,27.39,0.00,0.00,3485,3471
85126,LARGE ROUND CUTGLASS CANDLESTICK,27.14,6.75,0.00,20.39,24.87,0.00,3487,3545
23702,High Resolution Image,27.00,0.00,0.00,27.00,0.00,0.00,3488,3473
79323P,PINK CHERRY LIGHTS,27.00,54.00,0.00,-27.00,200.00,0.00,3488,3916
84993a,75 GREEN PETIT FOUR CASES,26.56,0.00,0.00,26.56,0.00,0.00,3490,3474
35598A,DUSTY PINK CHRISTMAS TREE 60CM,26.55,0.00,0.00,26.55,0.00,0.00,3491,3475
84675,FROG KING WATERING CAN,26.55,0.00,0.00,26.55,0.00,0.00,3492,3476
90059B,DIAMANTE HAIR GRIP PACK/2 BLACK DIA,26.52,9.90,0.00,16.62,37.33,0.00,3493,3599
21836,GINGHAM OVEN GLOVE RED HEART,26.49,0.00,0.00,26.49,0.00,0.00,3494,3477
72140E,BEST DAD CANDLE LETTERS,26.35,0.85,0.00,25.50,3.23,0.00,3495,3484
90212C,PURPLE LAS VEGAS BRACELET ROUND,26.25,0.00,0.00,26.25,0.00,0.00,3496,3478
23636,SET 10 CARDS WISHING TREE 17116,26.19,0.00,0.00,26.19,0.00,0.00,3497,3479
85017C,ENVELOPE 50 CURIOUS IMAGES,26.17,0.00,0.00,26.17,0.00,0.00,3498,3480
90183C,BLACK DROP EARRINGS W LONG BEADS,26.15,0.00,0.00,26.15,0.00,0.00,3499,3481
84968B,SET OF 16 VINTAGE IVORY CUTLERY,25.50,0.00,0.00,25.50,0.00,0.00,3500,3482
90026D,GLASS BEAD HOOP NECKLACE AMETHYST,25.50,0.00,0.00,25.50,0.00,0.00,3500,3482
84968f,SET OF 16 VINTAGE SKY BLUE CUTLERY,25.49,0.00,0.00,25.49,0.00,0.00,3502,3485
35910B,PINK FLOWERS RABBIT EASTER,25.35,0.00,0.00,25.35,0.00,0.00,3503,3486
90026B,GLASS BEAD HOOP NECKLACE MONTANA,25.32,0.00,0.00,25.32,0.00,0.00,3504,3487
90037B,TINY CRYSTAL BRACELET GREEN,25.28,0.00,0.00,25.28,0.00,0.00,3505,3488
90013D,PURPLE VINTAGE EARRINGS,25.17,0.00,0.00,25.17,0.00,0.00,3506,3489
84596e,SMALL LICORICE DES PINK BOWL,25.10,0.00,0.00,25.10,0.00,0.00,3507,3490
90033,IVORY SHELL HEART EARRINGS,25.07,0.00,0.00,25.07,0.00,0.00,3508,3491
90016C,SILVER/BLACK PENDANT ORBIT NECKLACE,24.96,0.00,0.00,24.96,0.00,0.00,3509,3492
23620,SET 10 CARDS PERFECT POST 17090,24.90,0.00,0.00,24.90,0.00,0.00,3510,3493
15060b,FAIRY CAKE DESIGN UMBRELLA,24.87,0.00,0.00,24.87,0.00,0.00,3511,3494
85034a,3 GARDENIA MORRIS BOXED CANDLES,24.87,0.00,0.00,24.87,0.00,0.00,3511,3494
85115B,S/4 BLACK DISCO PARTITION PANEL,24.87,0.00,0.00,24.87,0.00,0.00,3511,3494
85132c,CHARLIE AND LOLA FIGURES TINS,24.87,0.00,0.00,24.87,0.00,0.00,3511,3494
90043,COPPER AND BRASS BAG CHARM,24.81,0.00,0.00,24.81,0.00,0.00,3515,3498
90059C,DIAMANTE HAIR GRIP PACK/2 MONTANA,24.79,9.90,0.00,14.89,39.94,0.00,3516,3629
90214B,"LETTER ""B"" BLING KEY RING",24.77,0.00,0.00,24.77,0.00,0.00,3517,3500
20820,SILVER LOOKING MIRROR,24.75,0.00,0.00,24.75,0.00,0.00,3518,3501
84854,GIRLY PINK TOOL SET,24.75,0.00,0.00,24.75,0.00,0.00,3518,3501
90141E,ORANGE PENDANT TRIPLE SHELL NECKLAC,24.75,0.00,0.00,24.75,0.00,0.00,3518,3501
20778,GARDEN PATH NOTEBOOK,24.75,0.00,0.00,24.75,0.00,0.00,3521,3505
84993B,75 BLACK PETIT FOUR CASES,24.36,0.00,0.00,24.36,0.00,0.00,3522,3506
90076,MONTANA DIAMOND CLUSTER EARRINGS,24.12,2.55,0.00,21.57,10.57,0.00,3523,3531
21461,BLUE EASTER EGG HUNT START POST,23.86,3.90,0.00,19.96,16.35,0.00,3524,3551
47503J,SET/3 FLORAL GARDEN TOOLS IN BAG,23.85,0.00,0.00,23.85,0.00,0.00,3525,3507
84562A,PINK/WHITE RIBBED MELAMINE JUG,23.85,0.00,0.00,23.85,0.00,0.00,3525,3507
21357,TOAST ITS - DINOSAUR,23.75,0.00,0.00,23.75,0.00,0.00,3527,3509
35909A,RABBIT EASTER DECORATION,23.60,0.00,0.00,23.60,0.00,0.00,3528,3511
35909B,PINK FLOWERS RABBIT EASTER,23.60,0.00,0.00,23.60,0.00,0.00,3528,3511
90083,CRYSTAL CZECH CROSS PHONE CHARM,23.47,0.00,0.00,23.47,0.00,0.00,3530,3513
90176C,DIAMANTE NECKLACE,23.32,0.00,0.00,23.32,0.00,0.00,3531,3515
23623,SET 10 CARD CHRISTMAS WELCOME 17112,23.28,0.00,0.00,23.28,0.00,0.00,3532,3516
90182A,AMBER 3 BEAD DROP EARRINGS,23.20,0.00,0.00,23.20,0.00,0.00,3533,3519
90104,PURPLE FRANGIPANI HAIRCLIP,23.16,0.00,0.00,23.16,0.00,0.00,3534,3520
85195,HANGING HEART BASKET,23.10,0.00,0.00,23.10,0.00,0.00,3535,3521
85206B,PINK FELT EASTER EGG BASKET,23.10,0.00,0.00,23.10,0.00,0.00,3536,3522
22351,DOTCOMGIFTSHOP TEA TOWEL,23.09,0.00,0.00,23.09,0.00,0.00,3537,3523
90214Y,"LETTER ""Y"" BLING KEY RING",22.84,0.00,0.00,22.84,0.00,0.00,3538,3524
90054,CRACKED GLAZE EARRINGS RED,22.58,0.00,0.00,22.58,0.00,0.00,3539,3525
90188,DROP EARRINGS W FLOWER & LEAF,22.58,0.00,0.00,22.58,0.00,0.00,3539,3525
90039C,FIRE POLISHED GLASS BRACELET BLACK,22.48,0.00,0.00,22.48,0.00,0.00,3541,3527
90176A,CLASSIC DIAMANTE NECKLACE JET,22.48,7.50,0.00,14.98,33.36,0.00,3541,3625
23640,SET 10 CARDS SCOTTIE DOG 17211,22.41,0.00,0.00,22.41,0.00,0.00,3543,3528
23645,SET 10 CHRISTMAS CARDS HOHOHO 16956,22.41,0.00,0.00,22.41,0.00,0.00,3543,3528
21018,BIRD BOX CHRISTMAS TREE DECORATION,22.06,0.00,0.00,22.06,0.00,0.00,3545,3530
90035C,"PEARL & SHELL 42""NECKL. IVORY",21.50,0.00,0.00,21.50,0.00,0.00,3546,3532
84387A,BIRD ON BRANCH CANVAS SCREEN,21.45,0.00,0.00,21.45,0.00,0.00,3547,3533
84551,CROCHET DOG KEYRING,21.45,0.00,0.00,21.45,0.00,0.00,3548,3534
20695,FLORAL BLUE MONSTER,21.25,0.00,0.00,21.25,0.00,0.00,3549,3535
90001B,ANTIQUE MID BLUE FLOWER EARRINGS,21.15,0.00,0.00,21.15,0.00,0.00,3550,3536
90001C,ANTIQUE OPAL WHITE FLOWER EARRINGS,21.13,0.00,0.00,21.13,0.00,0.00,3551,3537
90125E,AMBER BERTIE GLASS BEAD BAG CHARM,21.05,0.00,0.00,21.05,0.00,0.00,3552,3538
16169P,WRAP GREEN RUSSIAN FOLKART,21.00,0.00,0.00,21.00,0.00,0.00,3553,3539
23692,WRAP A PRETTY THANK YOU,21.00,0.00,0.00,21.00,0.00,0.00,3553,3539
90001A,ANTIQUE RASPBERRY FLOWER EARRINGS,20.95,0.00,0.00,20.95,0.00,0.00,3555,3541
17001,HEAVENS SCENT FRAGRANCE OILS ASSTD,20.88,0.00,0.00,20.88,0.00,0.00,3556,3542
47518f,ICON PLACEMAT POP ART ELVIS,20.73,0.00,0.00,20.73,0.00,0.00,3557,3543
46776a,WOVEN BUBBLE GUM CUSHION COVER,20.65,0.00,0.00,20.65,0.00,0.00,3558,3544
90141D,ROSE PENDANT TRIPLE SHELL NECKLACE,20.36,0.00,0.00,20.36,0.00,0.00,3559,3546
90214P,"LETTER ""P"" BLING KEY RING",20.23,0.00,0.00,20.23,0.00,0.00,3560,3548
90034,WHITE SILVER NECKLACE SHELL GLASS,20.17,0.00,0.00,20.17,0.00,0.00,3561,3549
84415B,BLUE FLOCK CUSHION COVER,20.00,0.00,0.00,20.00,0.00,0.00,3562,3550
23601,SET 10 CARDS SNOWY SNOWDROPS  17100,19.92,0.00,0.00,19.92,0.00,0.00,3563,3552
23616,SET 10 CARDS JINGLE BELLS 17217,19.92,0.00,0.00,19.92,0.00,0.00,3563,3552
23646,SET 10 CARDS JINGLE BELLS 16957,19.92,0.00,0.00,19.92,0.00,0.00,3563,3552
21681,GIANT MEDINA STAMPED METAL BOWL,19.90,0.00,0.00,19.90,0.00,0.00,3566,3555
35817P,"ACRYLIC JEWEL SNOWFLAKE,PINK",19.86,0.00,0.00,19.86,0.00,0.00,3567,3556
37491A,YELLOW/PINK CERAMIC CANDLE HOLDER,19.81,0.00,0.00,19.81,0.00,0.00,3568,3557
90156,RESIN BRACELET W PASTEL BEADS,19.80,0.00,0.00,19.80,0.00,0.00,3569,3558
85024C,PINK SMALL JEWELLED PHOTOFRAME,19.80,1.65,0.00,18.15,8.33,0.00,3570,3566
37487B,YELLOW/ORANGE FLOWER DESIGN PLATE,19.72,0.00,0.00,19.72,0.00,0.00,3571,3559
85028L,FRENCH CHATEAU LARGE FRUIT BOWL,19.50,0.00,0.00,19.50,0.00,0.00,3572,3560
79062D,"RETRO TIN ASHTRAY,REVOLUTIONARY",19.40,0.00,0.00,19.40,0.00,0.00,3573,3561
85047,WHITE BEADED GARLAND STRING 20LIGHT,19.05,18.25,0.00,0.80,95.80,0.00,3574,3895
21416,CLAM SHELL LARGE,18.75,0.00,0.00,18.75,0.00,0.00,3575,3562
21538,DAIRY MAID  PUDDING BOWL,18.75,0.00,0.00,18.75,0.00,0.00,3575,3562
84856S,SMALL TAHITI BEACH BAG,18.60,3.81,0.00,14.79,20.48,0.00,3577,3634
90041,PEARL AND CHERRY QUARTZ BRACLET,18.27,0.00,0.00,18.27,0.00,0.00,3578,3564
35607B,BLACK FEATHER CHRISTMAS DECORATION,18.24,0.00,0.00,18.24,0.00,0.00,3579,3565
72821,CUPID SCENTED CANDLE IN GLASS,18.15,0.00,0.00,18.15,0.00,0.00,3580,3566
21661,VINTAGE GLASS TEA CADDY,17.85,0.00,0.00,17.85,0.00,0.00,3581,3568
90060D,FIRE POLISHED GLASS NECKL BRONZE,17.85,0.00,0.00,17.85,0.00,0.00,3581,3568
84856L,LARGE TAHITI BEACH BAG,17.82,0.00,0.00,17.82,0.00,0.00,3583,3571
20935,ROUND CACTUS CANDLE,17.70,0.00,0.00,17.70,0.00,0.00,3584,3572
90162A,ANT SILVER TURQUOISE BOUDICCA RING,17.70,0.00,0.00,17.70,0.00,0.00,3584,3572
90027A,GLASS BEAD HOOP EARRINGS BLACK,17.66,0.00,0.00,17.66,0.00,0.00,3586,3574
90179B,PURPLE FINE BEAD NECKLACE W TASSEL,17.59,0.00,0.00,17.59,0.00,0.00,3587,3575
84596b,SMALL DOLLY MIX DESIGN ORANGE BOWL,17.57,0.00,0.00,17.57,0.00,0.00,3588,3576
90011A,MIDNIGHT BLUE CRYSTAL DROP EARRINGS,17.51,0.00,0.00,17.51,0.00,0.00,3589,3577
79331,PINK FLOCK GLASS CANDLEHOLDER,17.50,0.00,0.00,17.50,0.00,0.00,3590,3578
90130A,WHITE STONE/CRYSTAL EARRINGS,17.50,0.00,0.00,17.50,0.00,0.00,3590,3578
35597D,PINK/WHITE CHRISTMAS TREE 30CM,17.48,0.00,0.00,17.48,0.00,0.00,3592,3580
23627,SET 10 CARDS XMAS GRAPHIC  17218,17.43,0.00,0.00,17.43,0.00,0.00,3593,3581
37489D,PINK/GREEN FLOWER DESIGN BIG MUG,17.16,0.00,0.00,17.16,0.00,0.00,3594,3582
35645,VINTAGE BEAD PINK JEWEL BOX,17.00,0.00,0.00,17.00,0.00,0.00,3595,3583
44092C,PURPLE/COPPER HANGING LAMPSHADE,17.00,0.00,0.00,17.00,0.00,0.00,3595,3583
47574B,ENGLISH ROSE SCENTED HANGING HEART,17.00,0.00,0.00,17.00,0.00,0.00,3595,3583
85084,HOLLY TOP CHRISTMAS STOCKING,17.00,0.00,0.00,17.00,0.00,0.00,3595,3583
90026A,GLASS BEAD HOOP NECKLACE BLACK,17.00,0.00,0.00,17.00,0.00,0.00,3595,3583
21120,*Boombox Ipod Classic,16.98,0.00,0.00,16.98,0.00,0.00,3600,3588
20954,*USB Office Mirror Ball,16.94,0.00,0.00,16.94,0.00,0.00,3601,3589
21595,Dad's Cab Electronic Meter,16.94,0.00,0.00,16.94,0.00,0.00,3601,3589
85035a,GARDENIA 3 WICK MORRIS BOXED CANDLE,16.94,0.00,0.00,16.94,0.00,0.00,3601,3589
90024D,NEW BAROQUE B'FLY NECKLACE PINK,16.82,0.00,0.00,16.82,0.00,0.00,3604,3592
90024E,NEW BAROQUE B'FLY NECKLACE MONTANA,16.81,0.00,0.00,16.81,0.00,0.00,3605,3593
21144,PINK POODLE HANGING DECORATION,16.80,4.56,0.00,12.24,27.14,0.00,3606,3669
37489B,BLUE/YELLOW FLOWER DESIGN BIG MUG,16.77,0.00,0.00,16.77,0.00,0.00,3607,3594
23644,SET 10 CARDS CHRISTMAS TREE 16955,16.65,0.00,0.00,16.65,0.00,0.00,3608,3595
84031a,CHARLIE+LOLA RED HOT WATER BOTTLE,16.63,0.00,0.00,16.63,0.00,0.00,3609,3596
84031b,CHARLIE LOLA BLUE HOT WATER BOTTLE,16.63,0.00,0.00,16.63,0.00,0.00,3609,3596
DCGS0004,HAYNES CAMPER SHOULDER BAG,16.63,0.00,0.00,16.63,0.00,0.00,3609,3596
85036a,GARDENIA 1 WICK MORRIS BOXED CANDLE,16.58,0.00,0.00,16.58,0.00,0.00,3612,3600
90137,PINK COMBO MINI CRYSTALS NECKLACE,16.31,0.00,0.00,16.31,0.00,0.00,3613,3601
16248B,BLUE HOLE PUNCH,16.25,0.00,0.00,16.25,0.00,0.00,3614,3602
35647,VINTAGE BEAD PINK SHADE,16.25,0.00,0.00,16.25,0.00,0.00,3614,3602
85160a,WHITE BIRD GARDEN DESIGN MUG,16.13,0.00,0.00,16.13,0.00,0.00,3616,3604
90214V,"LETTER ""V"" BLING KEY RING",15.98,0.00,0.00,15.98,0.00,0.00,3617,3605
72815,3 WICK CHRISTMAS BRIAR CANDLE,15.97,15.00,0.00,0.97,93.93,0.00,3618,3889
84795C,OCEAN STRIPE HAMMOCK,15.90,0.00,0.00,15.90,0.00,0.00,3619,3606
85136B,BLUE SHARK HELICOPTER,15.90,0.00,0.00,15.90,0.00,0.00,3619,3606
DCGS0069,OOH LA LA DOGS COLLAR,15.79,0.00,0.00,15.79,0.00,0.00,3621,3608
20816,GOLD FLOWER CUSHION COVER,15.60,0.00,0.00,15.60,0.00,0.00,3622,3609
78034B,BLUE NETTING STORAGE HANGER,15.60,0.00,0.00,15.60,0.00,0.00,3622,3609
90214F,"LETTER ""F"" BLING KEY RING",15.43,0.00,0.00,15.43,0.00,0.00,3624,3611
90132,LIGHT TOPAZ TEAL/AQUA COL NECKLACE,15.16,0.00,0.00,15.16,0.00,0.00,3625,3612
72024U,LILAC VOTIVE CANDLE,15.12,0.00,0.00,15.12,0.00,0.00,3626,3613
90140,PINK SWEETIE NECKLACE,15.12,0.00,0.00,15.12,0.00,0.00,3626,3613
84660b,BLACK STITCHED WALL CLOCK,15.08,0.00,0.00,15.08,0.00,0.00,3628,3615
35610A,PINK CHRISTMAS FLOCK DROPLET,15.02,0.00,0.00,15.02,0.00,0.00,3629,3616
17191A,ROSE FLOWER CANDLE+INCENSE 16X16CM,15.00,0.00,0.00,15.00,0.00,0.00,3630,3617
23449,SET OF 6 EASTER RAINBOW CHICKS,15.00,0.00,0.00,15.00,0.00,0.00,3630,3617
84415A,PINK FLOCK SUEDE CUSHION COVER,15.00,0.00,0.00,15.00,0.00,0.00,3630,3617
84462,3 PINK HEN+CHICKS IN BASKET,15.00,0.00,0.00,15.00,0.00,0.00,3630,3617
84705C,PINK FLOCK PHOTO FRAME,15.00,0.00,0.00,15.00,0.00,0.00,3630,3617
90069,RUBY GLASS CLUSTER NECKLACE,15.00,0.00,0.00,15.00,0.00,0.00,3630,3617
90078,PINK/WHITE GLASS DEMI CHOKER,15.00,0.00,0.00,15.00,0.00,0.00,3630,3617
90189A,SILVER 2 STRAND NECKLACE-LEAF CHARM,15.00,0.00,0.00,15.00,0.00,0.00,3630,3617
90025F,BAROQUE BUTTERFLY EARRINGS CRYSTAL,14.96,0.00,0.00,14.96,0.00,0.00,3638,3626
23621,SET 10 CARDS DAVID'S MADONNA 17074,14.94,0.00,0.00,14.94,0.00,0.00,3639,3627
84509g,SET OF 4 FAIRY CAKE PLACEMATS,14.92,0.00,0.00,14.92,0.00,0.00,3640,3628
84989A,75 GREEN FAIRY CAKE CASES,14.85,0.00,0.00,14.85,0.00,0.00,3641,3630
85031C,CURIOUS IMAGES SCRAP BOOK SET,14.85,0.00,0.00,14.85,0.00,0.00,3641,3630
90046,WHITE WITH METAL BAG CHARM,14.85,0.00,0.00,14.85,0.00,0.00,3641,3630
90048,GREEN WITH METAL BAG CHARM,14.85,0.00,0.00,14.85,0.00,0.00,3641,3630
84593,CROCHET ROSE DES CLOTHES HANGER,14.75,0.00,0.00,14.75,0.00,0.00,3645,3635
23634,SET 10 CARDS XMAS CHOIR 17068,14.55,0.00,0.00,14.55,0.00,0.00,3646,3636
16202B,PASTEL BLUE PHOTO ALBUM,14.50,0.00,0.00,14.50,0.00,0.00,3647,3637
90027C,GLASS BEAD HOOP EARRINGS GREEN,14.50,0.00,0.00,14.50,0.00,0.00,3647,3637
90182B,AMETHYST 3 BEAD DROP EARRINGS,14.50,0.00,0.00,14.50,0.00,0.00,3647,3637
37489A,YELLOW/PINK FLOWER DESIGN BIG MUG,14.43,0.00,0.00,14.43,0.00,0.00,3650,3640
47593A,CAROUSEL PONIES BABY BIB,14.37,0.00,0.00,14.37,0.00,0.00,3651,3641
90052,CRACKED GLAZE NECKLACE BROWN,14.14,0.00,0.00,14.14,0.00,0.00,3652,3642
62043B,BLUE CHECK BAG W HANDLE 34X20CM,14.11,0.83,0.00,13.28,5.88,0.00,3653,3652
90089,PINK CRYSTAL SKULL PHONE CHARM,13.94,0.00,0.00,13.94,0.00,0.00,3654,3643
79336,LIGHT PINK FLOCK GLASS CANDLEHOLDER,13.68,0.00,0.00,13.68,0.00,0.00,3655,3644
37489C,GREEN/BLUE FLOWER DESIGN BIG MUG,13.65,0.00,0.00,13.65,0.00,0.00,3656,3645
85017A,ENVELOPE 50 ROMANTIC IMAGES,13.58,0.00,0.00,13.58,0.00,0.00,3657,3646
90065B,BLACK VINT ART DEC CRYSTAL BRACELET,13.50,0.00,0.00,13.50,0.00,0.00,3658,3647
90214T,"LETTER ""T"" BLING KEY RING",13.46,0.00,0.00,13.46,0.00,0.00,3659,3648
84745A,PINK HANGING GINGHAM EASTER HEN,13.44,0.00,0.00,13.44,0.00,0.00,3660,3649
84745B,BLUE HANGING GINGHAM EASTER HEN,13.44,0.00,0.00,13.44,0.00,0.00,3660,3649
23639,SET 10 CARDS MAGICAL TREE 17086,13.32,0.00,0.00,13.32,0.00,0.00,3662,3651
23607,SET 10 CARDS HATS & STOCKINGS 17081,13.28,0.00,0.00,13.28,0.00,0.00,3663,3652
37491C,GREEN/BLUE CERAMIC CANDLE HOLDER,13.20,0.00,0.00,13.20,0.00,0.00,3664,3654
84388,WISE MAN STAR SHAPE EGG PAN,13.14,0.00,0.00,13.14,0.00,0.00,3665,3655
37462E,"PET MUG, GOLDFISH",13.10,0.00,0.00,13.10,0.00,0.00,3666,3656
16162L,THE KING GIFT BAG,13.00,0.00,0.00,13.00,0.00,0.00,3667,3657
47013C,WINE BOTTLE DRESSING DARK BLUE,12.97,1.44,0.00,11.53,11.10,0.00,3668,3687
18097A,PINK TALL PORCELAIN T-LIGHT HOLDER,12.75,0.00,0.00,12.75,0.00,0.00,3669,3658
21895,POTTING SHED SOW 'N' GROW SET,12.72,0.00,0.00,12.72,0.00,0.00,3670,3659
DCGS0070,CAMOUFLAGE DOG COLLAR,12.72,0.00,0.00,12.72,0.00,0.00,3670,3659
90042C,FRESHWATER PEARL BRACELET IVORY,12.70,0.00,0.00,12.70,0.00,0.00,3672,3661
90055,CRACKED GLAZE EARRINGS BROWN,12.53,0.00,0.00,12.53,0.00,0.00,3673,3662
90037C,TINY CRYSTAL BRACELET BLUE,12.52,0.00,0.00,12.52,0.00,0.00,3674,3663
20671,BLUE TEATIME PRINT BOWL,12.50,0.00,0.00,12.50,0.00,0.00,3675,3664
23635,SET 10 CARDS CHRISTMAS HOLLY  17259,12.48,0.00,0.00,12.48,0.00,0.00,3676,3665
90020,FILIGREE DIAMANTE CHAIN,12.48,0.00,0.00,12.48,0.00,0.00,3676,3665
23654,SET 10 CARD SNOWMAN 16965,12.45,0.00,0.00,12.45,0.00,0.00,3678,3667
82613c,"METAL SIGN,CUPCAKE SINGLE HOOK",12.40,0.00,0.00,12.40,0.00,0.00,3679,3668
79329,PINK FLOCK GLASS CANDLEHOLDER,12.18,0.00,0.00,12.18,0.00,0.00,3680,3670
84016,FLAG OF ST GEORGE CAR FLAG,12.16,0.00,0.00,12.16,0.00,0.00,3681,3671
90021,LASER CUT MULTI STRAND NECKLACE,11.95,0.00,0.00,11.95,0.00,0.00,3682,3672
90178B,PURPLE CHUNKY GLASS+BEAD NECKLACE,11.95,0.00,0.00,11.95,0.00,0.00,3682,3672
84614A,PINK BAROQUE FLOCK CANDLE HOLDER,11.90,0.00,0.00,11.90,0.00,0.00,3684,3674
84620,BLUE GINGHAM ROSE CUSHION COVER,11.90,0.00,0.00,11.90,0.00,0.00,3684,3674
44092B,BLUE WHITE PLASTIC RINGS LAMPSHADE,11.90,0.00,0.00,11.90,0.00,0.00,3686,3676
90214Z,"LETTER ""Z"" BLING KEY RING",11.84,0.00,0.00,11.84,0.00,0.00,3687,3677
37444B,BLUE BREAKFAST CUP AND SAUCER,11.80,0.00,0.00,11.80,0.00,0.00,3688,3678
35818B,"ACRYLIC JEWEL ICICLE, BLUE",11.78,0.00,0.00,11.78,0.00,0.00,3689,3679
16162M,THE KING GIFT BAG 25x24x12cm,11.76,0.00,0.00,11.76,0.00,0.00,3690,3680
16043,POP ART PUSH DOWN RUBBER,11.76,0.00,0.00,11.76,0.00,0.00,3691,3681
23605,SET 10 CARDS 12 DAYS OF XMAS 17059,11.64,0.00,0.00,11.64,0.00,0.00,3692,3682
23608,SET 10 CARDS RUDOLPHS NOSE 17097,11.64,0.00,0.00,11.64,0.00,0.00,3692,3682
85184c,SET 4 VALENTINE DECOUPAGE HEART BOX,11.58,0.00,0.00,11.58,0.00,0.00,3694,3684
71050,SMALL SINGLE FLAME CANDLE HOLDER,11.55,0.00,0.00,11.55,0.00,0.00,3695,3685
72798C,SET/4 GARDEN ROSE DINNER CANDLE,11.55,0.00,0.00,11.55,0.00,0.00,3695,3685
90152B,BLUE/GREEN SHELL NECKLACE W PENDANT,11.46,0.00,0.00,11.46,0.00,0.00,3697,3688
17164B,ASS COL SMALL SAND GECKO P'WEIGHT,11.34,0.00,0.00,11.34,0.00,0.00,3698,3689
90025D,BAROQUE BUTTERFLY EARRINGS PINK,11.19,0.00,0.00,11.19,0.00,0.00,3699,3690
84536a,ENGLISH ROSE NOTEBOOK A7 SIZE,11.06,0.00,0.00,11.06,0.00,0.00,3700,3691
37488A,YELLOW PINK FLOWER DESIGN BIG BOWL,10.92,0.00,0.00,10.92,0.00,0.00,3701,3692
79026B,"S/4 ICON COASTER,ELVIS LIVES",10.61,0.00,0.00,10.61,0.00,0.00,3702,3693
16161M,WRAP  PINK FLOCK,10.50,0.00,0.00,10.50,0.00,0.00,3703,3694
16169N,WRAP BLUE RUSSIAN FOLKART,10.50,0.00,0.00,10.50,0.00,0.00,3703,3694
35966,FOLKART CHRISTMAS TREE T-LIGHT HOLD,10.26,0.00,0.00,10.26,0.00,0.00,3705,3696
35958,FOLKART ZINC STAR CHRISTMAS DEC,10.20,0.00,0.00,10.20,0.00,0.00,3706,3697
40005B,BLUE ORGANDY ROUND LAMPSHADE W BEA,10.20,0.00,0.00,10.20,0.00,0.00,3706,3697
85109,PINK BOUDOIR T-LIGHT HOLDER,10.20,0.00,0.00,10.20,0.00,0.00,3706,3697
44089C,LILAC GAUZE BUTTERFLY LAMPSHADE,10.08,0.00,0.00,10.08,0.00,0.00,3709,3700
90053,CRACKED GLAZE EARRINGS IVORY,9.99,0.00,0.00,9.99,0.00,0.00,3710,3701
23615,SET 10 CARDS PRINTED GRAPHIC 17219,9.96,0.00,0.00,9.96,0.00,0.00,3711,3702
23619,SET 10 CARDS POINSETTIA 17093,9.96,0.00,0.00,9.96,0.00,0.00,3711,3702
23624,SET 10 CARD PERFECT NATIVITY 17089,9.96,0.00,0.00,9.96,0.00,0.00,3711,3702
23650,SET 10 CARDS FILIGREE BAUBLE 16961,9.96,0.00,0.00,9.96,0.00,0.00,3711,3702
37474,SET/4 2 TONE EGG SHAPE MIXING BOWLS,9.95,0.00,0.00,9.95,0.00,0.00,3715,3706
84689,S/2 BEACH HUT TREASURE CHESTS,9.95,0.00,0.00,9.95,0.00,0.00,3715,3706
82613b,"METAL SIGN,CUPCAKE SINGLE HOOK",9.94,0.00,0.00,9.94,0.00,0.00,3717,3708
DCGS0003,BOXED GLASS ASHTRAY,9.94,0.00,0.00,9.94,0.00,0.00,3717,3708
37491D,PURPLE/BLUE CERAMIC CANDLE HOLDER,9.88,0.00,0.00,9.88,0.00,0.00,3719,3710
85231g,ORANGE SCENTED SET/9 T-LIGHTS,9.78,0.00,0.00,9.78,0.00,0.00,3720,3711
44242A,LILAC FEATHERS CURTAIN,9.48,0.00,0.00,9.48,0.00,0.00,3721,3712
23441,HAND PAINTED HANGING EASTER EGG,9.24,0.00,0.00,9.24,0.00,0.00,3722,3713
35809B,ENAMEL BLUE RIM TEA CONTAINER,9.18,0.00,0.00,9.18,0.00,0.00,3723,3714
90181C,BLACK GLASS/SHELL/PEARL NECKLACE,9.15,0.00,0.00,9.15,0.00,0.00,3724,3715
90184c,BLACK CHUNKY BEAD BRACELET W STRAP,9.15,0.00,0.00,9.15,0.00,0.00,3724,3715
37351,ORANGE FLOWER MUG,9.06,0.00,0.00,9.06,0.00,0.00,3726,3717
20906,VINTAGE NOTEBOOK BEAUTY GIRL,8.85,0.00,0.00,8.85,0.00,0.00,3727,3718
45013,FOLDING SHOE TIDY,8.85,0.00,0.00,8.85,0.00,0.00,3727,3718
84773,RED ROSE AND LACE C/COVER,8.85,0.00,0.00,8.85,0.00,0.00,3727,3718
90077,BLACK DIAMOND CLUSTER EARRINGS,8.82,0.00,0.00,8.82,0.00,0.00,3730,3721
90011D,PURPLE CRYSTAL DROP EARRINGS,8.76,0.00,0.00,8.76,0.00,0.00,3731,3722
90011E,AMBER CRYSTAL DROP EARRINGS,8.76,0.00,0.00,8.76,0.00,0.00,3731,3722
90027B,GLASS BEAD HOOP EARRINGS MONTANA,8.76,0.00,0.00,8.76,0.00,0.00,3731,3722
16206B,RED PURSE WITH PINK HEART,8.75,0.00,0.00,8.75,0.00,0.00,3734,3725
90130D,RED STONE/CRYSTAL EARRINGS,8.70,0.00,0.00,8.70,0.00,0.00,3735,3726
81950V,FLOWER PURPLE CLOCK W/SUCKER,8.60,0.00,0.00,8.60,0.00,0.00,3736,3727
84732B,CUTE BIRD CEATURE SCREEN,8.58,0.00,0.00,8.58,0.00,0.00,3737,3728
44265,M/COLOUR POM-POM CURTAIN,8.50,0.00,0.00,8.50,0.00,0.00,3738,3729
90102,WHITE FRANGIPANI HAIR CLIP,8.50,0.00,0.00,8.50,0.00,0.00,3738,3729
90167,BEADED LOVE HEART JEWELLERY SET,8.50,0.00,0.00,8.50,0.00,0.00,3738,3729
21410,COUNTRY COTTAGE  DOORSTOP GREEN,8.47,0.00,0.00,8.47,0.00,0.00,3741,3732
72803b,OCEAN SCENT CANDLE JEWELLED DRAWER,8.47,0.00,0.00,8.47,0.00,0.00,3741,3732
85035b,CHOCOLATE 3 WICK MORRIS BOX CANDLE,8.47,0.00,0.00,8.47,0.00,0.00,3741,3732
85035c,ROSE 3 WICK MORRIS BOX CANDLE,8.47,0.00,0.00,8.47,0.00,0.00,3741,3732
85036b,CHOCOLATE 1 WICK MORRIS BOX CANDLE,8.47,0.00,0.00,8.47,0.00,0.00,3741,3732
84975,HEART SHAPED MIRROR,8.45,0.00,0.00,8.45,0.00,0.00,3746,3737
20871,OPULENT VELVET SET/3 CANDLES,8.42,0.00,0.00,8.42,0.00,0.00,3747,3738
21594,Dr. Jam's Arouzer Stress Ball,8.34,0.00,0.00,8.34,0.00,0.00,3748,3739
23612,SET 10 MINICARDS CUTE SNOWMAN 17071,8.30,0.00,0.00,8.30,0.00,0.00,3749,3740
72802c,VANILLA SCENT CANDLE JEWELLED BOX,8.29,0.00,0.00,8.29,0.00,0.00,3750,3741
85034b,3 WHITE CHOC MORRIS BOXED CANDLES,8.29,0.00,0.00,8.29,0.00,0.00,3750,3741
84924F,PSYCHEDELIC METAL SIGN CALENDAR,7.90,0.00,0.00,7.90,0.00,0.00,3752,3743
16244B,MAXWELL 2 TONE BLUE 60 PAGE PHOTO A,7.85,0.00,0.00,7.85,0.00,0.00,3753,3744
35607A,PINK FLUFFY CHRISTMAS DECORATION,7.82,0.00,0.00,7.82,0.00,0.00,3754,3745
85189,HANGING BUTTERFLY  EGG,7.65,0.00,0.00,7.65,0.00,0.00,3755,3746
90042A,FRESHWATER PEARL BRACELET GOLD,7.65,0.00,0.00,7.65,0.00,0.00,3755,3746
79149B,SILICON STAR BULB  BLUE,7.56,0.00,0.00,7.56,0.00,0.00,3757,3748
16202E,BLACK PHOTO ALBUM,7.50,5.55,0.00,1.95,74.00,0.00,3758,3873
21827,EIGHT PIECE CREEPY CRAWLIE SET,7.50,0.00,0.00,7.50,0.00,0.00,3758,3749
37379A,PINK CHERRY BLOSSOM CUP & SAUCER,7.50,0.00,0.00,7.50,0.00,0.00,3758,3749
85160A,WHITE BIRD GARDEN DESIGN MUG,7.50,0.00,0.00,7.50,0.00,0.00,3758,3749
90025A,BAROQUE BUTTERFLY EARRINGS BLACK,7.50,0.00,0.00,7.50,0.00,0.00,3758,3749
90068,"RUBY GLASS NECKLACE 42""",7.50,0.00,0.00,7.50,0.00,0.00,3758,3749
23633,SET 10 CARDS WORLD CHILDREN 17067,7.47,0.00,0.00,7.47,0.00,0.00,3764,3754
62097B,BLUE STRIPES SHOULDER BAG,7.47,0.00,0.00,7.47,0.00,0.00,3765,3755
90128A,PINK LEAVES AND BEADS PHONE CHARM,7.43,0.00,0.00,7.43,0.00,0.00,3766,3756
84596g,SMALL CHOCOLATES PINK BOWL,7.38,0.00,0.00,7.38,0.00,0.00,3767,3757
71496B,A4 WALL TIDY RED FLOWERS,7.37,0.00,0.00,7.37,0.00,0.00,3768,3758
10124G,ARMY CAMO BOOKCOVER TAPE,7.14,0.00,0.00,7.14,0.00,0.00,3769,3759
90214O,"LETTER ""O"" BLING KEY RING",6.82,0.00,0.00,6.82,0.00,0.00,3770,3760
90214W,"LETTER ""W"" BLING KEY RING",6.82,0.00,0.00,6.82,0.00,0.00,3770,3760
35443,RASTA IN BATH W SPLIFF ASHTRAY,6.80,0.00,0.00,6.80,0.00,0.00,3772,3762
84802B,PURPLE ANEMONE ARTIFICIAL FLOWER,6.76,0.00,0.00,6.76,0.00,0.00,3773,3763
10124A,SPOTS ON RED BOOKCOVER TAPE,6.72,0.00,0.00,6.72,0.00,0.00,3774,3764
21186,WHITE DOVE HONEYCOMB PAPER GARLAND,6.72,0.00,0.00,6.72,0.00,0.00,3774,3764
35833G,4 GOLD FLOCK CHRISTMAS BALLS,6.72,0.00,0.00,6.72,0.00,0.00,3774,3764
62074B,ELEPHANT CLIP W SUCTION CUP,6.72,0.00,0.00,6.72,0.00,0.00,3774,3764
23604,SET 10 MINI SANTA & SNOWMAN  17087,6.64,0.00,0.00,6.64,0.00,0.00,3778,3768
20678,LARGE BLACK DIAMANTE HAIRSLIDE,6.60,0.00,0.00,6.60,0.00,0.00,3779,3769
37491B,BLUE/YELLOW CERAMIC CANDLE HOLDER,6.60,0.00,0.00,6.60,0.00,0.00,3779,3769
90126C,AMBER BERTIE MOBILE PHONE CHARM,6.58,0.00,0.00,6.58,0.00,0.00,3781,3771
85224,ASSORTED COLOUR SILK GLASSES CASE,6.30,0.00,0.00,6.30,0.00,0.00,3782,3772
44089A,PINK GAUZE BUTTERFLY LAMPSHADE,6.30,0.00,0.00,6.30,0.00,0.00,3783,3773
21228,"POCKET MIRROR ""GLAMOROUS""",6.25,0.00,0.00,6.25,0.00,0.00,3784,3774
35591T,TURQUOISE CHRISTMAS TREE,6.25,0.00,0.00,6.25,0.00,0.00,3784,3774
85225,BLING KEY RING STAND,6.25,0.00,0.00,6.25,0.00,0.00,3784,3774
23610,SET 10 CARDS CHRISTMAS ROBIN 17095,6.24,0.00,0.00,6.24,0.00,0.00,3787,3777
90060B,FIRE POLISHED GLASS NECKL GOLD,5.95,0.00,0.00,5.95,0.00,0.00,3788,3778
90152C,BLUE/NAT SHELL NECKLACE W PENDANT,5.95,0.00,0.00,5.95,0.00,0.00,3788,3778
84499,BLACK FLOWER CANDLE PLATE,5.95,0.00,0.00,5.95,0.00,0.00,3790,3780
35598C,WHITE CHRISTMAS TREE 60CM,5.90,0.00,0.00,5.90,0.00,0.00,3791,3781
79161A,ST GEORGE SET OF 10 PARTY LIGHTS,5.90,0.00,0.00,5.90,0.00,0.00,3791,3781
23617,SET 10 CARDS SWIRLY XMAS TREE 17104,5.82,0.00,0.00,5.82,0.00,0.00,3793,3783
23638,SET 10 CARDS ROBIN WATERPUMP  17096,5.82,0.00,0.00,5.82,0.00,0.00,3793,3783
23652,SET 10 CARD CHRISTMAS STAMPS 16963,5.82,0.00,0.00,5.82,0.00,0.00,3793,3783
90011C,GREEN CRYSTAL DROP EARRINGS,5.80,0.00,0.00,5.80,0.00,0.00,3796,3786
90067B,BROWN VINTAGE VICTORIAN EARRINGS,5.80,0.00,0.00,5.80,0.00,0.00,3796,3786
23630,SET 10 CARDS HANGING BAUBLES 17080,5.48,2.99,0.00,2.49,54.56,0.00,3798,3855
21839,MUMMY MOUSE RED GINGHAM RIBBON,5.45,0.00,0.00,5.45,0.00,0.00,3799,3788
35004P,SET OF 3 PINK FLYING DUCKS,5.45,0.00,0.00,5.45,0.00,0.00,3799,3788
81953P,ROUND ARTICULATED PINK CLOCK W/SUCK,5.32,0.00,0.00,5.32,0.00,0.00,3801,3790
20964,POLYESTER FILLER PAD 60x40cm,5.10,0.00,0.00,5.10,0.00,0.00,3802,3791
37509,NEW ENGLAND MUG W GIFT BOX,5.10,0.00,0.00,5.10,0.00,0.00,3802,3791
90142A,GREEN PENDANT SHELL NECKLACE,5.09,0.00,0.00,5.09,0.00,0.00,3804,3793
84803A,PINK ALLIUM  ARTIFICIAL FLOWER,5.07,0.00,0.00,5.07,0.00,0.00,3805,3794
22034,ROBIN CHRISTMAS CARD,5.02,5.04,0.00,-0.02,100.40,0.00,3806,3902
23649,SET 10 CARDS DECK THE HALLS 16960,4.98,0.00,0.00,4.98,0.00,0.00,3807,3795
90135A,ORANGE/FUSCHIA STONES NECKLACE,4.98,0.00,0.00,4.98,0.00,0.00,3807,3795
47593b,SCOTTIE DOGS BABY BIB,4.98,0.00,0.00,4.98,0.00,0.00,3809,3797
90128C,GREEN LEAVES AND BEADS PHONE CHARM,4.97,0.00,0.00,4.97,0.00,0.00,3810,3798
90128D,PURPLE LEAVES AND BEADS PHONE CHAR,4.97,0.00,0.00,4.97,0.00,0.00,3810,3798
84661a,WHITE SQUARE TABLE CLOCK,4.96,0.00,0.00,4.96,0.00,0.00,3812,3800
84661b,BLACK SQUARE TABLE CLOCK,4.96,0.00,0.00,4.96,0.00,0.00,3812,3800
35650,VINTAGE BEAD PINK JEWEL STAND,4.95,0.00,0.00,4.95,0.00,0.00,3814,3802
85031B,BLOSSOM IMAGES SCRAP BOOK SET,4.95,0.00,0.00,4.95,0.00,0.00,3814,3802
90081B,LILY BROOCH WHITE/SILVER COLOUR,4.95,0.00,0.00,4.95,0.00,0.00,3814,3802
84971l,LARGE HEART FLOWERS HOOK,4.92,0.00,0.00,4.92,0.00,0.00,3817,3805
85049b,LUSH GREENS RIBBONS,4.92,0.00,0.00,4.92,0.00,0.00,3817,3805
85049d,BRIGHT BLUES RIBBONS,4.92,0.00,0.00,4.92,0.00,0.00,3817,3805
85231b,CINAMMON SET OF 9 T-LIGHTS,4.92,0.00,0.00,4.92,0.00,0.00,3817,3805
90127A,PINK BEADS+HAND PHONE CHARM,4.92,0.00,0.00,4.92,0.00,0.00,3817,3805
84613C,BLUE NEW BAROQUE FLOCK CANDLESTICK,4.65,0.00,0.00,4.65,0.00,0.00,3822,3810
71215,METAL BASE FOR CANDLES,4.62,0.00,0.00,4.62,0.00,0.00,3823,3811
79151B,"SILICON CUBE 25W, BLUE",4.62,0.00,0.00,4.62,0.00,0.00,3823,3811
84206A,3 BLACK CATS W HEARTS BLANK CARD,4.56,0.00,0.00,4.56,0.00,0.00,3825,3813
84732D,CUTE RABBIT CEATURE SCREEN,4.29,0.00,0.00,4.29,0.00,0.00,3826,3814
20703,BLUE PADDED SOFT MOBILE,4.25,29.75,0.00,-25.50,700.00,0.00,3827,3915
22218,CAKE STAND LACE WHITE,4.25,0.00,0.00,4.25,0.00,0.00,3827,3815
79157V,UBO-LIGHT TRIOBASE PURPLE,4.25,0.00,0.00,4.25,0.00,0.00,3827,3815
20861,GOLD COSMETIC BAG PINK STAR,4.20,0.00,0.00,4.20,0.00,0.00,3830,3817
47016,LIGHT DECORATION BATTERY OPERATED,4.20,0.00,0.00,4.20,0.00,0.00,3830,3817
22206,"MUG , DOTCOMGIFTSHOP.COM",4.17,0.00,0.00,4.17,0.00,0.00,3832,3819
46776b,WOVEN BERRIES CUSHION COVER,4.13,0.00,0.00,4.13,0.00,0.00,3833,3820
46776e,WOVEN CANDY CUSHION COVER,4.13,0.00,0.00,4.13,0.00,0.00,3833,3820
47591b,SCOTTIES CHILDRENS APRON,4.13,0.00,0.00,4.13,0.00,0.00,3833,3820
84536b,FAIRY CAKES NOTEBOOK A7 SIZE,4.05,0.00,0.00,4.05,0.00,0.00,3836,3823
17174,ASSTD RASTA KEY-CHAINS,3.78,0.00,0.00,3.78,0.00,0.00,3837,3824
44091A,BLUE CRUSOE CHECK LAMPSHADE,3.78,0.00,0.00,3.78,0.00,0.00,3838,3825
90128B,BLUE LEAVES AND BEADS PHONE CHARM,3.76,0.00,0.00,3.76,0.00,0.00,3839,3826
37464,ROBOT MUG IN DISPLAY BOX,3.75,0.00,0.00,3.75,0.00,0.00,3840,3827
79192A,RETRO PLASTIC 70'S TRAY,3.75,0.00,0.00,3.75,0.00,0.00,3840,3827
90025B,BAROQUE BUTTERFLY EARRINGS RED,3.73,0.00,0.00,3.73,0.00,0.00,3842,3829
90025E,BAROQUE BUTTERFLY EARRINGS MONTANA,3.73,0.00,0.00,3.73,0.00,0.00,3842,3829
35271S,GOLD PRINT PAPER BAG,3.61,0.00,0.00,3.61,0.00,0.00,3844,3831
16010,FOLDING CAMPING SCISSOR W/KNIF & S,3.60,0.00,0.00,3.60,0.00,0.00,3845,3832
84270,ASSTD DESIGN BUBBLE GUM RING,3.57,0.00,0.00,3.57,0.00,0.00,3846,3833
16202A,PASTEL PINK PHOTO ALBUM,3.50,0.00,0.00,3.50,0.00,0.00,3847,3834
90214U,"LETTER ""U"" BLING KEY RING",3.48,0.00,0.00,3.48,0.00,0.00,3848,3835
79157B,UBO-LIGHT TRIOBASE BLUE,3.40,0.00,0.00,3.40,0.00,0.00,3849,3836
84802A,WHITE ANEMONE ARTIFICIAL FLOWER,3.38,0.00,0.00,3.38,0.00,0.00,3850,3837
21160,KEEP OUT GIRLS DOOR HANGER,3.36,0.00,0.00,3.36,0.00,0.00,3851,3838
22528,GARDENERS KNEELING PAD,3.36,0.00,0.00,3.36,0.00,0.00,3851,3838
85119,WATERING CAN SINGLE HOOK PISTACHIO,3.36,0.00,0.00,3.36,0.00,0.00,3851,3838
90126A,PINK BERTIE MOBILE PHONE CHARM,3.36,0.00,0.00,3.36,0.00,0.00,3851,3838
23643,SET 10 CARDS CHRISTMAS BAUBLE 16954,3.33,0.00,0.00,3.33,0.00,0.00,3855,3842
84534b,FAIRY CAKE NOTEBOOK A5 SIZE,3.32,0.00,0.00,3.32,0.00,0.00,3856,3843
90187A,BLUE DROP EARRINGS W BEAD CLUSTER,3.32,0.00,0.00,3.32,0.00,0.00,3856,3843
10123C,HEARTS WRAPPING TAPE,3.25,0.00,0.00,3.25,0.00,0.00,3858,3845
47013A,WINE BOTTLE DRESSING LT.BLUE,3.04,0.00,0.00,3.04,0.00,0.00,3859,3846
23602,SET 10 CARDS 3 WISE MEN 17107,2.91,0.00,0.00,2.91,0.00,0.00,3860,3847
23609,SET 10 CARDS SNOWY ROBIN 17099,2.91,0.00,0.00,2.91,0.00,0.00,3860,3847
23628,SET 10 CARDS TRIANGLE ICONS  17220,2.91,0.00,0.00,2.91,0.00,0.00,3860,3847
90183c,BLACK DROP EARRINGS W LONG BEADS,2.90,0.00,0.00,2.90,0.00,0.00,3863,3850
90100,NECKLACE+BRACELET SET PINK DAISY,2.55,0.00,0.00,2.55,0.00,0.00,3864,3851
17028J,INCENSE BAZAAR PEACH,2.52,0.00,0.00,2.52,0.00,0.00,3865,3852
35609A,PINK FEATHER CHRISTMAS DECORATION,2.51,0.00,0.00,2.51,0.00,0.00,3866,3853
62096B,PURPLE/TURQ FLOWERS HANDBAG,2.50,0.00,0.00,2.50,0.00,0.00,3867,3854
90037A,TINY CRYSTAL BRACELET RED,2.48,0.00,0.00,2.48,0.00,0.00,3868,3856
84201B,HAPPY BIRTHDAY CARD STRIPEY TEDDY,2.47,0.00,0.00,2.47,0.00,0.00,3869,3857
82613a,"METAL SIGN,CUPCAKE SINGLE HOOK",2.46,0.00,0.00,2.46,0.00,0.00,3870,3858
84510e,SET OF 4 GREEN CAROUSEL COASTERS,2.46,0.00,0.00,2.46,0.00,0.00,3870,3858
84596l,BISCUITS SMALL BOWL LIGHT BLUE,2.46,0.00,0.00,2.46,0.00,0.00,3870,3858
85049c,ROMANTIC PINKS RIBBONS,2.46,0.00,0.00,2.46,0.00,0.00,3870,3858
85179a,GREEN BITTY LIGHT CHAIN,2.46,0.00,0.00,2.46,0.00,0.00,3870,3858
37330,BIG POLKADOT MUG,2.34,0.00,0.00,2.34,0.00,0.00,3875,3863
46115B,GREEN POP ART MAO CUSHION COVER,2.28,0.00,0.00,2.28,0.00,0.00,3876,3864
77079,DOLPHIN WINDMILL,2.12,0.00,0.00,2.12,0.00,0.00,3877,3865
20860,GOLD COSMETICS BAG WITH BUTTERFLY,2.10,0.00,0.00,2.10,0.00,0.00,3878,3866
21414,SCALLOP SHELL SOAP DISH,2.10,0.00,0.00,2.10,0.00,0.00,3878,3866
47579,TEA TIME BREAKFAST BASKET,2.10,0.00,0.00,2.10,0.00,0.00,3878,3866
85170A,SET/6 IVORY BIRD T-LIGHT CANDLES,2.10,0.00,0.00,2.10,0.00,0.00,3878,3866
90112,PINK DOLLY HAIR CLIPS,2.10,0.00,0.00,2.10,0.00,0.00,3878,3866
81953B,ROUND BLUE CLOCK WITH SUCKER,2.09,0.00,0.00,2.09,0.00,0.00,3883,3871
84731,3 BIRDS CANVAS SCREEN,2.04,0.00,0.00,2.04,0.00,0.00,3884,3872
21491,SET OF THREE VINTAGE GIFT WRAPS,1.95,0.00,0.00,1.95,0.00,0.00,3885,3874
22146,EASTER CRAFT IVY WREATH WITH CHICK,1.95,0.00,0.00,1.95,0.00,0.00,3885,3874
22323,PINK POLKADOT KIDS BAG,1.95,0.00,0.00,1.95,0.00,0.00,3885,3874
90092,BLUE CRYSTAL BOOT PHONE CHARM,1.66,0.00,0.00,1.66,0.00,0.00,3888,3877
23664,FLOWER SHOP DESIGN MUG,1.65,0.00,0.00,1.65,0.00,0.00,3889,3878
84550,CROCHET LILAC/RED BEAR KEYRING,1.65,0.00,0.00,1.65,0.00,0.00,3889,3878
84206C,CHAMPAGNE TRAY BLANK CARD,1.52,0.00,0.00,1.52,0.00,0.00,3891,3880
21009,ETCHED GLASS STAR TREE DECORATION,1.25,0.00,0.00,1.25,0.00,0.00,3892,3881
35597A,DUSTY PINK CHRISTMAS TREE 30CM,1.25,0.00,0.00,1.25,0.00,0.00,3892,3881
35597B,BLACKCHRISTMAS TREE 30CM,1.25,0.00,0.00,1.25,0.00,0.00,3892,3881
37461,FUNKY MONKEY MUG,1.25,0.00,0.00,1.25,0.00,0.00,3892,3881
84569C,PACK 4 FLOWER/BUTTERFLY PATCHES,1.25,0.00,0.00,1.25,0.00,0.00,3892,3881
84743C,ORANGE FELT VASE + FLOWERS,1.25,0.00,0.00,1.25,0.00,0.00,3892,3881
84977,WIRE FLOWER T-LIGHT HOLDER,1.25,0.00,0.00,1.25,0.00,0.00,3892,3881
84990,60 GOLD AND SILVER FAIRY CAKE CASES,1.10,0.00,0.00,1.10,0.00,0.00,3899,3888
84201C,HAPPY BIRTHDAY CARD TEDDY/CAKE,0.95,0.00,0.00,0.95,0.00,0.00,3900,3890
84206B,CAT WITH SUNGLASSES BLANK CARD,0.95,0.00,0.00,0.95,0.00,0.00,3900,3890
90084,PINK CRYSTAL GUITAR PHONE CHARM,0.85,0.00,0.00,0.85,0.00,0.00,3902,3892
21268,VINTAGE BLUE TINSEL REEL,0.84,0.00,0.00,0.84,0.00,0.00,3903,3893
51014c,"FEATHER PEN,COAL BLACK",0.83,0.00,0.00,0.83,0.00,0.00,3904,3894
84227,HEN HOUSE W CHICK IN NEST,0.42,0.00,0.00,0.42,0.00,0.00,3905,3896
PADS,PADS TO MATCH ALL CUSHIONS,0.00,0.00,0.00,0.00,0.00,0.00,3906,3897
20957,PORCELAIN HANGING BELL SMALL,0.00,1.45,0.00,-1.45,,0.00,3907,3903
21412,VINTAGE GOLD TINSEL REEL,0.00,2.52,0.00,-2.52,,0.00,3907,3904
21645,ASSORTED TUTTI FRUTTI ROUND BOX,0.00,39.60,0.00,-39.60,,0.00,3907,3917
35832,WOOLLY HAT SOCK GLOVE ADVENT STRING,0.00,2.95,0.00,-2.95,,0.00,3907,3906
37503,TEA TIME CAKE STAND IN GIFT BOX,0.00,10.75,0.00,-10.75,,0.00,3907,3912
79320,FLAMINGO LIGHTS,0.00,4.95,0.00,-4.95,,0.00,3907,3908
79323W,WHITE CHERRY LIGHTS,0.00,54.00,0.00,-54.00,,0.00,3907,3920
84839,SWEETHEART KEY CABINET,0.00,5.55,0.00,-5.55,,0.00,3907,3909
85023C,PINK LARGE JEWELED PHOTOFRAME,0.00,2.55,0.00,-2.55,,0.00,3907,3905
85042,ANTIQUE LILY FAIRY LIGHTS,0.00,14.85,0.00,-14.85,,0.00,3907,3914
85063,CREAM SWEETHEART MAGAZINE RACK,0.00,46.85,0.00,-46.85,,0.00,3907,3919
85065,CREAM SWEETHEART TRAYS,0.00,12.75,0.00,-12.75,,0.00,3907,3913
85068,CREAM SWEETHEART SHELF + HOOKS,0.00,7.95,0.00,-7.95,,0.00,3907,3911
85098B,BLUE FLYING SINGING CANARY,0.00,3.75,0.00,-3.75,,0.00,3907,3907
